model_name,source_scope,external_source_dataset,probability_type,probability_label,bin_id,bin_low,bin_high,n_bin,mean_predicted_probability,observed_positive_fraction,absolute_calibration_gap
ConvNeXtTiny,pooled_smdg,pooled_smdg,raw_probability,Raw,0,0.0,0.06666666666666667,6750,0.002158722137321333,0.08829629629629629,0.08613757415897495
ConvNeXtTiny,pooled_smdg,pooled_smdg,raw_probability,Raw,1,0.06666666666666667,0.13333333333333333,153,0.09778426914379085,0.21568627450980393,0.11790200536601309
ConvNeXtTiny,pooled_smdg,pooled_smdg,raw_probability,Raw,2,0.13333333333333333,0.2,93,0.16627644677419354,0.23655913978494625,0.07028269301075271
ConvNeXtTiny,pooled_smdg,pooled_smdg,raw_probability,Raw,3,0.2,0.26666666666666666,65,0.22536608076923076,0.16923076923076924,0.05613531153846152
ConvNeXtTiny,pooled_smdg,pooled_smdg,raw_probability,Raw,4,0.26666666666666666,0.3333333333333333,52,0.2984315232692308,0.2692307692307692,0.029200754038461563
ConvNeXtTiny,pooled_smdg,pooled_smdg,raw_probability,Raw,5,0.3333333333333333,0.4,36,0.3647872461111111,0.2222222222222222,0.14256502388888886
ConvNeXtTiny,pooled_smdg,pooled_smdg,raw_probability,Raw,6,0.4,0.4666666666666667,47,0.4308091557446808,0.3191489361702128,0.11166021957446803
ConvNeXtTiny,pooled_smdg,pooled_smdg,raw_probability,Raw,7,0.4666666666666667,0.5333333333333333,28,0.5007775067857143,0.17857142857142858,0.3222060782142857
ConvNeXtTiny,pooled_smdg,pooled_smdg,raw_probability,Raw,8,0.5333333333333333,0.6,41,0.5676285429268292,0.2682926829268293,0.2993358599999999
ConvNeXtTiny,pooled_smdg,pooled_smdg,raw_probability,Raw,9,0.6,0.6666666666666666,35,0.6365220345714285,0.3142857142857143,0.32223632028571425
ConvNeXtTiny,pooled_smdg,pooled_smdg,raw_probability,Raw,10,0.6666666666666666,0.7333333333333333,45,0.70076402,0.13333333333333333,0.5674306866666667
ConvNeXtTiny,pooled_smdg,pooled_smdg,raw_probability,Raw,11,0.7333333333333333,0.8,42,0.7700366949999998,0.21428571428571427,0.5557509807142855
ConvNeXtTiny,pooled_smdg,pooled_smdg,raw_probability,Raw,12,0.8,0.8666666666666667,56,0.8372612626785714,0.26785714285714285,0.5694041198214286
ConvNeXtTiny,pooled_smdg,pooled_smdg,raw_probability,Raw,13,0.8666666666666667,0.9333333333333333,88,0.9070588343181818,0.3522727272727273,0.5547861070454545
ConvNeXtTiny,pooled_smdg,pooled_smdg,raw_probability,Raw,14,0.9333333333333333,1.0,1096,0.9931467704379562,0.5693430656934306,0.42380370474452556
ConvNeXtTiny,source_level,BEH,raw_probability,Raw,0,0.0,0.06666666666666667,458,0.0025999641880262007,0.14847161572052403,0.14587165153249784
ConvNeXtTiny,source_level,BEH,raw_probability,Raw,1,0.06666666666666667,0.13333333333333333,19,0.09744663610526316,0.3157894736842105,0.21834283757894735
ConvNeXtTiny,source_level,BEH,raw_probability,Raw,2,0.13333333333333333,0.2,3,0.18527000999999998,0.3333333333333333,0.14806332333333333
ConvNeXtTiny,source_level,BEH,raw_probability,Raw,3,0.2,0.26666666666666666,6,0.227172195,0.16666666666666666,0.060505528333333336
ConvNeXtTiny,source_level,BEH,raw_probability,Raw,4,0.26666666666666666,0.3333333333333333,4,0.2929528475,0.5,0.2070471525
ConvNeXtTiny,source_level,BEH,raw_probability,Raw,5,0.3333333333333333,0.4,3,0.38245598666666664,0.0,0.38245598666666664
ConvNeXtTiny,source_level,BEH,raw_probability,Raw,6,0.4,0.4666666666666667,6,0.43348177499999996,0.5,0.06651822500000004
ConvNeXtTiny,source_level,BEH,raw_probability,Raw,7,0.4666666666666667,0.5333333333333333,3,0.4929866600000001,0.0,0.4929866600000001
ConvNeXtTiny,source_level,BEH,raw_probability,Raw,8,0.5333333333333333,0.6,5,0.5717006120000001,0.2,0.3717006120000001
ConvNeXtTiny,source_level,BEH,raw_probability,Raw,9,0.6,0.6666666666666666,4,0.6413119425,0.25,0.3913119425
ConvNeXtTiny,source_level,BEH,raw_probability,Raw,10,0.6666666666666666,0.7333333333333333,4,0.694632955,0.0,0.694632955
ConvNeXtTiny,source_level,BEH,raw_probability,Raw,11,0.7333333333333333,0.8,2,0.782756955,0.5,0.282756955
ConvNeXtTiny,source_level,BEH,raw_probability,Raw,12,0.8,0.8666666666666667,3,0.8430202333333333,0.3333333333333333,0.5096868999999999
ConvNeXtTiny,source_level,BEH,raw_probability,Raw,13,0.8666666666666667,0.9333333333333333,10,0.9189086449999999,0.5,0.4189086449999999
ConvNeXtTiny,source_level,BEH,raw_probability,Raw,14,0.9333333333333333,1.0,104,0.9970313400961539,0.7788461538461539,0.21818518625000005
ConvNeXtTiny,source_level,CRFO-v4,raw_probability,Raw,0,0.0,0.06666666666666667,45,0.005317594349888889,0.5777777777777777,0.5724601834278888
ConvNeXtTiny,source_level,CRFO-v4,raw_probability,Raw,1,0.06666666666666667,0.13333333333333333,1,0.09169491,1.0,0.90830509
ConvNeXtTiny,source_level,CRFO-v4,raw_probability,Raw,2,0.13333333333333333,0.2,3,0.15899998666666668,0.6666666666666666,0.5076666799999999
ConvNeXtTiny,source_level,CRFO-v4,raw_probability,Raw,3,0.2,0.26666666666666666,2,0.216808145,0.0,0.216808145
ConvNeXtTiny,source_level,CRFO-v4,raw_probability,Raw,4,0.26666666666666666,0.3333333333333333,0,,,
ConvNeXtTiny,source_level,CRFO-v4,raw_probability,Raw,5,0.3333333333333333,0.4,0,,,
ConvNeXtTiny,source_level,CRFO-v4,raw_probability,Raw,6,0.4,0.4666666666666667,3,0.41623896,0.6666666666666666,0.25042770666666664
ConvNeXtTiny,source_level,CRFO-v4,raw_probability,Raw,7,0.4666666666666667,0.5333333333333333,0,,,
ConvNeXtTiny,source_level,CRFO-v4,raw_probability,Raw,8,0.5333333333333333,0.6,0,,,
ConvNeXtTiny,source_level,CRFO-v4,raw_probability,Raw,9,0.6,0.6666666666666666,0,,,
ConvNeXtTiny,source_level,CRFO-v4,raw_probability,Raw,10,0.6666666666666666,0.7333333333333333,2,0.703558805,0.0,0.703558805
ConvNeXtTiny,source_level,CRFO-v4,raw_probability,Raw,11,0.7333333333333333,0.8,1,0.75665057,1.0,0.24334942999999998
ConvNeXtTiny,source_level,CRFO-v4,raw_probability,Raw,12,0.8,0.8666666666666667,4,0.8510944500000002,0.5,0.35109445000000017
ConvNeXtTiny,source_level,CRFO-v4,raw_probability,Raw,13,0.8666666666666667,0.9333333333333333,0,,,
ConvNeXtTiny,source_level,CRFO-v4,raw_probability,Raw,14,0.9333333333333333,1.0,18,0.9887821555555555,0.7777777777777778,0.2110043777777777
ConvNeXtTiny,source_level,DR-HAGIS,raw_probability,Raw,0,0.0,0.06666666666666667,3,0.0002620623933333334,1.0,0.9997379376066666
ConvNeXtTiny,source_level,DR-HAGIS,raw_probability,Raw,1,0.06666666666666667,0.13333333333333333,2,0.09849239300000001,1.0,0.901507607
ConvNeXtTiny,source_level,DR-HAGIS,raw_probability,Raw,2,0.13333333333333333,0.2,0,,,
ConvNeXtTiny,source_level,DR-HAGIS,raw_probability,Raw,3,0.2,0.26666666666666666,0,,,
ConvNeXtTiny,source_level,DR-HAGIS,raw_probability,Raw,4,0.26666666666666666,0.3333333333333333,0,,,
ConvNeXtTiny,source_level,DR-HAGIS,raw_probability,Raw,5,0.3333333333333333,0.4,0,,,
ConvNeXtTiny,source_level,DR-HAGIS,raw_probability,Raw,6,0.4,0.4666666666666667,0,,,
ConvNeXtTiny,source_level,DR-HAGIS,raw_probability,Raw,7,0.4666666666666667,0.5333333333333333,0,,,
ConvNeXtTiny,source_level,DR-HAGIS,raw_probability,Raw,8,0.5333333333333333,0.6,0,,,
ConvNeXtTiny,source_level,DR-HAGIS,raw_probability,Raw,9,0.6,0.6666666666666666,0,,,
ConvNeXtTiny,source_level,DR-HAGIS,raw_probability,Raw,10,0.6666666666666666,0.7333333333333333,0,,,
ConvNeXtTiny,source_level,DR-HAGIS,raw_probability,Raw,11,0.7333333333333333,0.8,0,,,
ConvNeXtTiny,source_level,DR-HAGIS,raw_probability,Raw,12,0.8,0.8666666666666667,0,,,
ConvNeXtTiny,source_level,DR-HAGIS,raw_probability,Raw,13,0.8666666666666667,0.9333333333333333,0,,,
ConvNeXtTiny,source_level,DR-HAGIS,raw_probability,Raw,14,0.9333333333333333,1.0,5,0.9910370159999999,1.0,0.008962984000000063
ConvNeXtTiny,source_level,DRISHTI-GS1,raw_probability,Raw,0,0.0,0.06666666666666667,34,0.0014273356830294117,0.3235294117647059,0.3221020760816765
ConvNeXtTiny,source_level,DRISHTI-GS1,raw_probability,Raw,1,0.06666666666666667,0.13333333333333333,4,0.0914211375,0.5,0.4085788625
ConvNeXtTiny,source_level,DRISHTI-GS1,raw_probability,Raw,2,0.13333333333333333,0.2,1,0.163801,1.0,0.836199
ConvNeXtTiny,source_level,DRISHTI-GS1,raw_probability,Raw,3,0.2,0.26666666666666666,0,,,
ConvNeXtTiny,source_level,DRISHTI-GS1,raw_probability,Raw,4,0.26666666666666666,0.3333333333333333,0,,,
ConvNeXtTiny,source_level,DRISHTI-GS1,raw_probability,Raw,5,0.3333333333333333,0.4,0,,,
ConvNeXtTiny,source_level,DRISHTI-GS1,raw_probability,Raw,6,0.4,0.4666666666666667,0,,,
ConvNeXtTiny,source_level,DRISHTI-GS1,raw_probability,Raw,7,0.4666666666666667,0.5333333333333333,1,0.5280443,0.0,0.5280443
ConvNeXtTiny,source_level,DRISHTI-GS1,raw_probability,Raw,8,0.5333333333333333,0.6,2,0.5638141299999999,1.0,0.4361858700000001
ConvNeXtTiny,source_level,DRISHTI-GS1,raw_probability,Raw,9,0.6,0.6666666666666666,1,0.6088981,1.0,0.3911019
ConvNeXtTiny,source_level,DRISHTI-GS1,raw_probability,Raw,10,0.6666666666666666,0.7333333333333333,1,0.7142369,0.0,0.7142369
ConvNeXtTiny,source_level,DRISHTI-GS1,raw_probability,Raw,11,0.7333333333333333,0.8,0,,,
ConvNeXtTiny,source_level,DRISHTI-GS1,raw_probability,Raw,12,0.8,0.8666666666666667,3,0.8171068233333334,1.0,0.1828931766666666
ConvNeXtTiny,source_level,DRISHTI-GS1,raw_probability,Raw,13,0.8666666666666667,0.9333333333333333,2,0.88146923,1.0,0.11853077000000001
ConvNeXtTiny,source_level,DRISHTI-GS1,raw_probability,Raw,14,0.9333333333333333,1.0,52,0.9936683473076923,0.9230769230769231,0.07059142423076914
ConvNeXtTiny,source_level,FIVES,raw_probability,Raw,0,0.0,0.06666666666666667,270,0.0018509079446555553,0.2222222222222222,0.22037131427756665
ConvNeXtTiny,source_level,FIVES,raw_probability,Raw,1,0.06666666666666667,0.13333333333333333,3,0.10550568666666667,0.6666666666666666,0.5611609799999999
ConvNeXtTiny,source_level,FIVES,raw_probability,Raw,2,0.13333333333333333,0.2,2,0.190049425,0.5,0.309950575
ConvNeXtTiny,source_level,FIVES,raw_probability,Raw,3,0.2,0.26666666666666666,2,0.2244889,1.0,0.7755111
ConvNeXtTiny,source_level,FIVES,raw_probability,Raw,4,0.26666666666666666,0.3333333333333333,1,0.27466697,0.0,0.27466697
ConvNeXtTiny,source_level,FIVES,raw_probability,Raw,5,0.3333333333333333,0.4,2,0.35687092,0.5,0.14312908000000002
ConvNeXtTiny,source_level,FIVES,raw_probability,Raw,6,0.4,0.4666666666666667,1,0.43258336,1.0,0.56741664
ConvNeXtTiny,source_level,FIVES,raw_probability,Raw,7,0.4666666666666667,0.5333333333333333,2,0.496875555,1.0,0.503124445
ConvNeXtTiny,source_level,FIVES,raw_probability,Raw,8,0.5333333333333333,0.6,1,0.5343386,1.0,0.4656614
ConvNeXtTiny,source_level,FIVES,raw_probability,Raw,9,0.6,0.6666666666666666,2,0.651047865,1.0,0.348952135
ConvNeXtTiny,source_level,FIVES,raw_probability,Raw,10,0.6666666666666666,0.7333333333333333,2,0.6832596,0.5,0.18325959999999997
ConvNeXtTiny,source_level,FIVES,raw_probability,Raw,11,0.7333333333333333,0.8,3,0.7624352166666667,0.6666666666666666,0.09576855000000006
ConvNeXtTiny,source_level,FIVES,raw_probability,Raw,12,0.8,0.8666666666666667,2,0.8526187300000001,0.5,0.3526187300000001
ConvNeXtTiny,source_level,FIVES,raw_probability,Raw,13,0.8666666666666667,0.9333333333333333,2,0.9063655749999999,0.5,0.4063655749999999
ConvNeXtTiny,source_level,FIVES,raw_probability,Raw,14,0.9333333333333333,1.0,105,0.9965878432380952,0.6952380952380952,0.30134974800000003
ConvNeXtTiny,source_level,G1020,raw_probability,Raw,0,0.0,0.06666666666666667,857,0.002009424792386231,0.2882147024504084,0.2862052776580222
ConvNeXtTiny,source_level,G1020,raw_probability,Raw,1,0.06666666666666667,0.13333333333333333,17,0.09626499935294118,0.35294117647058826,0.25667617711764706
ConvNeXtTiny,source_level,G1020,raw_probability,Raw,2,0.13333333333333333,0.2,14,0.17356117500000004,0.35714285714285715,0.1835816821428571
ConvNeXtTiny,source_level,G1020,raw_probability,Raw,3,0.2,0.26666666666666666,12,0.22219501750000004,0.08333333333333333,0.13886168416666672
ConvNeXtTiny,source_level,G1020,raw_probability,Raw,4,0.26666666666666666,0.3333333333333333,3,0.2896650233333333,0.3333333333333333,0.04366830999999999
ConvNeXtTiny,source_level,G1020,raw_probability,Raw,5,0.3333333333333333,0.4,8,0.35599211625,0.625,0.26900788375
ConvNeXtTiny,source_level,G1020,raw_probability,Raw,6,0.4,0.4666666666666667,7,0.42624862571428573,0.5714285714285714,0.14517994571428566
ConvNeXtTiny,source_level,G1020,raw_probability,Raw,7,0.4666666666666667,0.5333333333333333,3,0.5108666133333334,0.0,0.5108666133333334
ConvNeXtTiny,source_level,G1020,raw_probability,Raw,8,0.5333333333333333,0.6,4,0.570793135,0.25,0.32079313499999995
ConvNeXtTiny,source_level,G1020,raw_probability,Raw,9,0.6,0.6666666666666666,3,0.6417152633333334,0.0,0.6417152633333334
ConvNeXtTiny,source_level,G1020,raw_probability,Raw,10,0.6666666666666666,0.7333333333333333,7,0.6914534000000001,0.0,0.6914534000000001
ConvNeXtTiny,source_level,G1020,raw_probability,Raw,11,0.7333333333333333,0.8,5,0.776040446,0.2,0.5760404459999999
ConvNeXtTiny,source_level,G1020,raw_probability,Raw,12,0.8,0.8666666666666667,9,0.8440543933333334,0.3333333333333333,0.5107210600000001
ConvNeXtTiny,source_level,G1020,raw_probability,Raw,13,0.8666666666666667,0.9333333333333333,14,0.9091593964285714,0.5,0.40915939642857135
ConvNeXtTiny,source_level,G1020,raw_probability,Raw,14,0.9333333333333333,1.0,57,0.9898757040350877,0.2631578947368421,0.7267178092982456
ConvNeXtTiny,source_level,HRF,raw_probability,Raw,0,0.0,0.06666666666666667,12,0.006242028249166667,0.16666666666666666,0.1604246384175
ConvNeXtTiny,source_level,HRF,raw_probability,Raw,1,0.06666666666666667,0.13333333333333333,1,0.09090168,0.0,0.09090168
ConvNeXtTiny,source_level,HRF,raw_probability,Raw,2,0.13333333333333333,0.2,1,0.1644771,0.0,0.1644771
ConvNeXtTiny,source_level,HRF,raw_probability,Raw,3,0.2,0.26666666666666666,0,,,
ConvNeXtTiny,source_level,HRF,raw_probability,Raw,4,0.26666666666666666,0.3333333333333333,0,,,
ConvNeXtTiny,source_level,HRF,raw_probability,Raw,5,0.3333333333333333,0.4,0,,,
ConvNeXtTiny,source_level,HRF,raw_probability,Raw,6,0.4,0.4666666666666667,0,,,
ConvNeXtTiny,source_level,HRF,raw_probability,Raw,7,0.4666666666666667,0.5333333333333333,2,0.496074335,0.5,0.003925665000000023
ConvNeXtTiny,source_level,HRF,raw_probability,Raw,8,0.5333333333333333,0.6,0,,,
ConvNeXtTiny,source_level,HRF,raw_probability,Raw,9,0.6,0.6666666666666666,1,0.64696765,1.0,0.35303235
ConvNeXtTiny,source_level,HRF,raw_probability,Raw,10,0.6666666666666666,0.7333333333333333,1,0.7129593,1.0,0.28704070000000004
ConvNeXtTiny,source_level,HRF,raw_probability,Raw,11,0.7333333333333333,0.8,0,,,
ConvNeXtTiny,source_level,HRF,raw_probability,Raw,12,0.8,0.8666666666666667,1,0.8397434,1.0,0.16025659999999997
ConvNeXtTiny,source_level,HRF,raw_probability,Raw,13,0.8666666666666667,0.9333333333333333,0,,,
ConvNeXtTiny,source_level,HRF,raw_probability,Raw,14,0.9333333333333333,1.0,11,0.9968629418181819,0.8181818181818182,0.17868112363636368
ConvNeXtTiny,source_level,JSIEC-1000,raw_probability,Raw,0,0.0,0.06666666666666667,38,0.00014566560665789472,0.0,0.00014566560665789472
ConvNeXtTiny,source_level,JSIEC-1000,raw_probability,Raw,1,0.06666666666666667,0.13333333333333333,0,,,
ConvNeXtTiny,source_level,JSIEC-1000,raw_probability,Raw,2,0.13333333333333333,0.2,0,,,
ConvNeXtTiny,source_level,JSIEC-1000,raw_probability,Raw,3,0.2,0.26666666666666666,0,,,
ConvNeXtTiny,source_level,JSIEC-1000,raw_probability,Raw,4,0.26666666666666666,0.3333333333333333,0,,,
ConvNeXtTiny,source_level,JSIEC-1000,raw_probability,Raw,5,0.3333333333333333,0.4,0,,,
ConvNeXtTiny,source_level,JSIEC-1000,raw_probability,Raw,6,0.4,0.4666666666666667,0,,,
ConvNeXtTiny,source_level,JSIEC-1000,raw_probability,Raw,7,0.4666666666666667,0.5333333333333333,0,,,
ConvNeXtTiny,source_level,JSIEC-1000,raw_probability,Raw,8,0.5333333333333333,0.6,0,,,
ConvNeXtTiny,source_level,JSIEC-1000,raw_probability,Raw,9,0.6,0.6666666666666666,0,,,
ConvNeXtTiny,source_level,JSIEC-1000,raw_probability,Raw,10,0.6666666666666666,0.7333333333333333,0,,,
ConvNeXtTiny,source_level,JSIEC-1000,raw_probability,Raw,11,0.7333333333333333,0.8,0,,,
ConvNeXtTiny,source_level,JSIEC-1000,raw_probability,Raw,12,0.8,0.8666666666666667,0,,,
ConvNeXtTiny,source_level,JSIEC-1000,raw_probability,Raw,13,0.8666666666666667,0.9333333333333333,0,,,
ConvNeXtTiny,source_level,JSIEC-1000,raw_probability,Raw,14,0.9333333333333333,1.0,0,,,
ConvNeXtTiny,source_level,LES-AV,raw_probability,Raw,0,0.0,0.06666666666666667,8,0.0075698989125,0.125,0.1174301010875
ConvNeXtTiny,source_level,LES-AV,raw_probability,Raw,1,0.06666666666666667,0.13333333333333333,0,,,
ConvNeXtTiny,source_level,LES-AV,raw_probability,Raw,2,0.13333333333333333,0.2,0,,,
ConvNeXtTiny,source_level,LES-AV,raw_probability,Raw,3,0.2,0.26666666666666666,0,,,
ConvNeXtTiny,source_level,LES-AV,raw_probability,Raw,4,0.26666666666666666,0.3333333333333333,0,,,
ConvNeXtTiny,source_level,LES-AV,raw_probability,Raw,5,0.3333333333333333,0.4,1,0.36288294,0.0,0.36288294
ConvNeXtTiny,source_level,LES-AV,raw_probability,Raw,6,0.4,0.4666666666666667,0,,,
ConvNeXtTiny,source_level,LES-AV,raw_probability,Raw,7,0.4666666666666667,0.5333333333333333,1,0.4819282,0.0,0.4819282
ConvNeXtTiny,source_level,LES-AV,raw_probability,Raw,8,0.5333333333333333,0.6,0,,,
ConvNeXtTiny,source_level,LES-AV,raw_probability,Raw,9,0.6,0.6666666666666666,0,,,
ConvNeXtTiny,source_level,LES-AV,raw_probability,Raw,10,0.6666666666666666,0.7333333333333333,0,,,
ConvNeXtTiny,source_level,LES-AV,raw_probability,Raw,11,0.7333333333333333,0.8,0,,,
ConvNeXtTiny,source_level,LES-AV,raw_probability,Raw,12,0.8,0.8666666666666667,0,,,
ConvNeXtTiny,source_level,LES-AV,raw_probability,Raw,13,0.8666666666666667,0.9333333333333333,1,0.9114376,1.0,0.08856240000000004
ConvNeXtTiny,source_level,LES-AV,raw_probability,Raw,14,0.9333333333333333,1.0,11,0.9922209009090909,0.8181818181818182,0.17403908272727264
ConvNeXtTiny,source_level,OIA-ODIR-TEST-OFFLINE,raw_probability,Raw,0,0.0,0.06666666666666667,335,0.0025472717666507466,0.026865671641791045,0.024318399875140298
ConvNeXtTiny,source_level,OIA-ODIR-TEST-OFFLINE,raw_probability,Raw,1,0.06666666666666667,0.13333333333333333,15,0.10010722753333333,0.06666666666666667,0.03344056086666666
ConvNeXtTiny,source_level,OIA-ODIR-TEST-OFFLINE,raw_probability,Raw,2,0.13333333333333333,0.2,11,0.15812223727272728,0.0,0.15812223727272728
ConvNeXtTiny,source_level,OIA-ODIR-TEST-OFFLINE,raw_probability,Raw,3,0.2,0.26666666666666666,3,0.23717609666666664,0.0,0.23717609666666664
ConvNeXtTiny,source_level,OIA-ODIR-TEST-OFFLINE,raw_probability,Raw,4,0.26666666666666666,0.3333333333333333,4,0.30608598,0.0,0.30608598
ConvNeXtTiny,source_level,OIA-ODIR-TEST-OFFLINE,raw_probability,Raw,5,0.3333333333333333,0.4,1,0.34407347,0.0,0.34407347
ConvNeXtTiny,source_level,OIA-ODIR-TEST-OFFLINE,raw_probability,Raw,6,0.4,0.4666666666666667,2,0.42216653000000004,0.0,0.42216653000000004
ConvNeXtTiny,source_level,OIA-ODIR-TEST-OFFLINE,raw_probability,Raw,7,0.4666666666666667,0.5333333333333333,0,,,
ConvNeXtTiny,source_level,OIA-ODIR-TEST-OFFLINE,raw_probability,Raw,8,0.5333333333333333,0.6,2,0.53707315,0.0,0.53707315
ConvNeXtTiny,source_level,OIA-ODIR-TEST-OFFLINE,raw_probability,Raw,9,0.6,0.6666666666666666,4,0.6526158575000001,0.0,0.6526158575000001
ConvNeXtTiny,source_level,OIA-ODIR-TEST-OFFLINE,raw_probability,Raw,10,0.6666666666666666,0.7333333333333333,0,,,
ConvNeXtTiny,source_level,OIA-ODIR-TEST-OFFLINE,raw_probability,Raw,11,0.7333333333333333,0.8,2,0.771407635,0.0,0.771407635
ConvNeXtTiny,source_level,OIA-ODIR-TEST-OFFLINE,raw_probability,Raw,12,0.8,0.8666666666666667,3,0.8253628900000001,0.0,0.8253628900000001
ConvNeXtTiny,source_level,OIA-ODIR-TEST-OFFLINE,raw_probability,Raw,13,0.8666666666666667,0.9333333333333333,5,0.889632844,0.4,0.48963284399999996
ConvNeXtTiny,source_level,OIA-ODIR-TEST-OFFLINE,raw_probability,Raw,14,0.9333333333333333,1.0,66,0.9889618525757574,0.36363636363636365,0.6253254889393938
ConvNeXtTiny,source_level,OIA-ODIR-TEST-ONLINE,raw_probability,Raw,0,0.0,0.06666666666666667,656,0.002476965485762195,0.006097560975609756,0.0036205954898475613
ConvNeXtTiny,source_level,OIA-ODIR-TEST-ONLINE,raw_probability,Raw,1,0.06666666666666667,0.13333333333333333,20,0.09558727395000001,0.0,0.09558727395000001
ConvNeXtTiny,source_level,OIA-ODIR-TEST-ONLINE,raw_probability,Raw,2,0.13333333333333333,0.2,4,0.147150585,0.0,0.147150585
ConvNeXtTiny,source_level,OIA-ODIR-TEST-ONLINE,raw_probability,Raw,3,0.2,0.26666666666666666,5,0.22171000200000002,0.0,0.22171000200000002
ConvNeXtTiny,source_level,OIA-ODIR-TEST-ONLINE,raw_probability,Raw,4,0.26666666666666666,0.3333333333333333,7,0.3002886757142857,0.0,0.3002886757142857
ConvNeXtTiny,source_level,OIA-ODIR-TEST-ONLINE,raw_probability,Raw,5,0.3333333333333333,0.4,5,0.36979976600000003,0.0,0.36979976600000003
ConvNeXtTiny,source_level,OIA-ODIR-TEST-ONLINE,raw_probability,Raw,6,0.4,0.4666666666666667,4,0.450256365,0.0,0.450256365
ConvNeXtTiny,source_level,OIA-ODIR-TEST-ONLINE,raw_probability,Raw,7,0.4666666666666667,0.5333333333333333,4,0.5077057675000001,0.0,0.5077057675000001
ConvNeXtTiny,source_level,OIA-ODIR-TEST-ONLINE,raw_probability,Raw,8,0.5333333333333333,0.6,6,0.5704305083333333,0.16666666666666666,0.4037638416666667
ConvNeXtTiny,source_level,OIA-ODIR-TEST-ONLINE,raw_probability,Raw,9,0.6,0.6666666666666666,2,0.6328522000000001,0.0,0.6328522000000001
ConvNeXtTiny,source_level,OIA-ODIR-TEST-ONLINE,raw_probability,Raw,10,0.6666666666666666,0.7333333333333333,7,0.69383557,0.14285714285714285,0.550978427142857
ConvNeXtTiny,source_level,OIA-ODIR-TEST-ONLINE,raw_probability,Raw,11,0.7333333333333333,0.8,7,0.766386417142857,0.0,0.766386417142857
ConvNeXtTiny,source_level,OIA-ODIR-TEST-ONLINE,raw_probability,Raw,12,0.8,0.8666666666666667,4,0.8235052875000001,0.0,0.8235052875000001
ConvNeXtTiny,source_level,OIA-ODIR-TEST-ONLINE,raw_probability,Raw,13,0.8666666666666667,0.9333333333333333,8,0.91710443875,0.375,0.54210443875
ConvNeXtTiny,source_level,OIA-ODIR-TEST-ONLINE,raw_probability,Raw,14,0.9333333333333333,1.0,121,0.9933722732231404,0.4049586776859504,0.58841359553719
ConvNeXtTiny,source_level,OIA-ODIR-TRAIN,raw_probability,Raw,0,0.0,0.06666666666666667,2475,0.0023534772311018183,0.007676767676767677,0.005323290445665858
ConvNeXtTiny,source_level,OIA-ODIR-TRAIN,raw_probability,Raw,1,0.06666666666666667,0.13333333333333333,46,0.09600344467391304,0.043478260869565216,0.05252518380434783
ConvNeXtTiny,source_level,OIA-ODIR-TRAIN,raw_probability,Raw,2,0.13333333333333333,0.2,30,0.16194908700000007,0.03333333333333333,0.12861575366666675
ConvNeXtTiny,source_level,OIA-ODIR-TRAIN,raw_probability,Raw,3,0.2,0.26666666666666666,26,0.22275337884615384,0.11538461538461539,0.10736876346153845
ConvNeXtTiny,source_level,OIA-ODIR-TRAIN,raw_probability,Raw,4,0.26666666666666666,0.3333333333333333,22,0.2972173181818181,0.13636363636363635,0.16085368181818177
ConvNeXtTiny,source_level,OIA-ODIR-TRAIN,raw_probability,Raw,5,0.3333333333333333,0.4,10,0.362228555,0.0,0.362228555
ConvNeXtTiny,source_level,OIA-ODIR-TRAIN,raw_probability,Raw,6,0.4,0.4666666666666667,19,0.4261814278947368,0.10526315789473684,0.32091826999999995
ConvNeXtTiny,source_level,OIA-ODIR-TRAIN,raw_probability,Raw,7,0.4666666666666667,0.5333333333333333,9,0.4965858777777778,0.0,0.4965858777777778
ConvNeXtTiny,source_level,OIA-ODIR-TRAIN,raw_probability,Raw,8,0.5333333333333333,0.6,18,0.5708286716666666,0.2222222222222222,0.3486064494444444
ConvNeXtTiny,source_level,OIA-ODIR-TRAIN,raw_probability,Raw,9,0.6,0.6666666666666666,15,0.63237533,0.2,0.43237533
ConvNeXtTiny,source_level,OIA-ODIR-TRAIN,raw_probability,Raw,10,0.6666666666666666,0.7333333333333333,18,0.7069740377777778,0.05555555555555555,0.6514184822222222
ConvNeXtTiny,source_level,OIA-ODIR-TRAIN,raw_probability,Raw,11,0.7333333333333333,0.8,16,0.769833764375,0.0625,0.707333764375
ConvNeXtTiny,source_level,OIA-ODIR-TRAIN,raw_probability,Raw,12,0.8,0.8666666666666667,23,0.8346260673913044,0.08695652173913043,0.747669545652174
ConvNeXtTiny,source_level,OIA-ODIR-TRAIN,raw_probability,Raw,13,0.8666666666666667,0.9333333333333333,36,0.9052749766666667,0.1388888888888889,0.7663860877777777
ConvNeXtTiny,source_level,OIA-ODIR-TRAIN,raw_probability,Raw,14,0.9333333333333333,1.0,366,0.9917154368579235,0.412568306010929,0.5791471308469945
ConvNeXtTiny,source_level,ORIGA,raw_probability,Raw,0,0.0,0.06666666666666667,495,0.00196948067399798,0.1414141414141414,0.13944466074014342
ConvNeXtTiny,source_level,ORIGA,raw_probability,Raw,1,0.06666666666666667,0.13333333333333333,11,0.10572070854545455,0.2727272727272727,0.16700656418181814
ConvNeXtTiny,source_level,ORIGA,raw_probability,Raw,2,0.13333333333333333,0.2,12,0.1745851416666667,0.5,0.3254148583333333
ConvNeXtTiny,source_level,ORIGA,raw_probability,Raw,3,0.2,0.26666666666666666,5,0.241857962,0.4,0.158142038
ConvNeXtTiny,source_level,ORIGA,raw_probability,Raw,4,0.26666666666666666,0.3333333333333333,8,0.29937318874999996,0.75,0.45062681125000004
ConvNeXtTiny,source_level,ORIGA,raw_probability,Raw,5,0.3333333333333333,0.4,3,0.37297306666666663,0.3333333333333333,0.039639733333333316
ConvNeXtTiny,source_level,ORIGA,raw_probability,Raw,6,0.4,0.4666666666666667,2,0.44707915,0.5,0.05292085000000002
ConvNeXtTiny,source_level,ORIGA,raw_probability,Raw,7,0.4666666666666667,0.5333333333333333,1,0.5195486,1.0,0.4804514
ConvNeXtTiny,source_level,ORIGA,raw_probability,Raw,8,0.5333333333333333,0.6,3,0.5658274533333333,0.3333333333333333,0.23249411999999997
ConvNeXtTiny,source_level,ORIGA,raw_probability,Raw,9,0.6,0.6666666666666666,3,0.6227061300000001,1.0,0.3772938699999999
ConvNeXtTiny,source_level,ORIGA,raw_probability,Raw,10,0.6666666666666666,0.7333333333333333,3,0.7108202,0.6666666666666666,0.044153533333333383
ConvNeXtTiny,source_level,ORIGA,raw_probability,Raw,11,0.7333333333333333,0.8,2,0.7624850999999999,0.5,0.2624850999999999
ConvNeXtTiny,source_level,ORIGA,raw_probability,Raw,12,0.8,0.8666666666666667,2,0.8480258199999999,0.5,0.34802581999999993
ConvNeXtTiny,source_level,ORIGA,raw_probability,Raw,13,0.8666666666666667,0.9333333333333333,7,0.905627952857143,0.42857142857142855,0.4770565242857145
ConvNeXtTiny,source_level,ORIGA,raw_probability,Raw,14,0.9333333333333333,1.0,93,0.9924863865591399,0.7204301075268817,0.27205627903225815
ConvNeXtTiny,source_level,REFUGE1-train,raw_probability,Raw,0,0.0,0.06666666666666667,367,0.0006217433268419619,0.02997275204359673,0.029351008716754768
ConvNeXtTiny,source_level,REFUGE1-train,raw_probability,Raw,1,0.06666666666666667,0.13333333333333333,3,0.09177866533333334,1.0,0.9082213346666667
ConvNeXtTiny,source_level,REFUGE1-train,raw_probability,Raw,2,0.13333333333333333,0.2,0,,,
ConvNeXtTiny,source_level,REFUGE1-train,raw_probability,Raw,3,0.2,0.26666666666666666,1,0.24880126,0.0,0.24880126
ConvNeXtTiny,source_level,REFUGE1-train,raw_probability,Raw,4,0.26666666666666666,0.3333333333333333,0,,,
ConvNeXtTiny,source_level,REFUGE1-train,raw_probability,Raw,5,0.3333333333333333,0.4,1,0.39521727,0.0,0.39521727
ConvNeXtTiny,source_level,REFUGE1-train,raw_probability,Raw,6,0.4,0.4666666666666667,0,,,
ConvNeXtTiny,source_level,REFUGE1-train,raw_probability,Raw,7,0.4666666666666667,0.5333333333333333,0,,,
ConvNeXtTiny,source_level,REFUGE1-train,raw_probability,Raw,8,0.5333333333333333,0.6,0,,,
ConvNeXtTiny,source_level,REFUGE1-train,raw_probability,Raw,9,0.6,0.6666666666666666,0,,,
ConvNeXtTiny,source_level,REFUGE1-train,raw_probability,Raw,10,0.6666666666666666,0.7333333333333333,0,,,
ConvNeXtTiny,source_level,REFUGE1-train,raw_probability,Raw,11,0.7333333333333333,0.8,0,,,
ConvNeXtTiny,source_level,REFUGE1-train,raw_probability,Raw,12,0.8,0.8666666666666667,0,,,
ConvNeXtTiny,source_level,REFUGE1-train,raw_probability,Raw,13,0.8666666666666667,0.9333333333333333,0,,,
ConvNeXtTiny,source_level,REFUGE1-train,raw_probability,Raw,14,0.9333333333333333,1.0,28,0.9965486717857143,0.9285714285714286,0.06797724321428567
ConvNeXtTiny,source_level,REFUGE1-val,raw_probability,Raw,0,0.0,0.06666666666666667,358,0.001678332605810056,0.027932960893854747,0.02625462828804469
ConvNeXtTiny,source_level,REFUGE1-val,raw_probability,Raw,1,0.06666666666666667,0.13333333333333333,5,0.11028866000000001,0.0,0.11028866000000001
ConvNeXtTiny,source_level,REFUGE1-val,raw_probability,Raw,2,0.13333333333333333,0.2,6,0.161046885,0.3333333333333333,0.17228644833333331
ConvNeXtTiny,source_level,REFUGE1-val,raw_probability,Raw,3,0.2,0.26666666666666666,1,0.25555953,1.0,0.74444047
ConvNeXtTiny,source_level,REFUGE1-val,raw_probability,Raw,4,0.26666666666666666,0.3333333333333333,0,,,
ConvNeXtTiny,source_level,REFUGE1-val,raw_probability,Raw,5,0.3333333333333333,0.4,0,,,
ConvNeXtTiny,source_level,REFUGE1-val,raw_probability,Raw,6,0.4,0.4666666666666667,1,0.4588666,1.0,0.5411334
ConvNeXtTiny,source_level,REFUGE1-val,raw_probability,Raw,7,0.4666666666666667,0.5333333333333333,1,0.47635567,0.0,0.47635567
ConvNeXtTiny,source_level,REFUGE1-val,raw_probability,Raw,8,0.5333333333333333,0.6,0,,,
ConvNeXtTiny,source_level,REFUGE1-val,raw_probability,Raw,9,0.6,0.6666666666666666,0,,,
ConvNeXtTiny,source_level,REFUGE1-val,raw_probability,Raw,10,0.6666666666666666,0.7333333333333333,0,,,
ConvNeXtTiny,source_level,REFUGE1-val,raw_probability,Raw,11,0.7333333333333333,0.8,1,0.79585457,0.0,0.79585457
ConvNeXtTiny,source_level,REFUGE1-val,raw_probability,Raw,12,0.8,0.8666666666666667,0,,,
ConvNeXtTiny,source_level,REFUGE1-val,raw_probability,Raw,13,0.8666666666666667,0.9333333333333333,0,,,
ConvNeXtTiny,source_level,REFUGE1-val,raw_probability,Raw,14,0.9333333333333333,1.0,27,0.9949186733333334,0.9629629629629629,0.03195571037037048
ConvNeXtTiny,source_level,sjchoi86-HRF,raw_probability,Raw,0,0.0,0.06666666666666667,339,0.0018352953163864308,0.16224188790560473,0.1604065925892183
ConvNeXtTiny,source_level,sjchoi86-HRF,raw_probability,Raw,1,0.06666666666666667,0.13333333333333333,6,0.0986666135,0.8333333333333334,0.7346667198333334
ConvNeXtTiny,source_level,sjchoi86-HRF,raw_probability,Raw,2,0.13333333333333333,0.2,6,0.17415726499999998,0.5,0.32584273500000005
ConvNeXtTiny,source_level,sjchoi86-HRF,raw_probability,Raw,3,0.2,0.26666666666666666,2,0.205755515,0.5,0.294244485
ConvNeXtTiny,source_level,sjchoi86-HRF,raw_probability,Raw,4,0.26666666666666666,0.3333333333333333,3,0.31427820666666667,0.6666666666666666,0.35238845999999996
ConvNeXtTiny,source_level,sjchoi86-HRF,raw_probability,Raw,5,0.3333333333333333,0.4,2,0.36545843499999997,0.5,0.13454156500000003
ConvNeXtTiny,source_level,sjchoi86-HRF,raw_probability,Raw,6,0.4,0.4666666666666667,2,0.44313425,0.5,0.05686574999999999
ConvNeXtTiny,source_level,sjchoi86-HRF,raw_probability,Raw,7,0.4666666666666667,0.5333333333333333,1,0.51833785,1.0,0.48166215
ConvNeXtTiny,source_level,sjchoi86-HRF,raw_probability,Raw,8,0.5333333333333333,0.6,0,,,
ConvNeXtTiny,source_level,sjchoi86-HRF,raw_probability,Raw,9,0.6,0.6666666666666666,0,,,
ConvNeXtTiny,source_level,sjchoi86-HRF,raw_probability,Raw,10,0.6666666666666666,0.7333333333333333,0,,,
ConvNeXtTiny,source_level,sjchoi86-HRF,raw_probability,Raw,11,0.7333333333333333,0.8,3,0.76872788,0.6666666666666666,0.1020612133333334
ConvNeXtTiny,source_level,sjchoi86-HRF,raw_probability,Raw,12,0.8,0.8666666666666667,2,0.848920165,0.5,0.348920165
ConvNeXtTiny,source_level,sjchoi86-HRF,raw_probability,Raw,13,0.8666666666666667,0.9333333333333333,3,0.9008192166666666,0.6666666666666666,0.23415255000000001
ConvNeXtTiny,source_level,sjchoi86-HRF,raw_probability,Raw,14,0.9333333333333333,1.0,32,0.9976326246875,0.84375,0.15388262468750002
ConvNeXtTiny,pooled_smdg,pooled_smdg,temperature_scaled_probability,Temperature-scaled,0,0.0,0.06666666666666667,6237,0.01563730964941478,0.0819304152637486,0.06629310561433382
ConvNeXtTiny,pooled_smdg,pooled_smdg,temperature_scaled_probability,Temperature-scaled,1,0.06666666666666667,0.13333333333333333,310,0.09700276337741935,0.15806451612903225,0.061061752751612894
ConvNeXtTiny,pooled_smdg,pooled_smdg,temperature_scaled_probability,Temperature-scaled,2,0.13333333333333333,0.2,175,0.16488524200000002,0.18285714285714286,0.017971900857142842
ConvNeXtTiny,pooled_smdg,pooled_smdg,temperature_scaled_probability,Temperature-scaled,3,0.2,0.26666666666666666,142,0.23047688873239436,0.21830985915492956,0.012167029577464794
ConvNeXtTiny,pooled_smdg,pooled_smdg,temperature_scaled_probability,Temperature-scaled,4,0.26666666666666666,0.3333333333333333,132,0.2980795052272727,0.21212121212121213,0.0859582931060606
ConvNeXtTiny,pooled_smdg,pooled_smdg,temperature_scaled_probability,Temperature-scaled,5,0.3333333333333333,0.4,100,0.3634838803,0.19,0.1734838803
ConvNeXtTiny,pooled_smdg,pooled_smdg,temperature_scaled_probability,Temperature-scaled,6,0.4,0.4666666666666667,78,0.43443132089743597,0.2948717948717949,0.1395595260256411
ConvNeXtTiny,pooled_smdg,pooled_smdg,temperature_scaled_probability,Temperature-scaled,7,0.4666666666666667,0.5333333333333333,70,0.4989199264285715,0.24285714285714285,0.25606278357142864
ConvNeXtTiny,pooled_smdg,pooled_smdg,temperature_scaled_probability,Temperature-scaled,8,0.5333333333333333,0.6,72,0.5670009959722222,0.25,0.3170009959722222
ConvNeXtTiny,pooled_smdg,pooled_smdg,temperature_scaled_probability,Temperature-scaled,9,0.6,0.6666666666666666,71,0.6326094892957747,0.18309859154929578,0.4495108977464789
ConvNeXtTiny,pooled_smdg,pooled_smdg,temperature_scaled_probability,Temperature-scaled,10,0.6666666666666666,0.7333333333333333,65,0.6990051596923077,0.24615384615384617,0.45285131353846153
ConvNeXtTiny,pooled_smdg,pooled_smdg,temperature_scaled_probability,Temperature-scaled,11,0.7333333333333333,0.8,103,0.769782118252427,0.34951456310679613,0.4202675551456309
ConvNeXtTiny,pooled_smdg,pooled_smdg,temperature_scaled_probability,Temperature-scaled,12,0.8,0.8666666666666667,103,0.8341635859223301,0.3106796116504854,0.5234839742718447
ConvNeXtTiny,pooled_smdg,pooled_smdg,temperature_scaled_probability,Temperature-scaled,13,0.8666666666666667,0.9333333333333333,124,0.9012948191129032,0.27419354838709675,0.6271012707258065
ConvNeXtTiny,pooled_smdg,pooled_smdg,temperature_scaled_probability,Temperature-scaled,14,0.9333333333333333,1.0,845,0.9835112967100591,0.6532544378698225,0.3302568588402366
ConvNeXtTiny,source_level,BEH,temperature_scaled_probability,Temperature-scaled,0,0.0,0.06666666666666667,421,0.014983587787410928,0.14489311163895488,0.12990952385154395
ConvNeXtTiny,source_level,BEH,temperature_scaled_probability,Temperature-scaled,1,0.06666666666666667,0.13333333333333333,19,0.1059885393157895,0.15789473684210525,0.051906197526315756
ConvNeXtTiny,source_level,BEH,temperature_scaled_probability,Temperature-scaled,2,0.13333333333333333,0.2,14,0.16454324,0.2857142857142857,0.12117104571428569
ConvNeXtTiny,source_level,BEH,temperature_scaled_probability,Temperature-scaled,3,0.2,0.26666666666666666,20,0.2331641555,0.3,0.06683584449999999
ConvNeXtTiny,source_level,BEH,temperature_scaled_probability,Temperature-scaled,4,0.26666666666666666,0.3333333333333333,6,0.29982881833333336,0.16666666666666666,0.1331621516666667
ConvNeXtTiny,source_level,BEH,temperature_scaled_probability,Temperature-scaled,5,0.3333333333333333,0.4,9,0.36332498,0.2222222222222222,0.1411027577777778
ConvNeXtTiny,source_level,BEH,temperature_scaled_probability,Temperature-scaled,6,0.4,0.4666666666666667,8,0.44536899875,0.375,0.07036899875000002
ConvNeXtTiny,source_level,BEH,temperature_scaled_probability,Temperature-scaled,7,0.4666666666666667,0.5333333333333333,7,0.49992991857142854,0.2857142857142857,0.21421563285714285
ConvNeXtTiny,source_level,BEH,temperature_scaled_probability,Temperature-scaled,8,0.5333333333333333,0.6,9,0.5664156188888889,0.1111111111111111,0.4553045077777778
ConvNeXtTiny,source_level,BEH,temperature_scaled_probability,Temperature-scaled,9,0.6,0.6666666666666666,4,0.6346426075,0.25,0.3846426075
ConvNeXtTiny,source_level,BEH,temperature_scaled_probability,Temperature-scaled,10,0.6666666666666666,0.7333333333333333,3,0.6989303666666666,0.3333333333333333,0.3655970333333333
ConvNeXtTiny,source_level,BEH,temperature_scaled_probability,Temperature-scaled,11,0.7333333333333333,0.8,10,0.7717074979999999,0.5,0.27170749799999994
ConvNeXtTiny,source_level,BEH,temperature_scaled_probability,Temperature-scaled,12,0.8,0.8666666666666667,5,0.8395392340000001,0.6,0.2395392340000001
ConvNeXtTiny,source_level,BEH,temperature_scaled_probability,Temperature-scaled,13,0.8666666666666667,0.9333333333333333,7,0.9015227257142858,0.14285714285714285,0.7586655828571429
ConvNeXtTiny,source_level,BEH,temperature_scaled_probability,Temperature-scaled,14,0.9333333333333333,1.0,92,0.9843916356521738,0.8369565217391305,0.14743511391304331
ConvNeXtTiny,source_level,CRFO-v4,temperature_scaled_probability,Temperature-scaled,0,0.0,0.06666666666666667,34,0.017973271720588237,0.5588235294117647,0.5408502576911765
ConvNeXtTiny,source_level,CRFO-v4,temperature_scaled_probability,Temperature-scaled,1,0.06666666666666667,0.13333333333333333,8,0.10777769825,0.625,0.51722230175
ConvNeXtTiny,source_level,CRFO-v4,temperature_scaled_probability,Temperature-scaled,2,0.13333333333333333,0.2,3,0.15391493333333334,0.6666666666666666,0.5127517333333333
ConvNeXtTiny,source_level,CRFO-v4,temperature_scaled_probability,Temperature-scaled,3,0.2,0.26666666666666666,1,0.24111858,1.0,0.75888142
ConvNeXtTiny,source_level,CRFO-v4,temperature_scaled_probability,Temperature-scaled,4,0.26666666666666666,0.3333333333333333,3,0.3028745033333333,0.6666666666666666,0.3637921633333333
ConvNeXtTiny,source_level,CRFO-v4,temperature_scaled_probability,Temperature-scaled,5,0.3333333333333333,0.4,2,0.344550535,0.0,0.344550535
ConvNeXtTiny,source_level,CRFO-v4,temperature_scaled_probability,Temperature-scaled,6,0.4,0.4666666666666667,3,0.45782110000000004,0.6666666666666666,0.2088455666666666
ConvNeXtTiny,source_level,CRFO-v4,temperature_scaled_probability,Temperature-scaled,7,0.4666666666666667,0.5333333333333333,0,,,
ConvNeXtTiny,source_level,CRFO-v4,temperature_scaled_probability,Temperature-scaled,8,0.5333333333333333,0.6,0,,,
ConvNeXtTiny,source_level,CRFO-v4,temperature_scaled_probability,Temperature-scaled,9,0.6,0.6666666666666666,3,0.61697255,0.3333333333333333,0.28363921666666664
ConvNeXtTiny,source_level,CRFO-v4,temperature_scaled_probability,Temperature-scaled,10,0.6666666666666666,0.7333333333333333,4,0.7051762349999999,0.5,0.20517623499999993
ConvNeXtTiny,source_level,CRFO-v4,temperature_scaled_probability,Temperature-scaled,11,0.7333333333333333,0.8,1,0.7945027,1.0,0.2054973
ConvNeXtTiny,source_level,CRFO-v4,temperature_scaled_probability,Temperature-scaled,12,0.8,0.8666666666666667,3,0.8405624899999999,0.3333333333333333,0.5072291566666667
ConvNeXtTiny,source_level,CRFO-v4,temperature_scaled_probability,Temperature-scaled,13,0.8666666666666667,0.9333333333333333,2,0.89293535,0.5,0.39293535
ConvNeXtTiny,source_level,CRFO-v4,temperature_scaled_probability,Temperature-scaled,14,0.9333333333333333,1.0,12,0.9878099366666665,0.9166666666666666,0.07114326999999987
ConvNeXtTiny,source_level,DR-HAGIS,temperature_scaled_probability,Temperature-scaled,0,0.0,0.06666666666666667,3,0.015771592666666664,1.0,0.9842284073333334
ConvNeXtTiny,source_level,DR-HAGIS,temperature_scaled_probability,Temperature-scaled,1,0.06666666666666667,0.13333333333333333,0,,,
ConvNeXtTiny,source_level,DR-HAGIS,temperature_scaled_probability,Temperature-scaled,2,0.13333333333333333,0.2,0,,,
ConvNeXtTiny,source_level,DR-HAGIS,temperature_scaled_probability,Temperature-scaled,3,0.2,0.26666666666666666,1,0.22096266,1.0,0.77903734
ConvNeXtTiny,source_level,DR-HAGIS,temperature_scaled_probability,Temperature-scaled,4,0.26666666666666666,0.3333333333333333,1,0.27202696,1.0,0.72797304
ConvNeXtTiny,source_level,DR-HAGIS,temperature_scaled_probability,Temperature-scaled,5,0.3333333333333333,0.4,0,,,
ConvNeXtTiny,source_level,DR-HAGIS,temperature_scaled_probability,Temperature-scaled,6,0.4,0.4666666666666667,0,,,
ConvNeXtTiny,source_level,DR-HAGIS,temperature_scaled_probability,Temperature-scaled,7,0.4666666666666667,0.5333333333333333,0,,,
ConvNeXtTiny,source_level,DR-HAGIS,temperature_scaled_probability,Temperature-scaled,8,0.5333333333333333,0.6,0,,,
ConvNeXtTiny,source_level,DR-HAGIS,temperature_scaled_probability,Temperature-scaled,9,0.6,0.6666666666666666,0,,,
ConvNeXtTiny,source_level,DR-HAGIS,temperature_scaled_probability,Temperature-scaled,10,0.6666666666666666,0.7333333333333333,0,,,
ConvNeXtTiny,source_level,DR-HAGIS,temperature_scaled_probability,Temperature-scaled,11,0.7333333333333333,0.8,0,,,
ConvNeXtTiny,source_level,DR-HAGIS,temperature_scaled_probability,Temperature-scaled,12,0.8,0.8666666666666667,1,0.8382736,1.0,0.16172640000000005
ConvNeXtTiny,source_level,DR-HAGIS,temperature_scaled_probability,Temperature-scaled,13,0.8666666666666667,0.9333333333333333,1,0.91754746,1.0,0.08245254000000002
ConvNeXtTiny,source_level,DR-HAGIS,temperature_scaled_probability,Temperature-scaled,14,0.9333333333333333,1.0,3,0.98410595,1.0,0.015894049999999993
ConvNeXtTiny,source_level,DRISHTI-GS1,temperature_scaled_probability,Temperature-scaled,0,0.0,0.06666666666666667,32,0.016105241821875,0.28125,0.265144758178125
ConvNeXtTiny,source_level,DRISHTI-GS1,temperature_scaled_probability,Temperature-scaled,1,0.06666666666666667,0.13333333333333333,1,0.0699026,1.0,0.9300974
ConvNeXtTiny,source_level,DRISHTI-GS1,temperature_scaled_probability,Temperature-scaled,2,0.13333333333333333,0.2,1,0.14804672,1.0,0.85195328
ConvNeXtTiny,source_level,DRISHTI-GS1,temperature_scaled_probability,Temperature-scaled,3,0.2,0.26666666666666666,4,0.239577345,0.5,0.260422655
ConvNeXtTiny,source_level,DRISHTI-GS1,temperature_scaled_probability,Temperature-scaled,4,0.26666666666666666,0.3333333333333333,1,0.30680326,1.0,0.69319674
ConvNeXtTiny,source_level,DRISHTI-GS1,temperature_scaled_probability,Temperature-scaled,5,0.3333333333333333,0.4,0,,,
ConvNeXtTiny,source_level,DRISHTI-GS1,temperature_scaled_probability,Temperature-scaled,6,0.4,0.4666666666666667,0,,,
ConvNeXtTiny,source_level,DRISHTI-GS1,temperature_scaled_probability,Temperature-scaled,7,0.4666666666666667,0.5333333333333333,2,0.51989368,0.5,0.019893680000000025
ConvNeXtTiny,source_level,DRISHTI-GS1,temperature_scaled_probability,Temperature-scaled,8,0.5333333333333333,0.6,2,0.5467315500000001,1.0,0.45326844999999993
ConvNeXtTiny,source_level,DRISHTI-GS1,temperature_scaled_probability,Temperature-scaled,9,0.6,0.6666666666666666,1,0.6125457,0.0,0.6125457
ConvNeXtTiny,source_level,DRISHTI-GS1,temperature_scaled_probability,Temperature-scaled,10,0.6666666666666666,0.7333333333333333,4,0.6902301924999998,1.0,0.30976980750000016
ConvNeXtTiny,source_level,DRISHTI-GS1,temperature_scaled_probability,Temperature-scaled,11,0.7333333333333333,0.8,3,0.7758111666666666,1.0,0.2241888333333334
ConvNeXtTiny,source_level,DRISHTI-GS1,temperature_scaled_probability,Temperature-scaled,12,0.8,0.8666666666666667,4,0.8342524499999999,0.75,0.08425244999999992
ConvNeXtTiny,source_level,DRISHTI-GS1,temperature_scaled_probability,Temperature-scaled,13,0.8666666666666667,0.9333333333333333,3,0.9071103233333334,0.3333333333333333,0.57377699
ConvNeXtTiny,source_level,DRISHTI-GS1,temperature_scaled_probability,Temperature-scaled,14,0.9333333333333333,1.0,43,0.9857353772093022,0.9767441860465116,0.008991191162790568
ConvNeXtTiny,source_level,FIVES,temperature_scaled_probability,Temperature-scaled,0,0.0,0.06666666666666667,252,0.013169974594444446,0.1984126984126984,0.18524272381825396
ConvNeXtTiny,source_level,FIVES,temperature_scaled_probability,Temperature-scaled,1,0.06666666666666667,0.13333333333333333,11,0.11391060600000001,0.5454545454545454,0.4315439394545454
ConvNeXtTiny,source_level,FIVES,temperature_scaled_probability,Temperature-scaled,2,0.13333333333333333,0.2,7,0.16164227,0.5714285714285714,0.4097863014285714
ConvNeXtTiny,source_level,FIVES,temperature_scaled_probability,Temperature-scaled,3,0.2,0.26666666666666666,1,0.2202868,1.0,0.7797132
ConvNeXtTiny,source_level,FIVES,temperature_scaled_probability,Temperature-scaled,4,0.26666666666666666,0.3333333333333333,4,0.298598195,0.5,0.201401805
ConvNeXtTiny,source_level,FIVES,temperature_scaled_probability,Temperature-scaled,5,0.3333333333333333,0.4,3,0.36002755000000003,0.6666666666666666,0.3066391166666666
ConvNeXtTiny,source_level,FIVES,temperature_scaled_probability,Temperature-scaled,6,0.4,0.4666666666666667,3,0.43990409999999996,0.6666666666666666,0.22676256666666667
ConvNeXtTiny,source_level,FIVES,temperature_scaled_probability,Temperature-scaled,7,0.4666666666666667,0.5333333333333333,3,0.5046883400000001,1.0,0.49531165999999993
ConvNeXtTiny,source_level,FIVES,temperature_scaled_probability,Temperature-scaled,8,0.5333333333333333,0.6,4,0.58614094,0.75,0.16385905999999995
ConvNeXtTiny,source_level,FIVES,temperature_scaled_probability,Temperature-scaled,9,0.6,0.6666666666666666,3,0.64225902,0.6666666666666666,0.024407646666666616
ConvNeXtTiny,source_level,FIVES,temperature_scaled_probability,Temperature-scaled,10,0.6666666666666666,0.7333333333333333,2,0.70646042,0.5,0.20646041999999998
ConvNeXtTiny,source_level,FIVES,temperature_scaled_probability,Temperature-scaled,11,0.7333333333333333,0.8,4,0.7751523275000001,0.5,0.27515232750000007
ConvNeXtTiny,source_level,FIVES,temperature_scaled_probability,Temperature-scaled,12,0.8,0.8666666666666667,3,0.8308555666666667,0.6666666666666666,0.16418890000000008
ConvNeXtTiny,source_level,FIVES,temperature_scaled_probability,Temperature-scaled,13,0.8666666666666667,0.9333333333333333,7,0.9010559271428572,0.5714285714285714,0.3296273557142858
ConvNeXtTiny,source_level,FIVES,temperature_scaled_probability,Temperature-scaled,14,0.9333333333333333,1.0,93,0.9895073545161291,0.7096774193548387,0.2798299351612904
ConvNeXtTiny,source_level,G1020,temperature_scaled_probability,Temperature-scaled,0,0.0,0.06666666666666667,789,0.016945862077946766,0.2877059569074778,0.270760094829531
ConvNeXtTiny,source_level,G1020,temperature_scaled_probability,Temperature-scaled,1,0.06666666666666667,0.13333333333333333,49,0.09386090542857141,0.30612244897959184,0.21226154355102045
ConvNeXtTiny,source_level,G1020,temperature_scaled_probability,Temperature-scaled,2,0.13333333333333333,0.2,16,0.166174525625,0.25,0.08382547437499999
ConvNeXtTiny,source_level,G1020,temperature_scaled_probability,Temperature-scaled,3,0.2,0.26666666666666666,15,0.22636978,0.4,0.17363022000000003
ConvNeXtTiny,source_level,G1020,temperature_scaled_probability,Temperature-scaled,4,0.26666666666666666,0.3333333333333333,19,0.30378940578947367,0.3157894736842105,0.012000067894736843
ConvNeXtTiny,source_level,G1020,temperature_scaled_probability,Temperature-scaled,5,0.3333333333333333,0.4,14,0.35333609642857144,0.07142857142857142,0.28190752500000005
ConvNeXtTiny,source_level,G1020,temperature_scaled_probability,Temperature-scaled,6,0.4,0.4666666666666667,13,0.4336291523076923,0.6923076923076923,0.25867854
ConvNeXtTiny,source_level,G1020,temperature_scaled_probability,Temperature-scaled,7,0.4666666666666667,0.5333333333333333,8,0.49879162625,0.125,0.37379162625
ConvNeXtTiny,source_level,G1020,temperature_scaled_probability,Temperature-scaled,8,0.5333333333333333,0.6,10,0.5766036019999999,0.1,0.47660360199999996
ConvNeXtTiny,source_level,G1020,temperature_scaled_probability,Temperature-scaled,9,0.6,0.6666666666666666,7,0.6407702528571428,0.14285714285714285,0.49791311
ConvNeXtTiny,source_level,G1020,temperature_scaled_probability,Temperature-scaled,10,0.6666666666666666,0.7333333333333333,10,0.7024274089999999,0.3,0.4024274089999999
ConvNeXtTiny,source_level,G1020,temperature_scaled_probability,Temperature-scaled,11,0.7333333333333333,0.8,16,0.7684569925,0.4375,0.3309569925
ConvNeXtTiny,source_level,G1020,temperature_scaled_probability,Temperature-scaled,12,0.8,0.8666666666666667,5,0.836685596,0.2,0.636685596
ConvNeXtTiny,source_level,G1020,temperature_scaled_probability,Temperature-scaled,13,0.8666666666666667,0.9333333333333333,9,0.8841070211111111,0.3333333333333333,0.5507736877777778
ConvNeXtTiny,source_level,G1020,temperature_scaled_probability,Temperature-scaled,14,0.9333333333333333,1.0,40,0.9758470280000001,0.275,0.7008470280000001
ConvNeXtTiny,source_level,HRF,temperature_scaled_probability,Temperature-scaled,0,0.0,0.06666666666666667,9,0.020712378444444447,0.2222222222222222,0.20150984377777775
ConvNeXtTiny,source_level,HRF,temperature_scaled_probability,Temperature-scaled,1,0.06666666666666667,0.13333333333333333,2,0.098574892,0.0,0.098574892
ConvNeXtTiny,source_level,HRF,temperature_scaled_probability,Temperature-scaled,2,0.13333333333333333,0.2,1,0.17449577,0.0,0.17449577
ConvNeXtTiny,source_level,HRF,temperature_scaled_probability,Temperature-scaled,3,0.2,0.26666666666666666,1,0.2402449,0.0,0.2402449
ConvNeXtTiny,source_level,HRF,temperature_scaled_probability,Temperature-scaled,4,0.26666666666666666,0.3333333333333333,1,0.3073275,0.0,0.3073275
ConvNeXtTiny,source_level,HRF,temperature_scaled_probability,Temperature-scaled,5,0.3333333333333333,0.4,0,,,
ConvNeXtTiny,source_level,HRF,temperature_scaled_probability,Temperature-scaled,6,0.4,0.4666666666666667,0,,,
ConvNeXtTiny,source_level,HRF,temperature_scaled_probability,Temperature-scaled,7,0.4666666666666667,0.5333333333333333,2,0.498036185,0.5,0.00196381499999998
ConvNeXtTiny,source_level,HRF,temperature_scaled_probability,Temperature-scaled,8,0.5333333333333333,0.6,1,0.5751436,1.0,0.4248564
ConvNeXtTiny,source_level,HRF,temperature_scaled_probability,Temperature-scaled,9,0.6,0.6666666666666666,1,0.61180365,1.0,0.38819634999999997
ConvNeXtTiny,source_level,HRF,temperature_scaled_probability,Temperature-scaled,10,0.6666666666666666,0.7333333333333333,1,0.69596577,1.0,0.30403422999999996
ConvNeXtTiny,source_level,HRF,temperature_scaled_probability,Temperature-scaled,11,0.7333333333333333,0.8,0,,,
ConvNeXtTiny,source_level,HRF,temperature_scaled_probability,Temperature-scaled,12,0.8,0.8666666666666667,0,,,
ConvNeXtTiny,source_level,HRF,temperature_scaled_probability,Temperature-scaled,13,0.8666666666666667,0.9333333333333333,2,0.889295825,0.5,0.38929582500000004
ConvNeXtTiny,source_level,HRF,temperature_scaled_probability,Temperature-scaled,14,0.9333333333333333,1.0,9,0.9826406622222223,0.8888888888888888,0.09375177333333351
ConvNeXtTiny,source_level,JSIEC-1000,temperature_scaled_probability,Temperature-scaled,0,0.0,0.06666666666666667,38,0.011066648010526314,0.0,0.011066648010526314
ConvNeXtTiny,source_level,JSIEC-1000,temperature_scaled_probability,Temperature-scaled,1,0.06666666666666667,0.13333333333333333,0,,,
ConvNeXtTiny,source_level,JSIEC-1000,temperature_scaled_probability,Temperature-scaled,2,0.13333333333333333,0.2,0,,,
ConvNeXtTiny,source_level,JSIEC-1000,temperature_scaled_probability,Temperature-scaled,3,0.2,0.26666666666666666,0,,,
ConvNeXtTiny,source_level,JSIEC-1000,temperature_scaled_probability,Temperature-scaled,4,0.26666666666666666,0.3333333333333333,0,,,
ConvNeXtTiny,source_level,JSIEC-1000,temperature_scaled_probability,Temperature-scaled,5,0.3333333333333333,0.4,0,,,
ConvNeXtTiny,source_level,JSIEC-1000,temperature_scaled_probability,Temperature-scaled,6,0.4,0.4666666666666667,0,,,
ConvNeXtTiny,source_level,JSIEC-1000,temperature_scaled_probability,Temperature-scaled,7,0.4666666666666667,0.5333333333333333,0,,,
ConvNeXtTiny,source_level,JSIEC-1000,temperature_scaled_probability,Temperature-scaled,8,0.5333333333333333,0.6,0,,,
ConvNeXtTiny,source_level,JSIEC-1000,temperature_scaled_probability,Temperature-scaled,9,0.6,0.6666666666666666,0,,,
ConvNeXtTiny,source_level,JSIEC-1000,temperature_scaled_probability,Temperature-scaled,10,0.6666666666666666,0.7333333333333333,0,,,
ConvNeXtTiny,source_level,JSIEC-1000,temperature_scaled_probability,Temperature-scaled,11,0.7333333333333333,0.8,0,,,
ConvNeXtTiny,source_level,JSIEC-1000,temperature_scaled_probability,Temperature-scaled,12,0.8,0.8666666666666667,0,,,
ConvNeXtTiny,source_level,JSIEC-1000,temperature_scaled_probability,Temperature-scaled,13,0.8666666666666667,0.9333333333333333,0,,,
ConvNeXtTiny,source_level,JSIEC-1000,temperature_scaled_probability,Temperature-scaled,14,0.9333333333333333,1.0,0,,,
ConvNeXtTiny,source_level,LES-AV,temperature_scaled_probability,Temperature-scaled,0,0.0,0.06666666666666667,6,0.02401193675,0.0,0.02401193675
ConvNeXtTiny,source_level,LES-AV,temperature_scaled_probability,Temperature-scaled,1,0.06666666666666667,0.13333333333333333,1,0.11305944,0.0,0.11305944
ConvNeXtTiny,source_level,LES-AV,temperature_scaled_probability,Temperature-scaled,2,0.13333333333333333,0.2,1,0.16630463,1.0,0.83369537
ConvNeXtTiny,source_level,LES-AV,temperature_scaled_probability,Temperature-scaled,3,0.2,0.26666666666666666,0,,,
ConvNeXtTiny,source_level,LES-AV,temperature_scaled_probability,Temperature-scaled,4,0.26666666666666666,0.3333333333333333,0,,,
ConvNeXtTiny,source_level,LES-AV,temperature_scaled_probability,Temperature-scaled,5,0.3333333333333333,0.4,0,,,
ConvNeXtTiny,source_level,LES-AV,temperature_scaled_probability,Temperature-scaled,6,0.4,0.4666666666666667,1,0.4301016,0.0,0.4301016
ConvNeXtTiny,source_level,LES-AV,temperature_scaled_probability,Temperature-scaled,7,0.4666666666666667,0.5333333333333333,1,0.4909612,0.0,0.4909612
ConvNeXtTiny,source_level,LES-AV,temperature_scaled_probability,Temperature-scaled,8,0.5333333333333333,0.6,0,,,
ConvNeXtTiny,source_level,LES-AV,temperature_scaled_probability,Temperature-scaled,9,0.6,0.6666666666666666,0,,,
ConvNeXtTiny,source_level,LES-AV,temperature_scaled_probability,Temperature-scaled,10,0.6666666666666666,0.7333333333333333,0,,,
ConvNeXtTiny,source_level,LES-AV,temperature_scaled_probability,Temperature-scaled,11,0.7333333333333333,0.8,1,0.7623592,1.0,0.23764079999999999
ConvNeXtTiny,source_level,LES-AV,temperature_scaled_probability,Temperature-scaled,12,0.8,0.8666666666666667,2,0.830832035,0.5,0.330832035
ConvNeXtTiny,source_level,LES-AV,temperature_scaled_probability,Temperature-scaled,13,0.8666666666666667,0.9333333333333333,0,,,
ConvNeXtTiny,source_level,LES-AV,temperature_scaled_probability,Temperature-scaled,14,0.9333333333333333,1.0,9,0.9841404644444444,0.8888888888888888,0.09525157555555552
ConvNeXtTiny,source_level,OIA-ODIR-TEST-OFFLINE,temperature_scaled_probability,Temperature-scaled,0,0.0,0.06666666666666667,307,0.01745576286970684,0.019543973941368076,0.0020882110716612355
ConvNeXtTiny,source_level,OIA-ODIR-TEST-OFFLINE,temperature_scaled_probability,Temperature-scaled,1,0.06666666666666667,0.13333333333333333,13,0.09047362030769229,0.07692307692307693,0.013550543384615366
ConvNeXtTiny,source_level,OIA-ODIR-TEST-OFFLINE,temperature_scaled_probability,Temperature-scaled,2,0.13333333333333333,0.2,14,0.16062007928571428,0.14285714285714285,0.017762936428571435
ConvNeXtTiny,source_level,OIA-ODIR-TEST-OFFLINE,temperature_scaled_probability,Temperature-scaled,3,0.2,0.26666666666666666,12,0.2368710875,0.08333333333333333,0.15353775416666665
ConvNeXtTiny,source_level,OIA-ODIR-TEST-OFFLINE,temperature_scaled_probability,Temperature-scaled,4,0.26666666666666666,0.3333333333333333,15,0.2942200853333333,0.0,0.2942200853333333
ConvNeXtTiny,source_level,OIA-ODIR-TEST-OFFLINE,temperature_scaled_probability,Temperature-scaled,5,0.3333333333333333,0.4,4,0.3635180825,0.0,0.3635180825
ConvNeXtTiny,source_level,OIA-ODIR-TEST-OFFLINE,temperature_scaled_probability,Temperature-scaled,6,0.4,0.4666666666666667,6,0.4261183866666667,0.0,0.4261183866666667
ConvNeXtTiny,source_level,OIA-ODIR-TEST-OFFLINE,temperature_scaled_probability,Temperature-scaled,7,0.4666666666666667,0.5333333333333333,2,0.5185622299999999,0.0,0.5185622299999999
ConvNeXtTiny,source_level,OIA-ODIR-TEST-OFFLINE,temperature_scaled_probability,Temperature-scaled,8,0.5333333333333333,0.6,4,0.5781766125000001,0.0,0.5781766125000001
ConvNeXtTiny,source_level,OIA-ODIR-TEST-OFFLINE,temperature_scaled_probability,Temperature-scaled,9,0.6,0.6666666666666666,2,0.64757815,0.0,0.64757815
ConvNeXtTiny,source_level,OIA-ODIR-TEST-OFFLINE,temperature_scaled_probability,Temperature-scaled,10,0.6666666666666666,0.7333333333333333,5,0.700002236,0.0,0.700002236
ConvNeXtTiny,source_level,OIA-ODIR-TEST-OFFLINE,temperature_scaled_probability,Temperature-scaled,11,0.7333333333333333,0.8,6,0.7727637566666669,0.3333333333333333,0.43943042333333354
ConvNeXtTiny,source_level,OIA-ODIR-TEST-OFFLINE,temperature_scaled_probability,Temperature-scaled,12,0.8,0.8666666666666667,10,0.832538057,0.1,0.7325380570000001
ConvNeXtTiny,source_level,OIA-ODIR-TEST-OFFLINE,temperature_scaled_probability,Temperature-scaled,13,0.8666666666666667,0.9333333333333333,10,0.9068835759999999,0.0,0.9068835759999999
ConvNeXtTiny,source_level,OIA-ODIR-TEST-OFFLINE,temperature_scaled_probability,Temperature-scaled,14,0.9333333333333333,1.0,43,0.9827433239534883,0.5348837209302325,0.4478596030232558
ConvNeXtTiny,source_level,OIA-ODIR-TEST-ONLINE,temperature_scaled_probability,Temperature-scaled,0,0.0,0.06666666666666667,597,0.016241254780569512,0.0033500837520938024,0.01289117102847571
ConvNeXtTiny,source_level,OIA-ODIR-TEST-ONLINE,temperature_scaled_probability,Temperature-scaled,1,0.06666666666666667,0.13333333333333333,38,0.10174013821052633,0.02631578947368421,0.07542434873684212
ConvNeXtTiny,source_level,OIA-ODIR-TEST-ONLINE,temperature_scaled_probability,Temperature-scaled,2,0.13333333333333333,0.2,18,0.164538945,0.0,0.164538945
ConvNeXtTiny,source_level,OIA-ODIR-TEST-ONLINE,temperature_scaled_probability,Temperature-scaled,3,0.2,0.26666666666666666,18,0.2289150116666667,0.05555555555555555,0.17335945611111114
ConvNeXtTiny,source_level,OIA-ODIR-TEST-ONLINE,temperature_scaled_probability,Temperature-scaled,4,0.26666666666666666,0.3333333333333333,9,0.2821816322222222,0.0,0.2821816322222222
ConvNeXtTiny,source_level,OIA-ODIR-TEST-ONLINE,temperature_scaled_probability,Temperature-scaled,5,0.3333333333333333,0.4,10,0.368771905,0.0,0.368771905
ConvNeXtTiny,source_level,OIA-ODIR-TEST-ONLINE,temperature_scaled_probability,Temperature-scaled,6,0.4,0.4666666666666667,7,0.4270795328571429,0.0,0.4270795328571429
ConvNeXtTiny,source_level,OIA-ODIR-TEST-ONLINE,temperature_scaled_probability,Temperature-scaled,7,0.4666666666666667,0.5333333333333333,11,0.5001112145454545,0.0,0.5001112145454545
ConvNeXtTiny,source_level,OIA-ODIR-TEST-ONLINE,temperature_scaled_probability,Temperature-scaled,8,0.5333333333333333,0.6,9,0.56997146,0.2222222222222222,0.3477492377777778
ConvNeXtTiny,source_level,OIA-ODIR-TEST-ONLINE,temperature_scaled_probability,Temperature-scaled,9,0.6,0.6666666666666666,10,0.6351745080000001,0.0,0.6351745080000001
ConvNeXtTiny,source_level,OIA-ODIR-TEST-ONLINE,temperature_scaled_probability,Temperature-scaled,10,0.6666666666666666,0.7333333333333333,4,0.6842554025,0.0,0.6842554025
ConvNeXtTiny,source_level,OIA-ODIR-TEST-ONLINE,temperature_scaled_probability,Temperature-scaled,11,0.7333333333333333,0.8,10,0.77476647,0.3,0.47476647
ConvNeXtTiny,source_level,OIA-ODIR-TEST-ONLINE,temperature_scaled_probability,Temperature-scaled,12,0.8,0.8666666666666667,12,0.8320613325,0.08333333333333333,0.7487279991666667
ConvNeXtTiny,source_level,OIA-ODIR-TEST-ONLINE,temperature_scaled_probability,Temperature-scaled,13,0.8666666666666667,0.9333333333333333,12,0.9023157749999999,0.16666666666666666,0.7356491083333333
ConvNeXtTiny,source_level,OIA-ODIR-TEST-ONLINE,temperature_scaled_probability,Temperature-scaled,14,0.9333333333333333,1.0,95,0.9817298604210525,0.4842105263157895,0.497519334105263
ConvNeXtTiny,source_level,OIA-ODIR-TRAIN,temperature_scaled_probability,Temperature-scaled,0,0.0,0.06666666666666667,2272,0.016255977163204222,0.0048415492957746475,0.011414427867429574
ConvNeXtTiny,source_level,OIA-ODIR-TRAIN,temperature_scaled_probability,Temperature-scaled,1,0.06666666666666667,0.13333333333333333,120,0.096175693475,0.03333333333333333,0.06284236014166666
ConvNeXtTiny,source_level,OIA-ODIR-TRAIN,temperature_scaled_probability,Temperature-scaled,2,0.13333333333333333,0.2,71,0.16479175943661972,0.056338028169014086,0.10845373126760563
ConvNeXtTiny,source_level,OIA-ODIR-TRAIN,temperature_scaled_probability,Temperature-scaled,3,0.2,0.26666666666666666,45,0.22541818866666674,0.022222222222222223,0.20319596644444451
ConvNeXtTiny,source_level,OIA-ODIR-TRAIN,temperature_scaled_probability,Temperature-scaled,4,0.26666666666666666,0.3333333333333333,43,0.2954058111627907,0.046511627906976744,0.24889418325581394
ConvNeXtTiny,source_level,OIA-ODIR-TRAIN,temperature_scaled_probability,Temperature-scaled,5,0.3333333333333333,0.4,43,0.36456058255813956,0.11627906976744186,0.2482815127906977
ConvNeXtTiny,source_level,OIA-ODIR-TRAIN,temperature_scaled_probability,Temperature-scaled,6,0.4,0.4666666666666667,26,0.4369223976923077,0.07692307692307693,0.35999932076923075
ConvNeXtTiny,source_level,OIA-ODIR-TRAIN,temperature_scaled_probability,Temperature-scaled,7,0.4666666666666667,0.5333333333333333,25,0.49843419080000007,0.12,0.37843419080000007
ConvNeXtTiny,source_level,OIA-ODIR-TRAIN,temperature_scaled_probability,Temperature-scaled,8,0.5333333333333333,0.6,28,0.562016805,0.17857142857142858,0.38344537642857135
ConvNeXtTiny,source_level,OIA-ODIR-TRAIN,temperature_scaled_probability,Temperature-scaled,9,0.6,0.6666666666666666,31,0.6298415432258065,0.06451612903225806,0.5653254141935484
ConvNeXtTiny,source_level,OIA-ODIR-TRAIN,temperature_scaled_probability,Temperature-scaled,10,0.6666666666666666,0.7333333333333333,27,0.6979879948148148,0.07407407407407407,0.6239139207407407
ConvNeXtTiny,source_level,OIA-ODIR-TRAIN,temperature_scaled_probability,Temperature-scaled,11,0.7333333333333333,0.8,41,0.7681039887804878,0.14634146341463414,0.6217625253658536
ConvNeXtTiny,source_level,OIA-ODIR-TRAIN,temperature_scaled_probability,Temperature-scaled,12,0.8,0.8666666666666667,43,0.8331431420930233,0.18604651162790697,0.6470966304651163
ConvNeXtTiny,source_level,OIA-ODIR-TRAIN,temperature_scaled_probability,Temperature-scaled,13,0.8666666666666667,0.9333333333333333,50,0.9014506862,0.12,0.7814506862
ConvNeXtTiny,source_level,OIA-ODIR-TRAIN,temperature_scaled_probability,Temperature-scaled,14,0.9333333333333333,1.0,264,0.9821544892803029,0.5151515151515151,0.4670029741287878
ConvNeXtTiny,source_level,ORIGA,temperature_scaled_probability,Temperature-scaled,0,0.0,0.06666666666666667,459,0.013816243722004358,0.11982570806100218,0.10600946433899783
ConvNeXtTiny,source_level,ORIGA,temperature_scaled_probability,Temperature-scaled,1,0.06666666666666667,0.13333333333333333,22,0.0938085814090909,0.36363636363636365,0.26982778222727277
ConvNeXtTiny,source_level,ORIGA,temperature_scaled_probability,Temperature-scaled,2,0.13333333333333333,0.2,13,0.16804195153846152,0.46153846153846156,0.29349651000000004
ConvNeXtTiny,source_level,ORIGA,temperature_scaled_probability,Temperature-scaled,3,0.2,0.26666666666666666,9,0.24248758888888888,0.3333333333333333,0.09084574444444443
ConvNeXtTiny,source_level,ORIGA,temperature_scaled_probability,Temperature-scaled,4,0.26666666666666666,0.3333333333333333,15,0.30688535733333333,0.4666666666666667,0.15978130933333334
ConvNeXtTiny,source_level,ORIGA,temperature_scaled_probability,Temperature-scaled,5,0.3333333333333333,0.4,10,0.373588205,0.6,0.22641179499999997
ConvNeXtTiny,source_level,ORIGA,temperature_scaled_probability,Temperature-scaled,6,0.4,0.4666666666666667,6,0.42247349166666665,0.5,0.07752650833333335
ConvNeXtTiny,source_level,ORIGA,temperature_scaled_probability,Temperature-scaled,7,0.4666666666666667,0.5333333333333333,4,0.4936970675,0.75,0.2563029325
ConvNeXtTiny,source_level,ORIGA,temperature_scaled_probability,Temperature-scaled,8,0.5333333333333333,0.6,5,0.5536409059999999,0.6,0.046359094000000045
ConvNeXtTiny,source_level,ORIGA,temperature_scaled_probability,Temperature-scaled,9,0.6,0.6666666666666666,5,0.6231242899999999,0.6,0.023124289999999936
ConvNeXtTiny,source_level,ORIGA,temperature_scaled_probability,Temperature-scaled,10,0.6666666666666666,0.7333333333333333,3,0.7113289500000001,0.3333333333333333,0.37799561666666676
ConvNeXtTiny,source_level,ORIGA,temperature_scaled_probability,Temperature-scaled,11,0.7333333333333333,0.8,8,0.77008216625,0.5,0.27008216625000003
ConvNeXtTiny,source_level,ORIGA,temperature_scaled_probability,Temperature-scaled,12,0.8,0.8666666666666667,10,0.837630536,0.6,0.23763053600000006
ConvNeXtTiny,source_level,ORIGA,temperature_scaled_probability,Temperature-scaled,13,0.8666666666666667,0.9333333333333333,13,0.9010003646153846,0.6923076923076923,0.20869267230769228
ConvNeXtTiny,source_level,ORIGA,temperature_scaled_probability,Temperature-scaled,14,0.9333333333333333,1.0,68,0.9837659154411765,0.75,0.23376591544117653
ConvNeXtTiny,source_level,REFUGE1-train,temperature_scaled_probability,Temperature-scaled,0,0.0,0.06666666666666667,362,0.014076422904972375,0.03038674033149171,0.01631031742651934
ConvNeXtTiny,source_level,REFUGE1-train,temperature_scaled_probability,Temperature-scaled,1,0.06666666666666667,0.13333333333333333,2,0.07217304,0.0,0.07217304
ConvNeXtTiny,source_level,REFUGE1-train,temperature_scaled_probability,Temperature-scaled,2,0.13333333333333333,0.2,3,0.16514184,0.0,0.16514184
ConvNeXtTiny,source_level,REFUGE1-train,temperature_scaled_probability,Temperature-scaled,3,0.2,0.26666666666666666,2,0.223927965,1.0,0.776072035
ConvNeXtTiny,source_level,REFUGE1-train,temperature_scaled_probability,Temperature-scaled,4,0.26666666666666666,0.3333333333333333,1,0.27119163,1.0,0.72880837
ConvNeXtTiny,source_level,REFUGE1-train,temperature_scaled_probability,Temperature-scaled,5,0.3333333333333333,0.4,1,0.3652827,0.0,0.3652827
ConvNeXtTiny,source_level,REFUGE1-train,temperature_scaled_probability,Temperature-scaled,6,0.4,0.4666666666666667,1,0.4470204,0.0,0.4470204
ConvNeXtTiny,source_level,REFUGE1-train,temperature_scaled_probability,Temperature-scaled,7,0.4666666666666667,0.5333333333333333,0,,,
ConvNeXtTiny,source_level,REFUGE1-train,temperature_scaled_probability,Temperature-scaled,8,0.5333333333333333,0.6,0,,,
ConvNeXtTiny,source_level,REFUGE1-train,temperature_scaled_probability,Temperature-scaled,9,0.6,0.6666666666666666,0,,,
ConvNeXtTiny,source_level,REFUGE1-train,temperature_scaled_probability,Temperature-scaled,10,0.6666666666666666,0.7333333333333333,0,,,
ConvNeXtTiny,source_level,REFUGE1-train,temperature_scaled_probability,Temperature-scaled,11,0.7333333333333333,0.8,0,,,
ConvNeXtTiny,source_level,REFUGE1-train,temperature_scaled_probability,Temperature-scaled,12,0.8,0.8666666666666667,1,0.8166976,1.0,0.18330239999999998
ConvNeXtTiny,source_level,REFUGE1-train,temperature_scaled_probability,Temperature-scaled,13,0.8666666666666667,0.9333333333333333,4,0.90433915,0.75,0.15433914999999998
ConvNeXtTiny,source_level,REFUGE1-train,temperature_scaled_probability,Temperature-scaled,14,0.9333333333333333,1.0,23,0.9916134652173914,0.9565217391304348,0.03509172608695654
ConvNeXtTiny,source_level,REFUGE1-val,temperature_scaled_probability,Temperature-scaled,0,0.0,0.06666666666666667,338,0.014053918335207102,0.026627218934911243,0.012573300599704141
ConvNeXtTiny,source_level,REFUGE1-val,temperature_scaled_probability,Temperature-scaled,1,0.06666666666666667,0.13333333333333333,12,0.09063708958333333,0.0,0.09063708958333333
ConvNeXtTiny,source_level,REFUGE1-val,temperature_scaled_probability,Temperature-scaled,2,0.13333333333333333,0.2,7,0.17756532857142857,0.14285714285714285,0.034708185714285716
ConvNeXtTiny,source_level,REFUGE1-val,temperature_scaled_probability,Temperature-scaled,3,0.2,0.26666666666666666,4,0.2380038725,0.0,0.2380038725
ConvNeXtTiny,source_level,REFUGE1-val,temperature_scaled_probability,Temperature-scaled,4,0.26666666666666666,0.3333333333333333,8,0.29629275125,0.25,0.046292751249999986
ConvNeXtTiny,source_level,REFUGE1-val,temperature_scaled_probability,Temperature-scaled,5,0.3333333333333333,0.4,1,0.3694473,1.0,0.6305527
ConvNeXtTiny,source_level,REFUGE1-val,temperature_scaled_probability,Temperature-scaled,6,0.4,0.4666666666666667,0,,,
ConvNeXtTiny,source_level,REFUGE1-val,temperature_scaled_probability,Temperature-scaled,7,0.4666666666666667,0.5333333333333333,2,0.48378477,0.5,0.016215230000000025
ConvNeXtTiny,source_level,REFUGE1-val,temperature_scaled_probability,Temperature-scaled,8,0.5333333333333333,0.6,0,,,
ConvNeXtTiny,source_level,REFUGE1-val,temperature_scaled_probability,Temperature-scaled,9,0.6,0.6666666666666666,1,0.6638039,0.0,0.6638039
ConvNeXtTiny,source_level,REFUGE1-val,temperature_scaled_probability,Temperature-scaled,10,0.6666666666666666,0.7333333333333333,0,,,
ConvNeXtTiny,source_level,REFUGE1-val,temperature_scaled_probability,Temperature-scaled,11,0.7333333333333333,0.8,0,,,
ConvNeXtTiny,source_level,REFUGE1-val,temperature_scaled_probability,Temperature-scaled,12,0.8,0.8666666666666667,3,0.8379835766666667,1.0,0.16201642333333333
ConvNeXtTiny,source_level,REFUGE1-val,temperature_scaled_probability,Temperature-scaled,13,0.8666666666666667,0.9333333333333333,2,0.915019415,0.5,0.41501941499999995
ConvNeXtTiny,source_level,REFUGE1-val,temperature_scaled_probability,Temperature-scaled,14,0.9333333333333333,1.0,22,0.9860925681818181,1.0,0.013907431818181881
ConvNeXtTiny,source_level,sjchoi86-HRF,temperature_scaled_probability,Temperature-scaled,0,0.0,0.06666666666666667,318,0.013936565612578616,0.14465408805031446,0.13071752243773585
ConvNeXtTiny,source_level,sjchoi86-HRF,temperature_scaled_probability,Temperature-scaled,1,0.06666666666666667,0.13333333333333333,12,0.09028287324999999,0.4166666666666667,0.3263837934166667
ConvNeXtTiny,source_level,sjchoi86-HRF,temperature_scaled_probability,Temperature-scaled,2,0.13333333333333333,0.2,6,0.16281775666666667,0.5,0.33718224333333335
ConvNeXtTiny,source_level,sjchoi86-HRF,temperature_scaled_probability,Temperature-scaled,3,0.2,0.26666666666666666,9,0.23321828888888887,0.6666666666666666,0.4334483777777778
ConvNeXtTiny,source_level,sjchoi86-HRF,temperature_scaled_probability,Temperature-scaled,4,0.26666666666666666,0.3333333333333333,6,0.3143582016666666,0.5,0.18564179833333339
ConvNeXtTiny,source_level,sjchoi86-HRF,temperature_scaled_probability,Temperature-scaled,5,0.3333333333333333,0.4,3,0.3580218866666667,0.6666666666666666,0.30864477999999995
ConvNeXtTiny,source_level,sjchoi86-HRF,temperature_scaled_probability,Temperature-scaled,6,0.4,0.4666666666666667,4,0.41853103,0.5,0.08146896999999997
ConvNeXtTiny,source_level,sjchoi86-HRF,temperature_scaled_probability,Temperature-scaled,7,0.4666666666666667,0.5333333333333333,3,0.4840353533333333,0.6666666666666666,0.18263131333333332
ConvNeXtTiny,source_level,sjchoi86-HRF,temperature_scaled_probability,Temperature-scaled,8,0.5333333333333333,0.6,0,,,
ConvNeXtTiny,source_level,sjchoi86-HRF,temperature_scaled_probability,Temperature-scaled,9,0.6,0.6666666666666666,3,0.64595097,0.6666666666666666,0.020715696666666616
ConvNeXtTiny,source_level,sjchoi86-HRF,temperature_scaled_probability,Temperature-scaled,10,0.6666666666666666,0.7333333333333333,2,0.703531185,0.5,0.203531185
ConvNeXtTiny,source_level,sjchoi86-HRF,temperature_scaled_probability,Temperature-scaled,11,0.7333333333333333,0.8,3,0.7510328333333334,0.6666666666666666,0.08436616666666674
ConvNeXtTiny,source_level,sjchoi86-HRF,temperature_scaled_probability,Temperature-scaled,12,0.8,0.8666666666666667,1,0.8442982,0.0,0.8442982
ConvNeXtTiny,source_level,sjchoi86-HRF,temperature_scaled_probability,Temperature-scaled,13,0.8666666666666667,0.9333333333333333,2,0.9263217450000001,0.5,0.4263217450000001
ConvNeXtTiny,source_level,sjchoi86-HRF,temperature_scaled_probability,Temperature-scaled,14,0.9333333333333333,1.0,29,0.9773430486206898,0.896551724137931,0.08079132448275872
DenseNet121,pooled_smdg,pooled_smdg,raw_probability,Raw,0,0.0,0.06666666666666667,6727,0.0021870394831939805,0.08503047420841385,0.08284343472521986
DenseNet121,pooled_smdg,pooled_smdg,raw_probability,Raw,1,0.06666666666666667,0.13333333333333333,117,0.09528325176923076,0.24786324786324787,0.15257999609401712
DenseNet121,pooled_smdg,pooled_smdg,raw_probability,Raw,2,0.13333333333333333,0.2,81,0.16484407049382718,0.25925925925925924,0.09441518876543206
DenseNet121,pooled_smdg,pooled_smdg,raw_probability,Raw,3,0.2,0.26666666666666666,58,0.22986666982758622,0.22413793103448276,0.005728738793103455
DenseNet121,pooled_smdg,pooled_smdg,raw_probability,Raw,4,0.26666666666666666,0.3333333333333333,47,0.2968143687234042,0.19148936170212766,0.10532500702127656
DenseNet121,pooled_smdg,pooled_smdg,raw_probability,Raw,5,0.3333333333333333,0.4,40,0.36498745675,0.275,0.08998745674999997
DenseNet121,pooled_smdg,pooled_smdg,raw_probability,Raw,6,0.4,0.4666666666666667,41,0.43150799731707323,0.24390243902439024,0.187605558292683
DenseNet121,pooled_smdg,pooled_smdg,raw_probability,Raw,7,0.4666666666666667,0.5333333333333333,40,0.4976154835,0.325,0.1726154835
DenseNet121,pooled_smdg,pooled_smdg,raw_probability,Raw,8,0.5333333333333333,0.6,37,0.5680877913513513,0.2702702702702703,0.29781752108108106
DenseNet121,pooled_smdg,pooled_smdg,raw_probability,Raw,9,0.6,0.6666666666666666,40,0.63010251025,0.2,0.43010251024999996
DenseNet121,pooled_smdg,pooled_smdg,raw_probability,Raw,10,0.6666666666666666,0.7333333333333333,43,0.7053894937209304,0.23255813953488372,0.4728313541860467
DenseNet121,pooled_smdg,pooled_smdg,raw_probability,Raw,11,0.7333333333333333,0.8,44,0.771644100681818,0.3181818181818182,0.4534622824999998
DenseNet121,pooled_smdg,pooled_smdg,raw_probability,Raw,12,0.8,0.8666666666666667,61,0.8374284954098361,0.3442622950819672,0.4931662003278689
DenseNet121,pooled_smdg,pooled_smdg,raw_probability,Raw,13,0.8666666666666667,0.9333333333333333,90,0.8992501444444444,0.25555555555555554,0.6436945888888889
DenseNet121,pooled_smdg,pooled_smdg,raw_probability,Raw,14,0.9333333333333333,1.0,1161,0.9942704607407408,0.5572782084409992,0.4369922522997416
DenseNet121,source_level,BEH,raw_probability,Raw,0,0.0,0.06666666666666667,444,0.0024340042771159916,0.13288288288288289,0.1304488786057669
DenseNet121,source_level,BEH,raw_probability,Raw,1,0.06666666666666667,0.13333333333333333,7,0.10049794085714285,0.42857142857142855,0.3280734877142857
DenseNet121,source_level,BEH,raw_probability,Raw,2,0.13333333333333333,0.2,4,0.1612824675,0.5,0.33871753250000003
DenseNet121,source_level,BEH,raw_probability,Raw,3,0.2,0.26666666666666666,2,0.230433895,0.5,0.269566105
DenseNet121,source_level,BEH,raw_probability,Raw,4,0.26666666666666666,0.3333333333333333,1,0.2888103,1.0,0.7111897
DenseNet121,source_level,BEH,raw_probability,Raw,5,0.3333333333333333,0.4,5,0.365829438,0.0,0.365829438
DenseNet121,source_level,BEH,raw_probability,Raw,6,0.4,0.4666666666666667,5,0.4436233099999999,0.4,0.04362330999999986
DenseNet121,source_level,BEH,raw_probability,Raw,7,0.4666666666666667,0.5333333333333333,2,0.48678808,0.0,0.48678808
DenseNet121,source_level,BEH,raw_probability,Raw,8,0.5333333333333333,0.6,4,0.5690729700000001,0.75,0.18092702999999988
DenseNet121,source_level,BEH,raw_probability,Raw,9,0.6,0.6666666666666666,5,0.636509196,0.2,0.436509196
DenseNet121,source_level,BEH,raw_probability,Raw,10,0.6666666666666666,0.7333333333333333,7,0.7112949642857141,0.2857142857142857,0.42558067857142845
DenseNet121,source_level,BEH,raw_probability,Raw,11,0.7333333333333333,0.8,4,0.7873375850000001,0.0,0.7873375850000001
DenseNet121,source_level,BEH,raw_probability,Raw,12,0.8,0.8666666666666667,3,0.8479522666666667,0.3333333333333333,0.5146189333333333
DenseNet121,source_level,BEH,raw_probability,Raw,13,0.8666666666666667,0.9333333333333333,5,0.905788424,0.4,0.505788424
DenseNet121,source_level,BEH,raw_probability,Raw,14,0.9333333333333333,1.0,136,0.9951887418382354,0.6911764705882353,0.3040122712500001
DenseNet121,source_level,CRFO-v4,raw_probability,Raw,0,0.0,0.06666666666666667,33,0.002337250739090909,0.5454545454545454,0.5431172947154546
DenseNet121,source_level,CRFO-v4,raw_probability,Raw,1,0.06666666666666667,0.13333333333333333,3,0.079022118,1.0,0.920977882
DenseNet121,source_level,CRFO-v4,raw_probability,Raw,2,0.13333333333333333,0.2,1,0.1415283,1.0,0.8584717
DenseNet121,source_level,CRFO-v4,raw_probability,Raw,3,0.2,0.26666666666666666,3,0.23198589333333333,0.3333333333333333,0.10134743999999998
DenseNet121,source_level,CRFO-v4,raw_probability,Raw,4,0.26666666666666666,0.3333333333333333,0,,,
DenseNet121,source_level,CRFO-v4,raw_probability,Raw,5,0.3333333333333333,0.4,1,0.3510399,1.0,0.6489601
DenseNet121,source_level,CRFO-v4,raw_probability,Raw,6,0.4,0.4666666666666667,2,0.44961377,1.0,0.55038623
DenseNet121,source_level,CRFO-v4,raw_probability,Raw,7,0.4666666666666667,0.5333333333333333,2,0.48790018,0.5,0.012099819999999983
DenseNet121,source_level,CRFO-v4,raw_probability,Raw,8,0.5333333333333333,0.6,1,0.5771851,1.0,0.4228149
DenseNet121,source_level,CRFO-v4,raw_probability,Raw,9,0.6,0.6666666666666666,0,,,
DenseNet121,source_level,CRFO-v4,raw_probability,Raw,10,0.6666666666666666,0.7333333333333333,1,0.72020864,0.0,0.72020864
DenseNet121,source_level,CRFO-v4,raw_probability,Raw,11,0.7333333333333333,0.8,1,0.73930377,1.0,0.26069623
DenseNet121,source_level,CRFO-v4,raw_probability,Raw,12,0.8,0.8666666666666667,5,0.809737642,0.6,0.209737642
DenseNet121,source_level,CRFO-v4,raw_probability,Raw,13,0.8666666666666667,0.9333333333333333,5,0.894674292,0.4,0.494674292
DenseNet121,source_level,CRFO-v4,raw_probability,Raw,14,0.9333333333333333,1.0,21,0.9947645814285713,0.6666666666666666,0.32809791476190464
DenseNet121,source_level,DR-HAGIS,raw_probability,Raw,0,0.0,0.06666666666666667,3,0.00017832041733333332,1.0,0.9998216795826667
DenseNet121,source_level,DR-HAGIS,raw_probability,Raw,1,0.06666666666666667,0.13333333333333333,1,0.11822371,1.0,0.88177629
DenseNet121,source_level,DR-HAGIS,raw_probability,Raw,2,0.13333333333333333,0.2,0,,,
DenseNet121,source_level,DR-HAGIS,raw_probability,Raw,3,0.2,0.26666666666666666,0,,,
DenseNet121,source_level,DR-HAGIS,raw_probability,Raw,4,0.26666666666666666,0.3333333333333333,0,,,
DenseNet121,source_level,DR-HAGIS,raw_probability,Raw,5,0.3333333333333333,0.4,0,,,
DenseNet121,source_level,DR-HAGIS,raw_probability,Raw,6,0.4,0.4666666666666667,0,,,
DenseNet121,source_level,DR-HAGIS,raw_probability,Raw,7,0.4666666666666667,0.5333333333333333,0,,,
DenseNet121,source_level,DR-HAGIS,raw_probability,Raw,8,0.5333333333333333,0.6,0,,,
DenseNet121,source_level,DR-HAGIS,raw_probability,Raw,9,0.6,0.6666666666666666,0,,,
DenseNet121,source_level,DR-HAGIS,raw_probability,Raw,10,0.6666666666666666,0.7333333333333333,0,,,
DenseNet121,source_level,DR-HAGIS,raw_probability,Raw,11,0.7333333333333333,0.8,0,,,
DenseNet121,source_level,DR-HAGIS,raw_probability,Raw,12,0.8,0.8666666666666667,1,0.8336388,1.0,0.1663612
DenseNet121,source_level,DR-HAGIS,raw_probability,Raw,13,0.8666666666666667,0.9333333333333333,0,,,
DenseNet121,source_level,DR-HAGIS,raw_probability,Raw,14,0.9333333333333333,1.0,5,0.9877372400000001,1.0,0.012262759999999928
DenseNet121,source_level,DRISHTI-GS1,raw_probability,Raw,0,0.0,0.06666666666666667,40,0.004126283280712501,0.4,0.3958737167192875
DenseNet121,source_level,DRISHTI-GS1,raw_probability,Raw,1,0.06666666666666667,0.13333333333333333,1,0.07456155,1.0,0.92543845
DenseNet121,source_level,DRISHTI-GS1,raw_probability,Raw,2,0.13333333333333333,0.2,1,0.16469614,1.0,0.83530386
DenseNet121,source_level,DRISHTI-GS1,raw_probability,Raw,3,0.2,0.26666666666666666,0,,,
DenseNet121,source_level,DRISHTI-GS1,raw_probability,Raw,4,0.26666666666666666,0.3333333333333333,1,0.32610437,0.0,0.32610437
DenseNet121,source_level,DRISHTI-GS1,raw_probability,Raw,5,0.3333333333333333,0.4,2,0.36652114,0.5,0.13347885999999998
DenseNet121,source_level,DRISHTI-GS1,raw_probability,Raw,6,0.4,0.4666666666666667,0,,,
DenseNet121,source_level,DRISHTI-GS1,raw_probability,Raw,7,0.4666666666666667,0.5333333333333333,0,,,
DenseNet121,source_level,DRISHTI-GS1,raw_probability,Raw,8,0.5333333333333333,0.6,1,0.56389606,1.0,0.43610393999999997
DenseNet121,source_level,DRISHTI-GS1,raw_probability,Raw,9,0.6,0.6666666666666666,0,,,
DenseNet121,source_level,DRISHTI-GS1,raw_probability,Raw,10,0.6666666666666666,0.7333333333333333,1,0.70914,1.0,0.29086
DenseNet121,source_level,DRISHTI-GS1,raw_probability,Raw,11,0.7333333333333333,0.8,0,,,
DenseNet121,source_level,DRISHTI-GS1,raw_probability,Raw,12,0.8,0.8666666666666667,1,0.8646876,1.0,0.1353124
DenseNet121,source_level,DRISHTI-GS1,raw_probability,Raw,13,0.8666666666666667,0.9333333333333333,3,0.9022658066666667,0.6666666666666666,0.23559914000000004
DenseNet121,source_level,DRISHTI-GS1,raw_probability,Raw,14,0.9333333333333333,1.0,50,0.9947004274000001,0.92,0.07470042740000005
DenseNet121,source_level,FIVES,raw_probability,Raw,0,0.0,0.06666666666666667,262,0.0005350124373401908,0.20610687022900764,0.20557185779166745
DenseNet121,source_level,FIVES,raw_probability,Raw,1,0.06666666666666667,0.13333333333333333,2,0.06915528200000001,1.0,0.930844718
DenseNet121,source_level,FIVES,raw_probability,Raw,2,0.13333333333333333,0.2,2,0.17227714,1.0,0.82772286
DenseNet121,source_level,FIVES,raw_probability,Raw,3,0.2,0.26666666666666666,2,0.21535490499999999,0.5,0.284645095
DenseNet121,source_level,FIVES,raw_probability,Raw,4,0.26666666666666666,0.3333333333333333,4,0.2955368675,0.5,0.20446313249999998
DenseNet121,source_level,FIVES,raw_probability,Raw,5,0.3333333333333333,0.4,1,0.34407893,0.0,0.34407893
DenseNet121,source_level,FIVES,raw_probability,Raw,6,0.4,0.4666666666666667,1,0.4432906,1.0,0.5567094
DenseNet121,source_level,FIVES,raw_probability,Raw,7,0.4666666666666667,0.5333333333333333,4,0.49815437,1.0,0.50184563
DenseNet121,source_level,FIVES,raw_probability,Raw,8,0.5333333333333333,0.6,3,0.5735152,0.0,0.5735152
DenseNet121,source_level,FIVES,raw_probability,Raw,9,0.6,0.6666666666666666,1,0.602878,1.0,0.397122
DenseNet121,source_level,FIVES,raw_probability,Raw,10,0.6666666666666666,0.7333333333333333,3,0.7035854333333332,0.6666666666666666,0.0369187666666666
DenseNet121,source_level,FIVES,raw_probability,Raw,11,0.7333333333333333,0.8,3,0.7756221499999999,0.6666666666666666,0.10895548333333327
DenseNet121,source_level,FIVES,raw_probability,Raw,12,0.8,0.8666666666666667,1,0.824371,1.0,0.17562900000000004
DenseNet121,source_level,FIVES,raw_probability,Raw,13,0.8666666666666667,0.9333333333333333,4,0.9067383600000001,0.5,0.4067383600000001
DenseNet121,source_level,FIVES,raw_probability,Raw,14,0.9333333333333333,1.0,107,0.9973872085981307,0.7102803738317757,0.287106834766355
DenseNet121,source_level,G1020,raw_probability,Raw,0,0.0,0.06666666666666667,853,0.002086610929232775,0.29073856975381007,0.2886519588245773
DenseNet121,source_level,G1020,raw_probability,Raw,1,0.06666666666666667,0.13333333333333333,14,0.10243373921428571,0.42857142857142855,0.3261376893571428
DenseNet121,source_level,G1020,raw_probability,Raw,2,0.13333333333333333,0.2,9,0.17110888777777777,0.2222222222222222,0.051113334444444436
DenseNet121,source_level,G1020,raw_probability,Raw,3,0.2,0.26666666666666666,9,0.23383222444444446,0.2222222222222222,0.011610002222222249
DenseNet121,source_level,G1020,raw_probability,Raw,4,0.26666666666666666,0.3333333333333333,7,0.29728685428571433,0.2857142857142857,0.011572568571428632
DenseNet121,source_level,G1020,raw_probability,Raw,5,0.3333333333333333,0.4,6,0.36603858166666664,0.3333333333333333,0.032705248333333325
DenseNet121,source_level,G1020,raw_probability,Raw,6,0.4,0.4666666666666667,6,0.4192911916666666,0.0,0.4192911916666666
DenseNet121,source_level,G1020,raw_probability,Raw,7,0.4666666666666667,0.5333333333333333,6,0.5019522883333333,0.5,0.0019522883333332741
DenseNet121,source_level,G1020,raw_probability,Raw,8,0.5333333333333333,0.6,3,0.5548633033333333,0.0,0.5548633033333333
DenseNet121,source_level,G1020,raw_probability,Raw,9,0.6,0.6666666666666666,5,0.631889892,0.2,0.431889892
DenseNet121,source_level,G1020,raw_probability,Raw,10,0.6666666666666666,0.7333333333333333,5,0.7014553699999999,0.2,0.50145537
DenseNet121,source_level,G1020,raw_probability,Raw,11,0.7333333333333333,0.8,13,0.7727033600000001,0.46153846153846156,0.3111648984615385
DenseNet121,source_level,G1020,raw_probability,Raw,12,0.8,0.8666666666666667,6,0.853805565,0.5,0.35380556500000004
DenseNet121,source_level,G1020,raw_probability,Raw,13,0.8666666666666667,0.9333333333333333,12,0.8983215650000002,0.5,0.39832156500000016
DenseNet121,source_level,G1020,raw_probability,Raw,14,0.9333333333333333,1.0,66,0.9886234407575759,0.21212121212121213,0.7765022286363638
DenseNet121,source_level,HRF,raw_probability,Raw,0,0.0,0.06666666666666667,16,0.0062830612855625,0.25,0.2437169387144375
DenseNet121,source_level,HRF,raw_probability,Raw,1,0.06666666666666667,0.13333333333333333,0,,,
DenseNet121,source_level,HRF,raw_probability,Raw,2,0.13333333333333333,0.2,1,0.17590791,1.0,0.8240920899999999
DenseNet121,source_level,HRF,raw_probability,Raw,3,0.2,0.26666666666666666,0,,,
DenseNet121,source_level,HRF,raw_probability,Raw,4,0.26666666666666666,0.3333333333333333,0,,,
DenseNet121,source_level,HRF,raw_probability,Raw,5,0.3333333333333333,0.4,2,0.39694551,0.5,0.10305449
DenseNet121,source_level,HRF,raw_probability,Raw,6,0.4,0.4666666666666667,0,,,
DenseNet121,source_level,HRF,raw_probability,Raw,7,0.4666666666666667,0.5333333333333333,0,,,
DenseNet121,source_level,HRF,raw_probability,Raw,8,0.5333333333333333,0.6,0,,,
DenseNet121,source_level,HRF,raw_probability,Raw,9,0.6,0.6666666666666666,0,,,
DenseNet121,source_level,HRF,raw_probability,Raw,10,0.6666666666666666,0.7333333333333333,0,,,
DenseNet121,source_level,HRF,raw_probability,Raw,11,0.7333333333333333,0.8,0,,,
DenseNet121,source_level,HRF,raw_probability,Raw,12,0.8,0.8666666666666667,1,0.8619902,1.0,0.13800979999999996
DenseNet121,source_level,HRF,raw_probability,Raw,13,0.8666666666666667,0.9333333333333333,1,0.9016497,1.0,0.0983503
DenseNet121,source_level,HRF,raw_probability,Raw,14,0.9333333333333333,1.0,9,0.9935501755555557,0.7777777777777778,0.2157723977777779
DenseNet121,source_level,JSIEC-1000,raw_probability,Raw,0,0.0,0.06666666666666667,38,0.0017452684295236839,0.0,0.0017452684295236839
DenseNet121,source_level,JSIEC-1000,raw_probability,Raw,1,0.06666666666666667,0.13333333333333333,0,,,
DenseNet121,source_level,JSIEC-1000,raw_probability,Raw,2,0.13333333333333333,0.2,0,,,
DenseNet121,source_level,JSIEC-1000,raw_probability,Raw,3,0.2,0.26666666666666666,0,,,
DenseNet121,source_level,JSIEC-1000,raw_probability,Raw,4,0.26666666666666666,0.3333333333333333,0,,,
DenseNet121,source_level,JSIEC-1000,raw_probability,Raw,5,0.3333333333333333,0.4,0,,,
DenseNet121,source_level,JSIEC-1000,raw_probability,Raw,6,0.4,0.4666666666666667,0,,,
DenseNet121,source_level,JSIEC-1000,raw_probability,Raw,7,0.4666666666666667,0.5333333333333333,0,,,
DenseNet121,source_level,JSIEC-1000,raw_probability,Raw,8,0.5333333333333333,0.6,0,,,
DenseNet121,source_level,JSIEC-1000,raw_probability,Raw,9,0.6,0.6666666666666666,0,,,
DenseNet121,source_level,JSIEC-1000,raw_probability,Raw,10,0.6666666666666666,0.7333333333333333,0,,,
DenseNet121,source_level,JSIEC-1000,raw_probability,Raw,11,0.7333333333333333,0.8,0,,,
DenseNet121,source_level,JSIEC-1000,raw_probability,Raw,12,0.8,0.8666666666666667,0,,,
DenseNet121,source_level,JSIEC-1000,raw_probability,Raw,13,0.8666666666666667,0.9333333333333333,0,,,
DenseNet121,source_level,JSIEC-1000,raw_probability,Raw,14,0.9333333333333333,1.0,0,,,
DenseNet121,source_level,LES-AV,raw_probability,Raw,0,0.0,0.06666666666666667,10,0.0016719686469,0.1,0.0983280313531
DenseNet121,source_level,LES-AV,raw_probability,Raw,1,0.06666666666666667,0.13333333333333333,0,,,
DenseNet121,source_level,LES-AV,raw_probability,Raw,2,0.13333333333333333,0.2,1,0.14887722,1.0,0.85112278
DenseNet121,source_level,LES-AV,raw_probability,Raw,3,0.2,0.26666666666666666,0,,,
DenseNet121,source_level,LES-AV,raw_probability,Raw,4,0.26666666666666666,0.3333333333333333,0,,,
DenseNet121,source_level,LES-AV,raw_probability,Raw,5,0.3333333333333333,0.4,0,,,
DenseNet121,source_level,LES-AV,raw_probability,Raw,6,0.4,0.4666666666666667,0,,,
DenseNet121,source_level,LES-AV,raw_probability,Raw,7,0.4666666666666667,0.5333333333333333,0,,,
DenseNet121,source_level,LES-AV,raw_probability,Raw,8,0.5333333333333333,0.6,0,,,
DenseNet121,source_level,LES-AV,raw_probability,Raw,9,0.6,0.6666666666666666,0,,,
DenseNet121,source_level,LES-AV,raw_probability,Raw,10,0.6666666666666666,0.7333333333333333,0,,,
DenseNet121,source_level,LES-AV,raw_probability,Raw,11,0.7333333333333333,0.8,0,,,
DenseNet121,source_level,LES-AV,raw_probability,Raw,12,0.8,0.8666666666666667,2,0.84917515,0.5,0.34917515
DenseNet121,source_level,LES-AV,raw_probability,Raw,13,0.8666666666666667,0.9333333333333333,0,,,
DenseNet121,source_level,LES-AV,raw_probability,Raw,14,0.9333333333333333,1.0,9,0.9928528155555555,0.8888888888888888,0.10396392666666665
DenseNet121,source_level,OIA-ODIR-TEST-OFFLINE,raw_probability,Raw,0,0.0,0.06666666666666667,338,0.002694666690060828,0.023668639053254437,0.020973972363193608
DenseNet121,source_level,OIA-ODIR-TEST-OFFLINE,raw_probability,Raw,1,0.06666666666666667,0.13333333333333333,14,0.09788733107142855,0.0,0.09788733107142855
DenseNet121,source_level,OIA-ODIR-TEST-OFFLINE,raw_probability,Raw,2,0.13333333333333333,0.2,5,0.15820593600000002,0.0,0.15820593600000002
DenseNet121,source_level,OIA-ODIR-TEST-OFFLINE,raw_probability,Raw,3,0.2,0.26666666666666666,2,0.224143775,0.0,0.224143775
DenseNet121,source_level,OIA-ODIR-TEST-OFFLINE,raw_probability,Raw,4,0.26666666666666666,0.3333333333333333,5,0.29227853800000003,0.0,0.29227853800000003
DenseNet121,source_level,OIA-ODIR-TEST-OFFLINE,raw_probability,Raw,5,0.3333333333333333,0.4,1,0.36972573,0.0,0.36972573
DenseNet121,source_level,OIA-ODIR-TEST-OFFLINE,raw_probability,Raw,6,0.4,0.4666666666666667,5,0.423003544,0.2,0.223003544
DenseNet121,source_level,OIA-ODIR-TEST-OFFLINE,raw_probability,Raw,7,0.4666666666666667,0.5333333333333333,2,0.508616175,0.0,0.508616175
DenseNet121,source_level,OIA-ODIR-TEST-OFFLINE,raw_probability,Raw,8,0.5333333333333333,0.6,0,,,
DenseNet121,source_level,OIA-ODIR-TEST-OFFLINE,raw_probability,Raw,9,0.6,0.6666666666666666,3,0.6313030199999999,0.0,0.6313030199999999
DenseNet121,source_level,OIA-ODIR-TEST-OFFLINE,raw_probability,Raw,10,0.6666666666666666,0.7333333333333333,2,0.697648385,0.0,0.697648385
DenseNet121,source_level,OIA-ODIR-TEST-OFFLINE,raw_probability,Raw,11,0.7333333333333333,0.8,4,0.7763402175,0.0,0.7763402175
DenseNet121,source_level,OIA-ODIR-TEST-OFFLINE,raw_probability,Raw,12,0.8,0.8666666666666667,5,0.8294248620000001,0.0,0.8294248620000001
DenseNet121,source_level,OIA-ODIR-TEST-OFFLINE,raw_probability,Raw,13,0.8666666666666667,0.9333333333333333,8,0.8969879925,0.125,0.7719879925
DenseNet121,source_level,OIA-ODIR-TEST-OFFLINE,raw_probability,Raw,14,0.9333333333333333,1.0,59,0.9927340966101694,0.4406779661016949,0.5520561305084746
DenseNet121,source_level,OIA-ODIR-TEST-ONLINE,raw_probability,Raw,0,0.0,0.06666666666666667,650,0.002594763087231231,0.004615384615384616,0.002020621528153385
DenseNet121,source_level,OIA-ODIR-TEST-ONLINE,raw_probability,Raw,1,0.06666666666666667,0.13333333333333333,6,0.09747307083333334,0.0,0.09747307083333334
DenseNet121,source_level,OIA-ODIR-TEST-ONLINE,raw_probability,Raw,2,0.13333333333333333,0.2,8,0.162825315,0.125,0.037825315
DenseNet121,source_level,OIA-ODIR-TEST-ONLINE,raw_probability,Raw,3,0.2,0.26666666666666666,12,0.22474735666666668,0.08333333333333333,0.14141402333333336
DenseNet121,source_level,OIA-ODIR-TEST-ONLINE,raw_probability,Raw,4,0.26666666666666666,0.3333333333333333,3,0.28972520333333335,0.0,0.28972520333333335
DenseNet121,source_level,OIA-ODIR-TEST-ONLINE,raw_probability,Raw,5,0.3333333333333333,0.4,2,0.36170903499999996,0.0,0.36170903499999996
DenseNet121,source_level,OIA-ODIR-TEST-ONLINE,raw_probability,Raw,6,0.4,0.4666666666666667,5,0.429234706,0.0,0.429234706
DenseNet121,source_level,OIA-ODIR-TEST-ONLINE,raw_probability,Raw,7,0.4666666666666667,0.5333333333333333,4,0.50060652,0.0,0.50060652
DenseNet121,source_level,OIA-ODIR-TEST-ONLINE,raw_probability,Raw,8,0.5333333333333333,0.6,4,0.5706400174999999,0.0,0.5706400174999999
DenseNet121,source_level,OIA-ODIR-TEST-ONLINE,raw_probability,Raw,9,0.6,0.6666666666666666,7,0.6280558585714285,0.0,0.6280558585714285
DenseNet121,source_level,OIA-ODIR-TEST-ONLINE,raw_probability,Raw,10,0.6666666666666666,0.7333333333333333,8,0.71079463625,0.0,0.71079463625
DenseNet121,source_level,OIA-ODIR-TEST-ONLINE,raw_probability,Raw,11,0.7333333333333333,0.8,2,0.772715,0.5,0.27271500000000004
DenseNet121,source_level,OIA-ODIR-TEST-ONLINE,raw_probability,Raw,12,0.8,0.8666666666666667,9,0.8401469222222222,0.0,0.8401469222222222
DenseNet121,source_level,OIA-ODIR-TEST-ONLINE,raw_probability,Raw,13,0.8666666666666667,0.9333333333333333,11,0.9028470072727273,0.0,0.9028470072727273
DenseNet121,source_level,OIA-ODIR-TEST-ONLINE,raw_probability,Raw,14,0.9333333333333333,1.0,129,0.9945814151937985,0.40310077519379844,0.5914806400000001
DenseNet121,source_level,OIA-ODIR-TRAIN,raw_probability,Raw,0,0.0,0.06666666666666667,2486,0.002557929623751028,0.008045052292839904,0.005487122669088876
DenseNet121,source_level,OIA-ODIR-TRAIN,raw_probability,Raw,1,0.06666666666666667,0.13333333333333333,44,0.09422441670454546,0.045454545454545456,0.04876987125
DenseNet121,source_level,OIA-ODIR-TRAIN,raw_probability,Raw,2,0.13333333333333333,0.2,37,0.16768096648648645,0.05405405405405406,0.11362691243243239
DenseNet121,source_level,OIA-ODIR-TRAIN,raw_probability,Raw,3,0.2,0.26666666666666666,16,0.229766653125,0.0,0.229766653125
DenseNet121,source_level,OIA-ODIR-TRAIN,raw_probability,Raw,4,0.26666666666666666,0.3333333333333333,19,0.2999057031578947,0.05263157894736842,0.2472741242105263
DenseNet121,source_level,OIA-ODIR-TRAIN,raw_probability,Raw,5,0.3333333333333333,0.4,15,0.362479588,0.2,0.162479588
DenseNet121,source_level,OIA-ODIR-TRAIN,raw_probability,Raw,6,0.4,0.4666666666666667,12,0.4366409791666666,0.0,0.4366409791666666
DenseNet121,source_level,OIA-ODIR-TRAIN,raw_probability,Raw,7,0.4666666666666667,0.5333333333333333,14,0.49202454428571435,0.07142857142857142,0.4205959728571429
DenseNet121,source_level,OIA-ODIR-TRAIN,raw_probability,Raw,8,0.5333333333333333,0.6,15,0.5662450246666667,0.06666666666666667,0.49957835800000006
DenseNet121,source_level,OIA-ODIR-TRAIN,raw_probability,Raw,9,0.6,0.6666666666666666,14,0.6310675821428572,0.21428571428571427,0.4167818678571429
DenseNet121,source_level,OIA-ODIR-TRAIN,raw_probability,Raw,10,0.6666666666666666,0.7333333333333333,11,0.7000256954545454,0.0,0.7000256954545454
DenseNet121,source_level,OIA-ODIR-TRAIN,raw_probability,Raw,11,0.7333333333333333,0.8,13,0.771113333076923,0.07692307692307693,0.694190256153846
DenseNet121,source_level,OIA-ODIR-TRAIN,raw_probability,Raw,12,0.8,0.8666666666666667,18,0.8346709794444445,0.1111111111111111,0.7235598683333333
DenseNet121,source_level,OIA-ODIR-TRAIN,raw_probability,Raw,13,0.8666666666666667,0.9333333333333333,31,0.8959789406451613,0.0967741935483871,0.7992047470967741
DenseNet121,source_level,OIA-ODIR-TRAIN,raw_probability,Raw,14,0.9333333333333333,1.0,384,0.9938175460937501,0.4114583333333333,0.5823592127604167
DenseNet121,source_level,ORIGA,raw_probability,Raw,0,0.0,0.06666666666666667,488,0.002647833944778688,0.12295081967213115,0.12030298572735246
DenseNet121,source_level,ORIGA,raw_probability,Raw,1,0.06666666666666667,0.13333333333333333,13,0.09212543815384613,0.46153846153846156,0.36941302338461546
DenseNet121,source_level,ORIGA,raw_probability,Raw,2,0.13333333333333333,0.2,5,0.16912958400000003,0.6,0.430870416
DenseNet121,source_level,ORIGA,raw_probability,Raw,3,0.2,0.26666666666666666,9,0.24063907111111116,0.6666666666666666,0.42602759555555547
DenseNet121,source_level,ORIGA,raw_probability,Raw,4,0.26666666666666666,0.3333333333333333,4,0.2903265725,0.25,0.04032657249999999
DenseNet121,source_level,ORIGA,raw_probability,Raw,5,0.3333333333333333,0.4,3,0.3683868433333333,0.6666666666666666,0.2982798233333333
DenseNet121,source_level,ORIGA,raw_probability,Raw,6,0.4,0.4666666666666667,2,0.43151237,0.5,0.06848763000000002
DenseNet121,source_level,ORIGA,raw_probability,Raw,7,0.4666666666666667,0.5333333333333333,4,0.5130465925,0.5,0.013046592499999954
DenseNet121,source_level,ORIGA,raw_probability,Raw,8,0.5333333333333333,0.6,3,0.57583215,0.6666666666666666,0.09083451666666664
DenseNet121,source_level,ORIGA,raw_probability,Raw,9,0.6,0.6666666666666666,5,0.62679615,0.4,0.22679614999999997
DenseNet121,source_level,ORIGA,raw_probability,Raw,10,0.6666666666666666,0.7333333333333333,4,0.69807763,1.0,0.30192237
DenseNet121,source_level,ORIGA,raw_probability,Raw,11,0.7333333333333333,0.8,3,0.7546492533333332,0.6666666666666666,0.08798258666666658
DenseNet121,source_level,ORIGA,raw_probability,Raw,12,0.8,0.8666666666666667,5,0.8417971,0.6,0.2417971
DenseNet121,source_level,ORIGA,raw_probability,Raw,13,0.8666666666666667,0.9333333333333333,8,0.8987719887500001,0.5,0.3987719887500001
DenseNet121,source_level,ORIGA,raw_probability,Raw,14,0.9333333333333333,1.0,94,0.9935900911702128,0.7446808510638298,0.24890924010638305
DenseNet121,source_level,REFUGE1-train,raw_probability,Raw,0,0.0,0.06666666666666667,368,0.0009366728002690679,0.035326086956521736,0.03438941415625267
DenseNet121,source_level,REFUGE1-train,raw_probability,Raw,1,0.06666666666666667,0.13333333333333333,2,0.08610276,0.5,0.41389724
DenseNet121,source_level,REFUGE1-train,raw_probability,Raw,2,0.13333333333333333,0.2,0,,,
DenseNet121,source_level,REFUGE1-train,raw_probability,Raw,3,0.2,0.26666666666666666,1,0.221061,0.0,0.221061
DenseNet121,source_level,REFUGE1-train,raw_probability,Raw,4,0.26666666666666666,0.3333333333333333,0,,,
DenseNet121,source_level,REFUGE1-train,raw_probability,Raw,5,0.3333333333333333,0.4,0,,,
DenseNet121,source_level,REFUGE1-train,raw_probability,Raw,6,0.4,0.4666666666666667,0,,,
DenseNet121,source_level,REFUGE1-train,raw_probability,Raw,7,0.4666666666666667,0.5333333333333333,0,,,
DenseNet121,source_level,REFUGE1-train,raw_probability,Raw,8,0.5333333333333333,0.6,0,,,
DenseNet121,source_level,REFUGE1-train,raw_probability,Raw,9,0.6,0.6666666666666666,0,,,
DenseNet121,source_level,REFUGE1-train,raw_probability,Raw,10,0.6666666666666666,0.7333333333333333,0,,,
DenseNet121,source_level,REFUGE1-train,raw_probability,Raw,11,0.7333333333333333,0.8,0,,,
DenseNet121,source_level,REFUGE1-train,raw_probability,Raw,12,0.8,0.8666666666666667,1,0.82492626,1.0,0.17507373999999998
DenseNet121,source_level,REFUGE1-train,raw_probability,Raw,13,0.8666666666666667,0.9333333333333333,1,0.92026514,0.0,0.92026514
DenseNet121,source_level,REFUGE1-train,raw_probability,Raw,14,0.9333333333333333,1.0,27,0.9986270807407408,0.9259259259259259,0.07270115481481487
DenseNet121,source_level,REFUGE1-val,raw_probability,Raw,0,0.0,0.06666666666666667,364,0.0005411443743751099,0.027472527472527472,0.02693138309815236
DenseNet121,source_level,REFUGE1-val,raw_probability,Raw,1,0.06666666666666667,0.13333333333333333,3,0.08258745133333333,0.0,0.08258745133333333
DenseNet121,source_level,REFUGE1-val,raw_probability,Raw,2,0.13333333333333333,0.2,1,0.1420415,1.0,0.8579585000000001
DenseNet121,source_level,REFUGE1-val,raw_probability,Raw,3,0.2,0.26666666666666666,1,0.20425709,1.0,0.79574291
DenseNet121,source_level,REFUGE1-val,raw_probability,Raw,4,0.26666666666666666,0.3333333333333333,0,,,
DenseNet121,source_level,REFUGE1-val,raw_probability,Raw,5,0.3333333333333333,0.4,1,0.35648084,0.0,0.35648084
DenseNet121,source_level,REFUGE1-val,raw_probability,Raw,6,0.4,0.4666666666666667,2,0.40158531,1.0,0.59841469
DenseNet121,source_level,REFUGE1-val,raw_probability,Raw,7,0.4666666666666667,0.5333333333333333,0,,,
DenseNet121,source_level,REFUGE1-val,raw_probability,Raw,8,0.5333333333333333,0.6,0,,,
DenseNet121,source_level,REFUGE1-val,raw_probability,Raw,9,0.6,0.6666666666666666,0,,,
DenseNet121,source_level,REFUGE1-val,raw_probability,Raw,10,0.6666666666666666,0.7333333333333333,0,,,
DenseNet121,source_level,REFUGE1-val,raw_probability,Raw,11,0.7333333333333333,0.8,1,0.75246423,1.0,0.24753577000000004
DenseNet121,source_level,REFUGE1-val,raw_probability,Raw,12,0.8,0.8666666666666667,2,0.84900173,1.0,0.15099827
DenseNet121,source_level,REFUGE1-val,raw_probability,Raw,13,0.8666666666666667,0.9333333333333333,0,,,
DenseNet121,source_level,REFUGE1-val,raw_probability,Raw,14,0.9333333333333333,1.0,25,0.9966483012,0.92,0.07664830119999999
DenseNet121,source_level,sjchoi86-HRF,raw_probability,Raw,0,0.0,0.06666666666666667,334,0.0014819113429576348,0.16467065868263472,0.1631887473396771
DenseNet121,source_level,sjchoi86-HRF,raw_probability,Raw,1,0.06666666666666667,0.13333333333333333,7,0.10338376842857143,0.5714285714285714,0.46804480299999995
DenseNet121,source_level,sjchoi86-HRF,raw_probability,Raw,2,0.13333333333333333,0.2,6,0.15102976999999998,0.6666666666666666,0.5156368966666667
DenseNet121,source_level,sjchoi86-HRF,raw_probability,Raw,3,0.2,0.26666666666666666,1,0.22764954,0.0,0.22764954
DenseNet121,source_level,sjchoi86-HRF,raw_probability,Raw,4,0.26666666666666666,0.3333333333333333,3,0.29404075333333335,0.6666666666666666,0.3726259133333333
DenseNet121,source_level,sjchoi86-HRF,raw_probability,Raw,5,0.3333333333333333,0.4,1,0.36008847,1.0,0.63991153
DenseNet121,source_level,sjchoi86-HRF,raw_probability,Raw,6,0.4,0.4666666666666667,1,0.44836769,1.0,0.55163231
DenseNet121,source_level,sjchoi86-HRF,raw_probability,Raw,7,0.4666666666666667,0.5333333333333333,2,0.495361595,1.0,0.504638405
DenseNet121,source_level,sjchoi86-HRF,raw_probability,Raw,8,0.5333333333333333,0.6,3,0.5710026133333334,0.6666666666666666,0.09566405333333328
DenseNet121,source_level,sjchoi86-HRF,raw_probability,Raw,9,0.6,0.6666666666666666,0,,,
DenseNet121,source_level,sjchoi86-HRF,raw_probability,Raw,10,0.6666666666666666,0.7333333333333333,1,0.73105466,0.0,0.73105466
DenseNet121,source_level,sjchoi86-HRF,raw_probability,Raw,11,0.7333333333333333,0.8,0,,,
DenseNet121,source_level,sjchoi86-HRF,raw_probability,Raw,12,0.8,0.8666666666666667,1,0.82028246,1.0,0.17971753999999995
DenseNet121,source_level,sjchoi86-HRF,raw_probability,Raw,13,0.8666666666666667,0.9333333333333333,1,0.92193085,0.0,0.92193085
DenseNet121,source_level,sjchoi86-HRF,raw_probability,Raw,14,0.9333333333333333,1.0,40,0.995412692,0.725,0.27041269200000007
DenseNet121,pooled_smdg,pooled_smdg,temperature_scaled_probability,Temperature-scaled,0,0.0,0.06666666666666667,5838,0.022190625091976703,0.07725248372730387,0.055061858635327164
DenseNet121,pooled_smdg,pooled_smdg,temperature_scaled_probability,Temperature-scaled,1,0.06666666666666667,0.13333333333333333,555,0.09214068584684686,0.12972972972972974,0.03758904388288288
DenseNet121,pooled_smdg,pooled_smdg,temperature_scaled_probability,Temperature-scaled,2,0.13333333333333333,0.2,242,0.16418914314049585,0.1487603305785124,0.015428812561983446
DenseNet121,pooled_smdg,pooled_smdg,temperature_scaled_probability,Temperature-scaled,3,0.2,0.26666666666666666,140,0.23116020842857143,0.19285714285714287,0.03830306557142857
DenseNet121,pooled_smdg,pooled_smdg,temperature_scaled_probability,Temperature-scaled,4,0.26666666666666666,0.3333333333333333,113,0.30086303132743364,0.23008849557522124,0.0707745357522124
DenseNet121,pooled_smdg,pooled_smdg,temperature_scaled_probability,Temperature-scaled,5,0.3333333333333333,0.4,109,0.36594500513761463,0.22935779816513763,0.136587206972477
DenseNet121,pooled_smdg,pooled_smdg,temperature_scaled_probability,Temperature-scaled,6,0.4,0.4666666666666667,94,0.435676355425532,0.23404255319148937,0.20163380223404265
DenseNet121,pooled_smdg,pooled_smdg,temperature_scaled_probability,Temperature-scaled,7,0.4666666666666667,0.5333333333333333,83,0.501472369879518,0.2891566265060241,0.21231574337349396
DenseNet121,pooled_smdg,pooled_smdg,temperature_scaled_probability,Temperature-scaled,8,0.5333333333333333,0.6,83,0.5643305179518072,0.25301204819277107,0.31131846975903615
DenseNet121,pooled_smdg,pooled_smdg,temperature_scaled_probability,Temperature-scaled,9,0.6,0.6666666666666666,82,0.6319344223170732,0.3170731707317073,0.3148612515853659
DenseNet121,pooled_smdg,pooled_smdg,temperature_scaled_probability,Temperature-scaled,10,0.6666666666666666,0.7333333333333333,101,0.6990635997029703,0.26732673267326734,0.43173686702970293
DenseNet121,pooled_smdg,pooled_smdg,temperature_scaled_probability,Temperature-scaled,11,0.7333333333333333,0.8,91,0.768960034175824,0.2857142857142857,0.48324574846153834
DenseNet121,pooled_smdg,pooled_smdg,temperature_scaled_probability,Temperature-scaled,12,0.8,0.8666666666666667,90,0.8314111121111111,0.3111111111111111,0.520300001
DenseNet121,pooled_smdg,pooled_smdg,temperature_scaled_probability,Temperature-scaled,13,0.8666666666666667,0.9333333333333333,140,0.9006943970714287,0.3,0.6006943970714287
DenseNet121,pooled_smdg,pooled_smdg,temperature_scaled_probability,Temperature-scaled,14,0.9333333333333333,1.0,866,0.9858612650692841,0.6443418013856813,0.34151946368360275
DenseNet121,source_level,BEH,temperature_scaled_probability,Temperature-scaled,0,0.0,0.06666666666666667,377,0.02952086288647215,0.1273209549071618,0.09780009202068965
DenseNet121,source_level,BEH,temperature_scaled_probability,Temperature-scaled,1,0.06666666666666667,0.13333333333333333,41,0.09147180063414634,0.14634146341463414,0.0548696627804878
DenseNet121,source_level,BEH,temperature_scaled_probability,Temperature-scaled,2,0.13333333333333333,0.2,21,0.16202075285714285,0.14285714285714285,0.019163609999999998
DenseNet121,source_level,BEH,temperature_scaled_probability,Temperature-scaled,3,0.2,0.26666666666666666,6,0.226898305,0.5,0.27310169500000003
DenseNet121,source_level,BEH,temperature_scaled_probability,Temperature-scaled,4,0.26666666666666666,0.3333333333333333,9,0.29704574111111115,0.4444444444444444,0.14739870333333327
DenseNet121,source_level,BEH,temperature_scaled_probability,Temperature-scaled,5,0.3333333333333333,0.4,3,0.36198071666666665,0.3333333333333333,0.02864738333333333
DenseNet121,source_level,BEH,temperature_scaled_probability,Temperature-scaled,6,0.4,0.4666666666666667,8,0.44258506249999996,0.25,0.19258506249999996
DenseNet121,source_level,BEH,temperature_scaled_probability,Temperature-scaled,7,0.4666666666666667,0.5333333333333333,6,0.49174254333333334,0.3333333333333333,0.15840921000000002
DenseNet121,source_level,BEH,temperature_scaled_probability,Temperature-scaled,8,0.5333333333333333,0.6,13,0.5669095853846154,0.38461538461538464,0.1822942007692308
DenseNet121,source_level,BEH,temperature_scaled_probability,Temperature-scaled,9,0.6,0.6666666666666666,6,0.6258260383333333,0.0,0.6258260383333333
DenseNet121,source_level,BEH,temperature_scaled_probability,Temperature-scaled,10,0.6666666666666666,0.7333333333333333,5,0.6841018400000001,0.4,0.28410184000000005
DenseNet121,source_level,BEH,temperature_scaled_probability,Temperature-scaled,11,0.7333333333333333,0.8,9,0.76758272,0.5555555555555556,0.21202716444444447
DenseNet121,source_level,BEH,temperature_scaled_probability,Temperature-scaled,12,0.8,0.8666666666666667,8,0.83703883125,0.25,0.58703883125
DenseNet121,source_level,BEH,temperature_scaled_probability,Temperature-scaled,13,0.8666666666666667,0.9333333333333333,19,0.8947101021052631,0.47368421052631576,0.4210258915789474
DenseNet121,source_level,BEH,temperature_scaled_probability,Temperature-scaled,14,0.9333333333333333,1.0,103,0.9883340809708737,0.7669902912621359,0.2213437897087378
DenseNet121,source_level,CRFO-v4,temperature_scaled_probability,Temperature-scaled,0,0.0,0.06666666666666667,26,0.035098425576923074,0.5769230769230769,0.5418246513461538
DenseNet121,source_level,CRFO-v4,temperature_scaled_probability,Temperature-scaled,1,0.06666666666666667,0.13333333333333333,6,0.09261161166666666,0.5,0.40738838833333335
DenseNet121,source_level,CRFO-v4,temperature_scaled_probability,Temperature-scaled,2,0.13333333333333333,0.2,1,0.18307751,0.0,0.18307751
DenseNet121,source_level,CRFO-v4,temperature_scaled_probability,Temperature-scaled,3,0.2,0.26666666666666666,2,0.24994559,1.0,0.75005441
DenseNet121,source_level,CRFO-v4,temperature_scaled_probability,Temperature-scaled,4,0.26666666666666666,0.3333333333333333,2,0.29405069,1.0,0.70594931
DenseNet121,source_level,CRFO-v4,temperature_scaled_probability,Temperature-scaled,5,0.3333333333333333,0.4,3,0.3736658133333333,0.3333333333333333,0.040332480000000004
DenseNet121,source_level,CRFO-v4,temperature_scaled_probability,Temperature-scaled,6,0.4,0.4666666666666667,1,0.43430972,1.0,0.56569028
DenseNet121,source_level,CRFO-v4,temperature_scaled_probability,Temperature-scaled,7,0.4666666666666667,0.5333333333333333,4,0.48652829249999996,0.75,0.26347170750000004
DenseNet121,source_level,CRFO-v4,temperature_scaled_probability,Temperature-scaled,8,0.5333333333333333,0.6,1,0.53341556,1.0,0.46658444
DenseNet121,source_level,CRFO-v4,temperature_scaled_probability,Temperature-scaled,9,0.6,0.6666666666666666,6,0.63268992,0.6666666666666666,0.03397674666666661
DenseNet121,source_level,CRFO-v4,temperature_scaled_probability,Temperature-scaled,10,0.6666666666666666,0.7333333333333333,6,0.708023625,0.3333333333333333,0.37469029166666673
DenseNet121,source_level,CRFO-v4,temperature_scaled_probability,Temperature-scaled,11,0.7333333333333333,0.8,0,,,
DenseNet121,source_level,CRFO-v4,temperature_scaled_probability,Temperature-scaled,12,0.8,0.8666666666666667,3,0.8338387633333334,0.3333333333333333,0.50050543
DenseNet121,source_level,CRFO-v4,temperature_scaled_probability,Temperature-scaled,13,0.8666666666666667,0.9333333333333333,4,0.8872829625,0.5,0.38728296250000005
DenseNet121,source_level,CRFO-v4,temperature_scaled_probability,Temperature-scaled,14,0.9333333333333333,1.0,14,0.9762423735714286,0.7857142857142857,0.19052808785714292
DenseNet121,source_level,DR-HAGIS,temperature_scaled_probability,Temperature-scaled,0,0.0,0.06666666666666667,3,0.019952179333333334,1.0,0.9800478206666666
DenseNet121,source_level,DR-HAGIS,temperature_scaled_probability,Temperature-scaled,1,0.06666666666666667,0.13333333333333333,0,,,
DenseNet121,source_level,DR-HAGIS,temperature_scaled_probability,Temperature-scaled,2,0.13333333333333333,0.2,0,,,
DenseNet121,source_level,DR-HAGIS,temperature_scaled_probability,Temperature-scaled,3,0.2,0.26666666666666666,0,,,
DenseNet121,source_level,DR-HAGIS,temperature_scaled_probability,Temperature-scaled,4,0.26666666666666666,0.3333333333333333,1,0.2964541,1.0,0.7035459
DenseNet121,source_level,DR-HAGIS,temperature_scaled_probability,Temperature-scaled,5,0.3333333333333333,0.4,0,,,
DenseNet121,source_level,DR-HAGIS,temperature_scaled_probability,Temperature-scaled,6,0.4,0.4666666666666667,0,,,
DenseNet121,source_level,DR-HAGIS,temperature_scaled_probability,Temperature-scaled,7,0.4666666666666667,0.5333333333333333,0,,,
DenseNet121,source_level,DR-HAGIS,temperature_scaled_probability,Temperature-scaled,8,0.5333333333333333,0.6,0,,,
DenseNet121,source_level,DR-HAGIS,temperature_scaled_probability,Temperature-scaled,9,0.6,0.6666666666666666,0,,,
DenseNet121,source_level,DR-HAGIS,temperature_scaled_probability,Temperature-scaled,10,0.6666666666666666,0.7333333333333333,1,0.6666735,1.0,0.33332649999999997
DenseNet121,source_level,DR-HAGIS,temperature_scaled_probability,Temperature-scaled,11,0.7333333333333333,0.8,1,0.7691235,1.0,0.23087650000000004
DenseNet121,source_level,DR-HAGIS,temperature_scaled_probability,Temperature-scaled,12,0.8,0.8666666666666667,0,,,
DenseNet121,source_level,DR-HAGIS,temperature_scaled_probability,Temperature-scaled,13,0.8666666666666667,0.9333333333333333,1,0.91762805,1.0,0.08237194999999997
DenseNet121,source_level,DR-HAGIS,temperature_scaled_probability,Temperature-scaled,14,0.9333333333333333,1.0,3,0.98523835,1.0,0.01476164999999996
DenseNet121,source_level,DRISHTI-GS1,temperature_scaled_probability,Temperature-scaled,0,0.0,0.06666666666666667,34,0.021629589573529416,0.29411764705882354,0.27248805748529414
DenseNet121,source_level,DRISHTI-GS1,temperature_scaled_probability,Temperature-scaled,1,0.06666666666666667,0.13333333333333333,1,0.09521926,1.0,0.90478074
DenseNet121,source_level,DRISHTI-GS1,temperature_scaled_probability,Temperature-scaled,2,0.13333333333333333,0.2,4,0.17474069250000002,1.0,0.8252593075
DenseNet121,source_level,DRISHTI-GS1,temperature_scaled_probability,Temperature-scaled,3,0.2,0.26666666666666666,2,0.232814365,1.0,0.767185635
DenseNet121,source_level,DRISHTI-GS1,temperature_scaled_probability,Temperature-scaled,4,0.26666666666666666,0.3333333333333333,1,0.3321753,1.0,0.6678246999999999
DenseNet121,source_level,DRISHTI-GS1,temperature_scaled_probability,Temperature-scaled,5,0.3333333333333333,0.4,0,,,
DenseNet121,source_level,DRISHTI-GS1,temperature_scaled_probability,Temperature-scaled,6,0.4,0.4666666666666667,3,0.43512452333333335,0.3333333333333333,0.10179119000000003
DenseNet121,source_level,DRISHTI-GS1,temperature_scaled_probability,Temperature-scaled,7,0.4666666666666667,0.5333333333333333,1,0.5276051,1.0,0.47239489999999995
DenseNet121,source_level,DRISHTI-GS1,temperature_scaled_probability,Temperature-scaled,8,0.5333333333333333,0.6,1,0.59467274,1.0,0.40532725999999997
DenseNet121,source_level,DRISHTI-GS1,temperature_scaled_probability,Temperature-scaled,9,0.6,0.6666666666666666,0,,,
DenseNet121,source_level,DRISHTI-GS1,temperature_scaled_probability,Temperature-scaled,10,0.6666666666666666,0.7333333333333333,3,0.7023320166666668,0.6666666666666666,0.03566535000000015
DenseNet121,source_level,DRISHTI-GS1,temperature_scaled_probability,Temperature-scaled,11,0.7333333333333333,0.8,3,0.7620314833333334,0.6666666666666666,0.09536481666666674
DenseNet121,source_level,DRISHTI-GS1,temperature_scaled_probability,Temperature-scaled,12,0.8,0.8666666666666667,4,0.831688215,0.75,0.08168821500000001
DenseNet121,source_level,DRISHTI-GS1,temperature_scaled_probability,Temperature-scaled,13,0.8666666666666667,0.9333333333333333,6,0.9016276133333334,0.8333333333333334,0.06829428000000004
DenseNet121,source_level,DRISHTI-GS1,temperature_scaled_probability,Temperature-scaled,14,0.9333333333333333,1.0,38,0.9867902242105263,0.9736842105263158,0.013106013684210494
DenseNet121,source_level,FIVES,temperature_scaled_probability,Temperature-scaled,0,0.0,0.06666666666666667,250,0.0160611702052,0.176,0.15993882979479998
DenseNet121,source_level,FIVES,temperature_scaled_probability,Temperature-scaled,1,0.06666666666666667,0.13333333333333333,9,0.09817745433333333,0.7777777777777778,0.6796003234444444
DenseNet121,source_level,FIVES,temperature_scaled_probability,Temperature-scaled,2,0.13333333333333333,0.2,3,0.14272764666666665,1.0,0.8572723533333333
DenseNet121,source_level,FIVES,temperature_scaled_probability,Temperature-scaled,3,0.2,0.26666666666666666,2,0.24633713000000002,1.0,0.75366287
DenseNet121,source_level,FIVES,temperature_scaled_probability,Temperature-scaled,4,0.26666666666666666,0.3333333333333333,1,0.33187813,1.0,0.66812187
DenseNet121,source_level,FIVES,temperature_scaled_probability,Temperature-scaled,5,0.3333333333333333,0.4,5,0.37340175200000003,0.6,0.22659824799999995
DenseNet121,source_level,FIVES,temperature_scaled_probability,Temperature-scaled,6,0.4,0.4666666666666667,3,0.42181912666666666,0.3333333333333333,0.08848579333333334
DenseNet121,source_level,FIVES,temperature_scaled_probability,Temperature-scaled,7,0.4666666666666667,0.5333333333333333,7,0.5043824028571429,0.7142857142857143,0.20990331142857144
DenseNet121,source_level,FIVES,temperature_scaled_probability,Temperature-scaled,8,0.5333333333333333,0.6,4,0.5634065075,0.5,0.06340650749999999
DenseNet121,source_level,FIVES,temperature_scaled_probability,Temperature-scaled,9,0.6,0.6666666666666666,5,0.6311981400000001,0.8,0.16880185999999997
DenseNet121,source_level,FIVES,temperature_scaled_probability,Temperature-scaled,10,0.6666666666666666,0.7333333333333333,3,0.7231247866666667,0.3333333333333333,0.38979145333333337
DenseNet121,source_level,FIVES,temperature_scaled_probability,Temperature-scaled,11,0.7333333333333333,0.8,3,0.7592929133333333,0.6666666666666666,0.09262624666666663
DenseNet121,source_level,FIVES,temperature_scaled_probability,Temperature-scaled,12,0.8,0.8666666666666667,5,0.827169216,1.0,0.17283078399999996
DenseNet121,source_level,FIVES,temperature_scaled_probability,Temperature-scaled,13,0.8666666666666667,0.9333333333333333,4,0.9007996,1.0,0.09920039999999997
DenseNet121,source_level,FIVES,temperature_scaled_probability,Temperature-scaled,14,0.9333333333333333,1.0,96,0.9901371914583331,0.6875,0.3026371914583331
DenseNet121,source_level,G1020,temperature_scaled_probability,Temperature-scaled,0,0.0,0.06666666666666667,751,0.019505825153861515,0.2836218375499334,0.2641160123960719
DenseNet121,source_level,G1020,temperature_scaled_probability,Temperature-scaled,1,0.06666666666666667,0.13333333333333333,59,0.09422460972881355,0.4067796610169492,0.31255505128813565
DenseNet121,source_level,G1020,temperature_scaled_probability,Temperature-scaled,2,0.13333333333333333,0.2,34,0.16818375941176472,0.29411764705882354,0.12593388764705882
DenseNet121,source_level,G1020,temperature_scaled_probability,Temperature-scaled,3,0.2,0.26666666666666666,13,0.23085791846153841,0.15384615384615385,0.07701176461538456
DenseNet121,source_level,G1020,temperature_scaled_probability,Temperature-scaled,4,0.26666666666666666,0.3333333333333333,13,0.2988700430769231,0.46153846153846156,0.16266841846153846
DenseNet121,source_level,G1020,temperature_scaled_probability,Temperature-scaled,5,0.3333333333333333,0.4,18,0.3680191855555556,0.2222222222222222,0.14579696333333336
DenseNet121,source_level,G1020,temperature_scaled_probability,Temperature-scaled,6,0.4,0.4666666666666667,15,0.44170189333333343,0.2,0.24170189333333342
DenseNet121,source_level,G1020,temperature_scaled_probability,Temperature-scaled,7,0.4666666666666667,0.5333333333333333,10,0.505388593,0.3,0.20538859300000006
DenseNet121,source_level,G1020,temperature_scaled_probability,Temperature-scaled,8,0.5333333333333333,0.6,10,0.5744185130000001,0.2,0.3744185130000001
DenseNet121,source_level,G1020,temperature_scaled_probability,Temperature-scaled,9,0.6,0.6666666666666666,13,0.6289761492307692,0.46153846153846156,0.1674376876923076
DenseNet121,source_level,G1020,temperature_scaled_probability,Temperature-scaled,10,0.6666666666666666,0.7333333333333333,13,0.6945121015384615,0.46153846153846156,0.23297363999999998
DenseNet121,source_level,G1020,temperature_scaled_probability,Temperature-scaled,11,0.7333333333333333,0.8,10,0.7558893099999999,0.4,0.3558893099999999
DenseNet121,source_level,G1020,temperature_scaled_probability,Temperature-scaled,12,0.8,0.8666666666666667,15,0.8295341413333333,0.13333333333333333,0.696200808
DenseNet121,source_level,G1020,temperature_scaled_probability,Temperature-scaled,13,0.8666666666666667,0.9333333333333333,10,0.892115024,0.2,0.692115024
DenseNet121,source_level,G1020,temperature_scaled_probability,Temperature-scaled,14,0.9333333333333333,1.0,36,0.9759789830555553,0.25,0.7259789830555553
DenseNet121,source_level,HRF,temperature_scaled_probability,Temperature-scaled,0,0.0,0.06666666666666667,10,0.0250669871,0.1,0.07493301290000001
DenseNet121,source_level,HRF,temperature_scaled_probability,Temperature-scaled,1,0.06666666666666667,0.13333333333333333,4,0.0772094875,0.5,0.4227905125
DenseNet121,source_level,HRF,temperature_scaled_probability,Temperature-scaled,2,0.13333333333333333,0.2,0,,,
DenseNet121,source_level,HRF,temperature_scaled_probability,Temperature-scaled,3,0.2,0.26666666666666666,2,0.20759894,0.5,0.29240106
DenseNet121,source_level,HRF,temperature_scaled_probability,Temperature-scaled,4,0.26666666666666666,0.3333333333333333,0,,,
DenseNet121,source_level,HRF,temperature_scaled_probability,Temperature-scaled,5,0.3333333333333333,0.4,1,0.3397913,1.0,0.6602087
DenseNet121,source_level,HRF,temperature_scaled_probability,Temperature-scaled,6,0.4,0.4666666666666667,2,0.4551519,0.5,0.0448481
DenseNet121,source_level,HRF,temperature_scaled_probability,Temperature-scaled,7,0.4666666666666667,0.5333333333333333,0,,,
DenseNet121,source_level,HRF,temperature_scaled_probability,Temperature-scaled,8,0.5333333333333333,0.6,0,,,
DenseNet121,source_level,HRF,temperature_scaled_probability,Temperature-scaled,9,0.6,0.6666666666666666,0,,,
DenseNet121,source_level,HRF,temperature_scaled_probability,Temperature-scaled,10,0.6666666666666666,0.7333333333333333,2,0.704550075,1.0,0.295449925
DenseNet121,source_level,HRF,temperature_scaled_probability,Temperature-scaled,11,0.7333333333333333,0.8,0,,,
DenseNet121,source_level,HRF,temperature_scaled_probability,Temperature-scaled,12,0.8,0.8666666666666667,2,0.8370756500000001,1.0,0.16292434999999994
DenseNet121,source_level,HRF,temperature_scaled_probability,Temperature-scaled,13,0.8666666666666667,0.9333333333333333,2,0.90411335,0.0,0.90411335
DenseNet121,source_level,HRF,temperature_scaled_probability,Temperature-scaled,14,0.9333333333333333,1.0,5,0.977352812,1.0,0.022647187999999985
DenseNet121,source_level,JSIEC-1000,temperature_scaled_probability,Temperature-scaled,0,0.0,0.06666666666666667,36,0.021030594977777775,0.0,0.021030594977777775
DenseNet121,source_level,JSIEC-1000,temperature_scaled_probability,Temperature-scaled,1,0.06666666666666667,0.13333333333333333,1,0.08849101,0.0,0.08849101
DenseNet121,source_level,JSIEC-1000,temperature_scaled_probability,Temperature-scaled,2,0.13333333333333333,0.2,0,,,
DenseNet121,source_level,JSIEC-1000,temperature_scaled_probability,Temperature-scaled,3,0.2,0.26666666666666666,1,0.22413327,0.0,0.22413327
DenseNet121,source_level,JSIEC-1000,temperature_scaled_probability,Temperature-scaled,4,0.26666666666666666,0.3333333333333333,0,,,
DenseNet121,source_level,JSIEC-1000,temperature_scaled_probability,Temperature-scaled,5,0.3333333333333333,0.4,0,,,
DenseNet121,source_level,JSIEC-1000,temperature_scaled_probability,Temperature-scaled,6,0.4,0.4666666666666667,0,,,
DenseNet121,source_level,JSIEC-1000,temperature_scaled_probability,Temperature-scaled,7,0.4666666666666667,0.5333333333333333,0,,,
DenseNet121,source_level,JSIEC-1000,temperature_scaled_probability,Temperature-scaled,8,0.5333333333333333,0.6,0,,,
DenseNet121,source_level,JSIEC-1000,temperature_scaled_probability,Temperature-scaled,9,0.6,0.6666666666666666,0,,,
DenseNet121,source_level,JSIEC-1000,temperature_scaled_probability,Temperature-scaled,10,0.6666666666666666,0.7333333333333333,0,,,
DenseNet121,source_level,JSIEC-1000,temperature_scaled_probability,Temperature-scaled,11,0.7333333333333333,0.8,0,,,
DenseNet121,source_level,JSIEC-1000,temperature_scaled_probability,Temperature-scaled,12,0.8,0.8666666666666667,0,,,
DenseNet121,source_level,JSIEC-1000,temperature_scaled_probability,Temperature-scaled,13,0.8666666666666667,0.9333333333333333,0,,,
DenseNet121,source_level,JSIEC-1000,temperature_scaled_probability,Temperature-scaled,14,0.9333333333333333,1.0,0,,,
DenseNet121,source_level,LES-AV,temperature_scaled_probability,Temperature-scaled,0,0.0,0.06666666666666667,7,0.02639203157142857,0.0,0.02639203157142857
DenseNet121,source_level,LES-AV,temperature_scaled_probability,Temperature-scaled,1,0.06666666666666667,0.13333333333333333,3,0.08771737466666667,0.3333333333333333,0.24561595866666663
DenseNet121,source_level,LES-AV,temperature_scaled_probability,Temperature-scaled,2,0.13333333333333333,0.2,0,,,
DenseNet121,source_level,LES-AV,temperature_scaled_probability,Temperature-scaled,3,0.2,0.26666666666666666,0,,,
DenseNet121,source_level,LES-AV,temperature_scaled_probability,Temperature-scaled,4,0.26666666666666666,0.3333333333333333,1,0.32085088,1.0,0.6791491199999999
DenseNet121,source_level,LES-AV,temperature_scaled_probability,Temperature-scaled,5,0.3333333333333333,0.4,0,,,
DenseNet121,source_level,LES-AV,temperature_scaled_probability,Temperature-scaled,6,0.4,0.4666666666666667,0,,,
DenseNet121,source_level,LES-AV,temperature_scaled_probability,Temperature-scaled,7,0.4666666666666667,0.5333333333333333,0,,,
DenseNet121,source_level,LES-AV,temperature_scaled_probability,Temperature-scaled,8,0.5333333333333333,0.6,0,,,
DenseNet121,source_level,LES-AV,temperature_scaled_probability,Temperature-scaled,9,0.6,0.6666666666666666,1,0.66592944,1.0,0.33407056
DenseNet121,source_level,LES-AV,temperature_scaled_probability,Temperature-scaled,10,0.6666666666666666,0.7333333333333333,1,0.6903668,0.0,0.6903668
DenseNet121,source_level,LES-AV,temperature_scaled_probability,Temperature-scaled,11,0.7333333333333333,0.8,1,0.7678961,1.0,0.23210390000000003
DenseNet121,source_level,LES-AV,temperature_scaled_probability,Temperature-scaled,12,0.8,0.8666666666666667,0,,,
DenseNet121,source_level,LES-AV,temperature_scaled_probability,Temperature-scaled,13,0.8666666666666667,0.9333333333333333,1,0.913893,1.0,0.08610700000000004
DenseNet121,source_level,LES-AV,temperature_scaled_probability,Temperature-scaled,14,0.9333333333333333,1.0,7,0.9897186385714285,0.8571428571428571,0.1325757814285714
DenseNet121,source_level,OIA-ODIR-TEST-OFFLINE,temperature_scaled_probability,Temperature-scaled,0,0.0,0.06666666666666667,277,0.02150189120685921,0.018050541516245487,0.003451349690613722
DenseNet121,source_level,OIA-ODIR-TEST-OFFLINE,temperature_scaled_probability,Temperature-scaled,1,0.06666666666666667,0.13333333333333333,37,0.08837849505405404,0.05405405405405406,0.03432444099999998
DenseNet121,source_level,OIA-ODIR-TEST-OFFLINE,temperature_scaled_probability,Temperature-scaled,2,0.13333333333333333,0.2,18,0.16133870000000003,0.05555555555555555,0.10578314444444448
DenseNet121,source_level,OIA-ODIR-TEST-OFFLINE,temperature_scaled_probability,Temperature-scaled,3,0.2,0.26666666666666666,10,0.22927298499999998,0.0,0.22927298499999998
DenseNet121,source_level,OIA-ODIR-TEST-OFFLINE,temperature_scaled_probability,Temperature-scaled,4,0.26666666666666666,0.3333333333333333,13,0.2933415300000001,0.0,0.2933415300000001
DenseNet121,source_level,OIA-ODIR-TEST-OFFLINE,temperature_scaled_probability,Temperature-scaled,5,0.3333333333333333,0.4,6,0.3682559383333333,0.0,0.3682559383333333
DenseNet121,source_level,OIA-ODIR-TEST-OFFLINE,temperature_scaled_probability,Temperature-scaled,6,0.4,0.4666666666666667,7,0.43814431285714284,0.14285714285714285,0.29528717
DenseNet121,source_level,OIA-ODIR-TEST-OFFLINE,temperature_scaled_probability,Temperature-scaled,7,0.4666666666666667,0.5333333333333333,4,0.48851490999999997,0.0,0.48851490999999997
DenseNet121,source_level,OIA-ODIR-TEST-OFFLINE,temperature_scaled_probability,Temperature-scaled,8,0.5333333333333333,0.6,5,0.5701405979999999,0.0,0.5701405979999999
DenseNet121,source_level,OIA-ODIR-TEST-OFFLINE,temperature_scaled_probability,Temperature-scaled,9,0.6,0.6666666666666666,7,0.6426822814285715,0.0,0.6426822814285715
DenseNet121,source_level,OIA-ODIR-TEST-OFFLINE,temperature_scaled_probability,Temperature-scaled,10,0.6666666666666666,0.7333333333333333,9,0.7043283188888889,0.1111111111111111,0.5932172077777778
DenseNet121,source_level,OIA-ODIR-TEST-OFFLINE,temperature_scaled_probability,Temperature-scaled,11,0.7333333333333333,0.8,6,0.776134925,0.0,0.776134925
DenseNet121,source_level,OIA-ODIR-TEST-OFFLINE,temperature_scaled_probability,Temperature-scaled,12,0.8,0.8666666666666667,6,0.8402939850000001,0.3333333333333333,0.5069606516666667
DenseNet121,source_level,OIA-ODIR-TEST-OFFLINE,temperature_scaled_probability,Temperature-scaled,13,0.8666666666666667,0.9333333333333333,8,0.9048745125,0.125,0.7798745125
DenseNet121,source_level,OIA-ODIR-TEST-OFFLINE,temperature_scaled_probability,Temperature-scaled,14,0.9333333333333333,1.0,40,0.9875344054999999,0.575,0.4125344055
DenseNet121,source_level,OIA-ODIR-TEST-ONLINE,temperature_scaled_probability,Temperature-scaled,0,0.0,0.06666666666666667,553,0.02305530162296564,0.003616636528028933,0.01943866509493671
DenseNet121,source_level,OIA-ODIR-TEST-ONLINE,temperature_scaled_probability,Temperature-scaled,1,0.06666666666666667,0.13333333333333333,54,0.09117558487037034,0.0,0.09117558487037034
DenseNet121,source_level,OIA-ODIR-TEST-ONLINE,temperature_scaled_probability,Temperature-scaled,2,0.13333333333333333,0.2,31,0.16030778903225806,0.03225806451612903,0.12804972451612903
DenseNet121,source_level,OIA-ODIR-TEST-ONLINE,temperature_scaled_probability,Temperature-scaled,3,0.2,0.26666666666666666,15,0.2236686606666667,0.0,0.2236686606666667
DenseNet121,source_level,OIA-ODIR-TEST-ONLINE,temperature_scaled_probability,Temperature-scaled,4,0.26666666666666666,0.3333333333333333,8,0.3105939375,0.0,0.3105939375
DenseNet121,source_level,OIA-ODIR-TEST-ONLINE,temperature_scaled_probability,Temperature-scaled,5,0.3333333333333333,0.4,16,0.36786701875,0.125,0.24286701875
DenseNet121,source_level,OIA-ODIR-TEST-ONLINE,temperature_scaled_probability,Temperature-scaled,6,0.4,0.4666666666666667,7,0.44051161428571434,0.0,0.44051161428571434
DenseNet121,source_level,OIA-ODIR-TEST-ONLINE,temperature_scaled_probability,Temperature-scaled,7,0.4666666666666667,0.5333333333333333,8,0.5008593112499999,0.0,0.5008593112499999
DenseNet121,source_level,OIA-ODIR-TEST-ONLINE,temperature_scaled_probability,Temperature-scaled,8,0.5333333333333333,0.6,12,0.5592244300000001,0.0,0.5592244300000001
DenseNet121,source_level,OIA-ODIR-TEST-ONLINE,temperature_scaled_probability,Temperature-scaled,9,0.6,0.6666666666666666,11,0.6282755881818183,0.09090909090909091,0.5373664972727273
DenseNet121,source_level,OIA-ODIR-TEST-ONLINE,temperature_scaled_probability,Temperature-scaled,10,0.6666666666666666,0.7333333333333333,13,0.7027731923076923,0.0,0.7027731923076923
DenseNet121,source_level,OIA-ODIR-TEST-ONLINE,temperature_scaled_probability,Temperature-scaled,11,0.7333333333333333,0.8,13,0.7747818184615384,0.07692307692307693,0.6978587415384614
DenseNet121,source_level,OIA-ODIR-TEST-ONLINE,temperature_scaled_probability,Temperature-scaled,12,0.8,0.8666666666666667,5,0.8341096799999999,0.2,0.6341096799999999
DenseNet121,source_level,OIA-ODIR-TEST-ONLINE,temperature_scaled_probability,Temperature-scaled,13,0.8666666666666667,0.9333333333333333,13,0.9072190853846153,0.0,0.9072190853846153
DenseNet121,source_level,OIA-ODIR-TEST-ONLINE,temperature_scaled_probability,Temperature-scaled,14,0.9333333333333333,1.0,101,0.9837637223762379,0.49504950495049505,0.48871421742574284
DenseNet121,source_level,OIA-ODIR-TRAIN,temperature_scaled_probability,Temperature-scaled,0,0.0,0.06666666666666667,2097,0.02251237216776824,0.00619933237958989,0.01631303978817835
DenseNet121,source_level,OIA-ODIR-TRAIN,temperature_scaled_probability,Temperature-scaled,1,0.06666666666666667,0.13333333333333333,246,0.09198258391869918,0.008130081300813009,0.08385250261788617
DenseNet121,source_level,OIA-ODIR-TRAIN,temperature_scaled_probability,Temperature-scaled,2,0.13333333333333333,0.2,102,0.1660173595098039,0.00980392156862745,0.15621343794117645
DenseNet121,source_level,OIA-ODIR-TRAIN,temperature_scaled_probability,Temperature-scaled,3,0.2,0.26666666666666666,60,0.23020494899999996,0.1,0.13020494899999996
DenseNet121,source_level,OIA-ODIR-TRAIN,temperature_scaled_probability,Temperature-scaled,4,0.26666666666666666,0.3333333333333333,43,0.30138819441860465,0.0,0.30138819441860465
DenseNet121,source_level,OIA-ODIR-TRAIN,temperature_scaled_probability,Temperature-scaled,5,0.3333333333333333,0.4,39,0.3612300317948718,0.05128205128205128,0.3099479805128205
DenseNet121,source_level,OIA-ODIR-TRAIN,temperature_scaled_probability,Temperature-scaled,6,0.4,0.4666666666666667,35,0.43121075142857146,0.11428571428571428,0.3169250371428572
DenseNet121,source_level,OIA-ODIR-TRAIN,temperature_scaled_probability,Temperature-scaled,7,0.4666666666666667,0.5333333333333333,31,0.502067080967742,0.06451612903225806,0.43755095193548393
DenseNet121,source_level,OIA-ODIR-TRAIN,temperature_scaled_probability,Temperature-scaled,8,0.5333333333333333,0.6,27,0.5620131059259259,0.1111111111111111,0.4509019948148148
DenseNet121,source_level,OIA-ODIR-TRAIN,temperature_scaled_probability,Temperature-scaled,9,0.6,0.6666666666666666,23,0.6323681204347826,0.08695652173913043,0.5454115986956523
DenseNet121,source_level,OIA-ODIR-TRAIN,temperature_scaled_probability,Temperature-scaled,10,0.6666666666666666,0.7333333333333333,33,0.696130326969697,0.09090909090909091,0.6052212360606061
DenseNet121,source_level,OIA-ODIR-TRAIN,temperature_scaled_probability,Temperature-scaled,11,0.7333333333333333,0.8,33,0.7713220015151515,0.12121212121212122,0.6501098803030303
DenseNet121,source_level,OIA-ODIR-TRAIN,temperature_scaled_probability,Temperature-scaled,12,0.8,0.8666666666666667,30,0.8275772326666665,0.03333333333333333,0.7942438993333332
DenseNet121,source_level,OIA-ODIR-TRAIN,temperature_scaled_probability,Temperature-scaled,13,0.8666666666666667,0.9333333333333333,50,0.9014124282,0.16,0.7414124282
DenseNet121,source_level,OIA-ODIR-TRAIN,temperature_scaled_probability,Temperature-scaled,14,0.9333333333333333,1.0,280,0.9847957046785715,0.5214285714285715,0.46336713325
DenseNet121,source_level,ORIGA,temperature_scaled_probability,Temperature-scaled,0,0.0,0.06666666666666667,412,0.03130319896019418,0.0825242718446602,0.05122107288446602
DenseNet121,source_level,ORIGA,temperature_scaled_probability,Temperature-scaled,1,0.06666666666666667,0.13333333333333333,54,0.09323206751851851,0.25925925925925924,0.16602719174074074
DenseNet121,source_level,ORIGA,temperature_scaled_probability,Temperature-scaled,2,0.13333333333333333,0.2,13,0.16769891000000003,0.6923076923076923,0.5246087823076923
DenseNet121,source_level,ORIGA,temperature_scaled_probability,Temperature-scaled,3,0.2,0.26666666666666666,16,0.23826633874999997,0.375,0.13673366125000003
DenseNet121,source_level,ORIGA,temperature_scaled_probability,Temperature-scaled,4,0.26666666666666666,0.3333333333333333,8,0.29908866874999995,0.375,0.07591133125000005
DenseNet121,source_level,ORIGA,temperature_scaled_probability,Temperature-scaled,5,0.3333333333333333,0.4,13,0.3715038023076923,0.6923076923076923,0.32080389
DenseNet121,source_level,ORIGA,temperature_scaled_probability,Temperature-scaled,6,0.4,0.4666666666666667,7,0.43103849,0.42857142857142855,0.0024670614285714487
DenseNet121,source_level,ORIGA,temperature_scaled_probability,Temperature-scaled,7,0.4666666666666667,0.5333333333333333,7,0.5080438857142857,0.5714285714285714,0.06338468571428568
DenseNet121,source_level,ORIGA,temperature_scaled_probability,Temperature-scaled,8,0.5333333333333333,0.6,9,0.5638038044444446,0.6666666666666666,0.10286286222222207
DenseNet121,source_level,ORIGA,temperature_scaled_probability,Temperature-scaled,9,0.6,0.6666666666666666,6,0.6288282816666667,0.8333333333333334,0.20450505166666666
DenseNet121,source_level,ORIGA,temperature_scaled_probability,Temperature-scaled,10,0.6666666666666666,0.7333333333333333,10,0.706307258,0.5,0.20630725800000005
DenseNet121,source_level,ORIGA,temperature_scaled_probability,Temperature-scaled,11,0.7333333333333333,0.8,7,0.7703980285714286,0.7142857142857143,0.05611231428571428
DenseNet121,source_level,ORIGA,temperature_scaled_probability,Temperature-scaled,12,0.8,0.8666666666666667,7,0.8241065357142857,0.8571428571428571,0.03303632142857138
DenseNet121,source_level,ORIGA,temperature_scaled_probability,Temperature-scaled,13,0.8666666666666667,0.9333333333333333,13,0.9049284038461539,0.38461538461538464,0.5203130192307692
DenseNet121,source_level,ORIGA,temperature_scaled_probability,Temperature-scaled,14,0.9333333333333333,1.0,68,0.9857570539705885,0.7941176470588235,0.19163940691176506
DenseNet121,source_level,REFUGE1-train,temperature_scaled_probability,Temperature-scaled,0,0.0,0.06666666666666667,353,0.014422437152691217,0.028328611898016998,0.01390617474532578
DenseNet121,source_level,REFUGE1-train,temperature_scaled_probability,Temperature-scaled,1,0.06666666666666667,0.13333333333333333,6,0.09116748233333333,0.0,0.09116748233333333
DenseNet121,source_level,REFUGE1-train,temperature_scaled_probability,Temperature-scaled,2,0.13333333333333333,0.2,6,0.15976259333333334,0.5,0.3402374066666667
DenseNet121,source_level,REFUGE1-train,temperature_scaled_probability,Temperature-scaled,3,0.2,0.26666666666666666,4,0.2283641775,0.25,0.021635822500000013
DenseNet121,source_level,REFUGE1-train,temperature_scaled_probability,Temperature-scaled,4,0.26666666666666666,0.3333333333333333,1,0.26707277,0.0,0.26707277
DenseNet121,source_level,REFUGE1-train,temperature_scaled_probability,Temperature-scaled,5,0.3333333333333333,0.4,1,0.36778805,0.0,0.36778805
DenseNet121,source_level,REFUGE1-train,temperature_scaled_probability,Temperature-scaled,6,0.4,0.4666666666666667,0,,,
DenseNet121,source_level,REFUGE1-train,temperature_scaled_probability,Temperature-scaled,7,0.4666666666666667,0.5333333333333333,0,,,
DenseNet121,source_level,REFUGE1-train,temperature_scaled_probability,Temperature-scaled,8,0.5333333333333333,0.6,0,,,
DenseNet121,source_level,REFUGE1-train,temperature_scaled_probability,Temperature-scaled,9,0.6,0.6666666666666666,1,0.66076475,1.0,0.33923525
DenseNet121,source_level,REFUGE1-train,temperature_scaled_probability,Temperature-scaled,10,0.6666666666666666,0.7333333333333333,0,,,
DenseNet121,source_level,REFUGE1-train,temperature_scaled_probability,Temperature-scaled,11,0.7333333333333333,0.8,1,0.7411633,0.0,0.7411633
DenseNet121,source_level,REFUGE1-train,temperature_scaled_probability,Temperature-scaled,12,0.8,0.8666666666666667,2,0.8500931,0.5,0.35009310000000005
DenseNet121,source_level,REFUGE1-train,temperature_scaled_probability,Temperature-scaled,13,0.8666666666666667,0.9333333333333333,0,,,
DenseNet121,source_level,REFUGE1-train,temperature_scaled_probability,Temperature-scaled,14,0.9333333333333333,1.0,25,0.9931805932000001,0.96,0.03318059320000011
DenseNet121,source_level,REFUGE1-val,temperature_scaled_probability,Temperature-scaled,0,0.0,0.06666666666666667,351,0.014862218450997153,0.02564102564102564,0.010778807190028487
DenseNet121,source_level,REFUGE1-val,temperature_scaled_probability,Temperature-scaled,1,0.06666666666666667,0.13333333333333333,11,0.09968342518181818,0.0,0.09968342518181818
DenseNet121,source_level,REFUGE1-val,temperature_scaled_probability,Temperature-scaled,2,0.13333333333333333,0.2,1,0.15347262,0.0,0.15347262
DenseNet121,source_level,REFUGE1-val,temperature_scaled_probability,Temperature-scaled,3,0.2,0.26666666666666666,3,0.24409032333333336,0.3333333333333333,0.08924300999999996
DenseNet121,source_level,REFUGE1-val,temperature_scaled_probability,Temperature-scaled,4,0.26666666666666666,0.3333333333333333,2,0.30068934999999997,0.5,0.19931065000000003
DenseNet121,source_level,REFUGE1-val,temperature_scaled_probability,Temperature-scaled,5,0.3333333333333333,0.4,1,0.35780546,1.0,0.64219454
DenseNet121,source_level,REFUGE1-val,temperature_scaled_probability,Temperature-scaled,6,0.4,0.4666666666666667,3,0.45041950333333336,0.6666666666666666,0.21624716333333327
DenseNet121,source_level,REFUGE1-val,temperature_scaled_probability,Temperature-scaled,7,0.4666666666666667,0.5333333333333333,0,,,
DenseNet121,source_level,REFUGE1-val,temperature_scaled_probability,Temperature-scaled,8,0.5333333333333333,0.6,0,,,
DenseNet121,source_level,REFUGE1-val,temperature_scaled_probability,Temperature-scaled,9,0.6,0.6666666666666666,1,0.6173211,1.0,0.38267890000000004
DenseNet121,source_level,REFUGE1-val,temperature_scaled_probability,Temperature-scaled,10,0.6666666666666666,0.7333333333333333,2,0.67761235,1.0,0.32238765
DenseNet121,source_level,REFUGE1-val,temperature_scaled_probability,Temperature-scaled,11,0.7333333333333333,0.8,1,0.7748355,1.0,0.2251645
DenseNet121,source_level,REFUGE1-val,temperature_scaled_probability,Temperature-scaled,12,0.8,0.8666666666666667,0,,,
DenseNet121,source_level,REFUGE1-val,temperature_scaled_probability,Temperature-scaled,13,0.8666666666666667,0.9333333333333333,3,0.8840983000000001,1.0,0.11590169999999989
DenseNet121,source_level,REFUGE1-val,temperature_scaled_probability,Temperature-scaled,14,0.9333333333333333,1.0,21,0.9879712157142857,0.9047619047619048,0.08320931095238093
DenseNet121,source_level,sjchoi86-HRF,temperature_scaled_probability,Temperature-scaled,0,0.0,0.06666666666666667,301,0.025701902049169438,0.1461794019933555,0.12047749994418605
DenseNet121,source_level,sjchoi86-HRF,temperature_scaled_probability,Temperature-scaled,1,0.06666666666666667,0.13333333333333333,23,0.09279399917391302,0.43478260869565216,0.34198860952173915
DenseNet121,source_level,sjchoi86-HRF,temperature_scaled_probability,Temperature-scaled,2,0.13333333333333333,0.2,8,0.15041538125,0.125,0.025415381250000008
DenseNet121,source_level,sjchoi86-HRF,temperature_scaled_probability,Temperature-scaled,3,0.2,0.26666666666666666,4,0.24607882250000002,0.25,0.003921177499999984
DenseNet121,source_level,sjchoi86-HRF,temperature_scaled_probability,Temperature-scaled,4,0.26666666666666666,0.3333333333333333,10,0.30502959500000004,0.6,0.29497040499999994
DenseNet121,source_level,sjchoi86-HRF,temperature_scaled_probability,Temperature-scaled,5,0.3333333333333333,0.4,3,0.3704661533333333,0.3333333333333333,0.03713282000000001
DenseNet121,source_level,sjchoi86-HRF,temperature_scaled_probability,Temperature-scaled,6,0.4,0.4666666666666667,3,0.42014277,1.0,0.57985723
DenseNet121,source_level,sjchoi86-HRF,temperature_scaled_probability,Temperature-scaled,7,0.4666666666666667,0.5333333333333333,5,0.506429916,0.8,0.29357008400000006
DenseNet121,source_level,sjchoi86-HRF,temperature_scaled_probability,Temperature-scaled,8,0.5333333333333333,0.6,1,0.53372467,1.0,0.46627533
DenseNet121,source_level,sjchoi86-HRF,temperature_scaled_probability,Temperature-scaled,9,0.6,0.6666666666666666,2,0.631793525,0.5,0.13179352499999997
DenseNet121,source_level,sjchoi86-HRF,temperature_scaled_probability,Temperature-scaled,10,0.6666666666666666,0.7333333333333333,0,,,
DenseNet121,source_level,sjchoi86-HRF,temperature_scaled_probability,Temperature-scaled,11,0.7333333333333333,0.8,3,0.7719495,0.0,0.7719495
DenseNet121,source_level,sjchoi86-HRF,temperature_scaled_probability,Temperature-scaled,12,0.8,0.8666666666666667,3,0.84694985,0.6666666666666666,0.18028318333333337
DenseNet121,source_level,sjchoi86-HRF,temperature_scaled_probability,Temperature-scaled,13,0.8666666666666667,0.9333333333333333,6,0.9091499933333331,0.16666666666666666,0.7424833266666665
DenseNet121,source_level,sjchoi86-HRF,temperature_scaled_probability,Temperature-scaled,14,0.9333333333333333,1.0,29,0.9869103651724139,0.896551724137931,0.09035864103448288
EfficientNetB0,pooled_smdg,pooled_smdg,raw_probability,Raw,0,0.0,0.06666666666666667,6786,0.001859366475711617,0.08620689655172414,0.08434753007601253
EfficientNetB0,pooled_smdg,pooled_smdg,raw_probability,Raw,1,0.06666666666666667,0.13333333333333333,125,0.09621766286400002,0.208,0.11178233713599997
EfficientNetB0,pooled_smdg,pooled_smdg,raw_probability,Raw,2,0.13333333333333333,0.2,90,0.16931441455555557,0.18888888888888888,0.019574474333333314
EfficientNetB0,pooled_smdg,pooled_smdg,raw_probability,Raw,3,0.2,0.26666666666666666,50,0.22823767319999994,0.28,0.05176232680000009
EfficientNetB0,pooled_smdg,pooled_smdg,raw_probability,Raw,4,0.26666666666666666,0.3333333333333333,35,0.30041200714285715,0.17142857142857143,0.12898343571428572
EfficientNetB0,pooled_smdg,pooled_smdg,raw_probability,Raw,5,0.3333333333333333,0.4,50,0.3653401014,0.26,0.1053401014
EfficientNetB0,pooled_smdg,pooled_smdg,raw_probability,Raw,6,0.4,0.4666666666666667,39,0.4372373882051282,0.3076923076923077,0.1295450805128205
EfficientNetB0,pooled_smdg,pooled_smdg,raw_probability,Raw,7,0.4666666666666667,0.5333333333333333,37,0.502478612972973,0.2972972972972973,0.2051813156756757
EfficientNetB0,pooled_smdg,pooled_smdg,raw_probability,Raw,8,0.5333333333333333,0.6,43,0.5636766893023256,0.3023255813953488,0.2613511079069768
EfficientNetB0,pooled_smdg,pooled_smdg,raw_probability,Raw,9,0.6,0.6666666666666666,46,0.6266877404347825,0.32608695652173914,0.30060078391304335
EfficientNetB0,pooled_smdg,pooled_smdg,raw_probability,Raw,10,0.6666666666666666,0.7333333333333333,32,0.6980957790625,0.1875,0.5105957790625
EfficientNetB0,pooled_smdg,pooled_smdg,raw_probability,Raw,11,0.7333333333333333,0.8,49,0.7705971185714285,0.2653061224489796,0.505290996122449
EfficientNetB0,pooled_smdg,pooled_smdg,raw_probability,Raw,12,0.8,0.8666666666666667,62,0.8320888864516128,0.4032258064516129,0.42886307999999995
EfficientNetB0,pooled_smdg,pooled_smdg,raw_probability,Raw,13,0.8666666666666667,0.9333333333333333,85,0.9018725482352942,0.3058823529411765,0.5959901952941177
EfficientNetB0,pooled_smdg,pooled_smdg,raw_probability,Raw,14,0.9333333333333333,1.0,1098,0.9941473919672132,0.5728597449908925,0.4212876469763207
EfficientNetB0,source_level,BEH,raw_probability,Raw,0,0.0,0.06666666666666667,444,0.0030640346519931476,0.14189189189189189,0.13882785723989874
EfficientNetB0,source_level,BEH,raw_probability,Raw,1,0.06666666666666667,0.13333333333333333,13,0.09271659284615387,0.15384615384615385,0.061129560999999985
EfficientNetB0,source_level,BEH,raw_probability,Raw,2,0.13333333333333333,0.2,13,0.17121662923076922,0.23076923076923078,0.059552601538461564
EfficientNetB0,source_level,BEH,raw_probability,Raw,3,0.2,0.26666666666666666,2,0.20122939,0.5,0.29877061
EfficientNetB0,source_level,BEH,raw_probability,Raw,4,0.26666666666666666,0.3333333333333333,9,0.2937801311111111,0.1111111111111111,0.18266902000000002
EfficientNetB0,source_level,BEH,raw_probability,Raw,5,0.3333333333333333,0.4,4,0.35242915,0.75,0.39757085
EfficientNetB0,source_level,BEH,raw_probability,Raw,6,0.4,0.4666666666666667,0,,,
EfficientNetB0,source_level,BEH,raw_probability,Raw,7,0.4666666666666667,0.5333333333333333,4,0.5033889574999999,0.25,0.2533889574999999
EfficientNetB0,source_level,BEH,raw_probability,Raw,8,0.5333333333333333,0.6,5,0.5646130919999999,0.2,0.36461309199999986
EfficientNetB0,source_level,BEH,raw_probability,Raw,9,0.6,0.6666666666666666,6,0.63013496,0.3333333333333333,0.2968016266666667
EfficientNetB0,source_level,BEH,raw_probability,Raw,10,0.6666666666666666,0.7333333333333333,1,0.69813806,0.0,0.69813806
EfficientNetB0,source_level,BEH,raw_probability,Raw,11,0.7333333333333333,0.8,3,0.7806107666666667,0.3333333333333333,0.4472774333333334
EfficientNetB0,source_level,BEH,raw_probability,Raw,12,0.8,0.8666666666666667,11,0.820229430909091,0.7272727272727273,0.09295670363636366
EfficientNetB0,source_level,BEH,raw_probability,Raw,13,0.8666666666666667,0.9333333333333333,7,0.9005403657142858,0.5714285714285714,0.32911179428571435
EfficientNetB0,source_level,BEH,raw_probability,Raw,14,0.9333333333333333,1.0,112,0.9938978253571429,0.7232142857142857,0.2706835396428572
EfficientNetB0,source_level,CRFO-v4,raw_probability,Raw,0,0.0,0.06666666666666667,37,0.009163597935799147,0.6486486486486487,0.6394850507128496
EfficientNetB0,source_level,CRFO-v4,raw_probability,Raw,1,0.06666666666666667,0.13333333333333333,8,0.11065332375,0.5,0.38934667624999997
EfficientNetB0,source_level,CRFO-v4,raw_probability,Raw,2,0.13333333333333333,0.2,1,0.14136261,1.0,0.85863739
EfficientNetB0,source_level,CRFO-v4,raw_probability,Raw,3,0.2,0.26666666666666666,2,0.23661999,0.5,0.26338001
EfficientNetB0,source_level,CRFO-v4,raw_probability,Raw,4,0.26666666666666666,0.3333333333333333,0,,,
EfficientNetB0,source_level,CRFO-v4,raw_probability,Raw,5,0.3333333333333333,0.4,2,0.35536296,0.5,0.14463704
EfficientNetB0,source_level,CRFO-v4,raw_probability,Raw,6,0.4,0.4666666666666667,2,0.41131464,0.5,0.08868535999999999
EfficientNetB0,source_level,CRFO-v4,raw_probability,Raw,7,0.4666666666666667,0.5333333333333333,2,0.478396955,1.0,0.521603045
EfficientNetB0,source_level,CRFO-v4,raw_probability,Raw,8,0.5333333333333333,0.6,2,0.576224145,0.0,0.576224145
EfficientNetB0,source_level,CRFO-v4,raw_probability,Raw,9,0.6,0.6666666666666666,0,,,
EfficientNetB0,source_level,CRFO-v4,raw_probability,Raw,10,0.6666666666666666,0.7333333333333333,0,,,
EfficientNetB0,source_level,CRFO-v4,raw_probability,Raw,11,0.7333333333333333,0.8,1,0.785234,1.0,0.214766
EfficientNetB0,source_level,CRFO-v4,raw_probability,Raw,12,0.8,0.8666666666666667,2,0.8463801200000001,1.0,0.15361987999999993
EfficientNetB0,source_level,CRFO-v4,raw_probability,Raw,13,0.8666666666666667,0.9333333333333333,1,0.8850764,0.0,0.8850764
EfficientNetB0,source_level,CRFO-v4,raw_probability,Raw,14,0.9333333333333333,1.0,19,0.9988918036842107,0.5789473684210527,0.41994443526315806
EfficientNetB0,source_level,DR-HAGIS,raw_probability,Raw,0,0.0,0.06666666666666667,3,2.391673822e-05,1.0,0.99997608326178
EfficientNetB0,source_level,DR-HAGIS,raw_probability,Raw,1,0.06666666666666667,0.13333333333333333,0,,,
EfficientNetB0,source_level,DR-HAGIS,raw_probability,Raw,2,0.13333333333333333,0.2,0,,,
EfficientNetB0,source_level,DR-HAGIS,raw_probability,Raw,3,0.2,0.26666666666666666,1,0.2205407,1.0,0.7794593
EfficientNetB0,source_level,DR-HAGIS,raw_probability,Raw,4,0.26666666666666666,0.3333333333333333,0,,,
EfficientNetB0,source_level,DR-HAGIS,raw_probability,Raw,5,0.3333333333333333,0.4,0,,,
EfficientNetB0,source_level,DR-HAGIS,raw_probability,Raw,6,0.4,0.4666666666666667,1,0.41991,1.0,0.58009
EfficientNetB0,source_level,DR-HAGIS,raw_probability,Raw,7,0.4666666666666667,0.5333333333333333,0,,,
EfficientNetB0,source_level,DR-HAGIS,raw_probability,Raw,8,0.5333333333333333,0.6,0,,,
EfficientNetB0,source_level,DR-HAGIS,raw_probability,Raw,9,0.6,0.6666666666666666,0,,,
EfficientNetB0,source_level,DR-HAGIS,raw_probability,Raw,10,0.6666666666666666,0.7333333333333333,0,,,
EfficientNetB0,source_level,DR-HAGIS,raw_probability,Raw,11,0.7333333333333333,0.8,0,,,
EfficientNetB0,source_level,DR-HAGIS,raw_probability,Raw,12,0.8,0.8666666666666667,0,,,
EfficientNetB0,source_level,DR-HAGIS,raw_probability,Raw,13,0.8666666666666667,0.9333333333333333,0,,,
EfficientNetB0,source_level,DR-HAGIS,raw_probability,Raw,14,0.9333333333333333,1.0,5,0.992202112,1.0,0.007797888000000031
EfficientNetB0,source_level,DRISHTI-GS1,raw_probability,Raw,0,0.0,0.06666666666666667,39,0.002617241655282236,0.358974358974359,0.35635711731907677
EfficientNetB0,source_level,DRISHTI-GS1,raw_probability,Raw,1,0.06666666666666667,0.13333333333333333,1,0.09453407,1.0,0.90546593
EfficientNetB0,source_level,DRISHTI-GS1,raw_probability,Raw,2,0.13333333333333333,0.2,1,0.14484707,1.0,0.85515293
EfficientNetB0,source_level,DRISHTI-GS1,raw_probability,Raw,3,0.2,0.26666666666666666,0,,,
EfficientNetB0,source_level,DRISHTI-GS1,raw_probability,Raw,4,0.26666666666666666,0.3333333333333333,2,0.298137915,1.0,0.701862085
EfficientNetB0,source_level,DRISHTI-GS1,raw_probability,Raw,5,0.3333333333333333,0.4,0,,,
EfficientNetB0,source_level,DRISHTI-GS1,raw_probability,Raw,6,0.4,0.4666666666666667,2,0.43491536,1.0,0.56508464
EfficientNetB0,source_level,DRISHTI-GS1,raw_probability,Raw,7,0.4666666666666667,0.5333333333333333,1,0.523328,1.0,0.476672
EfficientNetB0,source_level,DRISHTI-GS1,raw_probability,Raw,8,0.5333333333333333,0.6,4,0.5619180475000001,0.75,0.18808195249999993
EfficientNetB0,source_level,DRISHTI-GS1,raw_probability,Raw,9,0.6,0.6666666666666666,1,0.618931,0.0,0.618931
EfficientNetB0,source_level,DRISHTI-GS1,raw_probability,Raw,10,0.6666666666666666,0.7333333333333333,1,0.6669517,0.0,0.6669517
EfficientNetB0,source_level,DRISHTI-GS1,raw_probability,Raw,11,0.7333333333333333,0.8,0,,,
EfficientNetB0,source_level,DRISHTI-GS1,raw_probability,Raw,12,0.8,0.8666666666666667,2,0.8343144499999999,1.0,0.16568555000000007
EfficientNetB0,source_level,DRISHTI-GS1,raw_probability,Raw,13,0.8666666666666667,0.9333333333333333,1,0.9054288,1.0,0.09457119999999997
EfficientNetB0,source_level,DRISHTI-GS1,raw_probability,Raw,14,0.9333333333333333,1.0,46,0.9941026797826086,0.9347826086956522,0.05932007108695636
EfficientNetB0,source_level,FIVES,raw_probability,Raw,0,0.0,0.06666666666666667,269,0.0017795396883942226,0.21933085501858737,0.21755131533019315
EfficientNetB0,source_level,FIVES,raw_probability,Raw,1,0.06666666666666667,0.13333333333333333,5,0.0811740256,0.6,0.5188259744
EfficientNetB0,source_level,FIVES,raw_probability,Raw,2,0.13333333333333333,0.2,6,0.16256205833333334,0.16666666666666666,0.004104608333333315
EfficientNetB0,source_level,FIVES,raw_probability,Raw,3,0.2,0.26666666666666666,2,0.250147575,0.5,0.249852425
EfficientNetB0,source_level,FIVES,raw_probability,Raw,4,0.26666666666666666,0.3333333333333333,1,0.32659063,1.0,0.67340937
EfficientNetB0,source_level,FIVES,raw_probability,Raw,5,0.3333333333333333,0.4,0,,,
EfficientNetB0,source_level,FIVES,raw_probability,Raw,6,0.4,0.4666666666666667,0,,,
EfficientNetB0,source_level,FIVES,raw_probability,Raw,7,0.4666666666666667,0.5333333333333333,3,0.4943049666666666,0.6666666666666666,0.1723617
EfficientNetB0,source_level,FIVES,raw_probability,Raw,8,0.5333333333333333,0.6,2,0.58190637,0.0,0.58190637
EfficientNetB0,source_level,FIVES,raw_probability,Raw,9,0.6,0.6666666666666666,2,0.636324035,1.0,0.363675965
EfficientNetB0,source_level,FIVES,raw_probability,Raw,10,0.6666666666666666,0.7333333333333333,0,,,
EfficientNetB0,source_level,FIVES,raw_probability,Raw,11,0.7333333333333333,0.8,0,,,
EfficientNetB0,source_level,FIVES,raw_probability,Raw,12,0.8,0.8666666666666667,1,0.85601956,1.0,0.14398044
EfficientNetB0,source_level,FIVES,raw_probability,Raw,13,0.8666666666666667,0.9333333333333333,6,0.905367535,0.6666666666666666,0.23870086833333337
EfficientNetB0,source_level,FIVES,raw_probability,Raw,14,0.9333333333333333,1.0,103,0.9958943683495146,0.7378640776699029,0.2580302906796117
EfficientNetB0,source_level,G1020,raw_probability,Raw,0,0.0,0.06666666666666667,862,0.0019361577339759132,0.2853828306264501,0.28344667289247416
EfficientNetB0,source_level,G1020,raw_probability,Raw,1,0.06666666666666667,0.13333333333333333,16,0.10050862325,0.3125,0.21199137675000002
EfficientNetB0,source_level,G1020,raw_probability,Raw,2,0.13333333333333333,0.2,8,0.17041407125000002,0.25,0.07958592874999998
EfficientNetB0,source_level,G1020,raw_probability,Raw,3,0.2,0.26666666666666666,15,0.22551639333333337,0.26666666666666666,0.04115027333333329
EfficientNetB0,source_level,G1020,raw_probability,Raw,4,0.26666666666666666,0.3333333333333333,6,0.30406387999999995,0.16666666666666666,0.1373972133333333
EfficientNetB0,source_level,G1020,raw_probability,Raw,5,0.3333333333333333,0.4,7,0.3610615571428571,0.7142857142857143,0.3532241571428572
EfficientNetB0,source_level,G1020,raw_probability,Raw,6,0.4,0.4666666666666667,2,0.44584780999999996,0.0,0.44584780999999996
EfficientNetB0,source_level,G1020,raw_probability,Raw,7,0.4666666666666667,0.5333333333333333,5,0.508700084,0.0,0.508700084
EfficientNetB0,source_level,G1020,raw_probability,Raw,8,0.5333333333333333,0.6,7,0.5546520242857144,0.5714285714285714,0.016776547142857035
EfficientNetB0,source_level,G1020,raw_probability,Raw,9,0.6,0.6666666666666666,10,0.6259048700000001,0.5,0.12590487000000006
EfficientNetB0,source_level,G1020,raw_probability,Raw,10,0.6666666666666666,0.7333333333333333,1,0.69816667,1.0,0.30183333
EfficientNetB0,source_level,G1020,raw_probability,Raw,11,0.7333333333333333,0.8,8,0.7664557887500001,0.625,0.1414557887500001
EfficientNetB0,source_level,G1020,raw_probability,Raw,12,0.8,0.8666666666666667,6,0.8442638233333333,0.5,0.3442638233333333
EfficientNetB0,source_level,G1020,raw_probability,Raw,13,0.8666666666666667,0.9333333333333333,6,0.897135655,0.0,0.897135655
EfficientNetB0,source_level,G1020,raw_probability,Raw,14,0.9333333333333333,1.0,61,0.9886635452459016,0.2459016393442623,0.7427619059016393
EfficientNetB0,source_level,HRF,raw_probability,Raw,0,0.0,0.06666666666666667,15,0.006379358037266666,0.2,0.19362064196273335
EfficientNetB0,source_level,HRF,raw_probability,Raw,1,0.06666666666666667,0.13333333333333333,0,,,
EfficientNetB0,source_level,HRF,raw_probability,Raw,2,0.13333333333333333,0.2,0,,,
EfficientNetB0,source_level,HRF,raw_probability,Raw,3,0.2,0.26666666666666666,0,,,
EfficientNetB0,source_level,HRF,raw_probability,Raw,4,0.26666666666666666,0.3333333333333333,0,,,
EfficientNetB0,source_level,HRF,raw_probability,Raw,5,0.3333333333333333,0.4,1,0.39457753,1.0,0.6054224699999999
EfficientNetB0,source_level,HRF,raw_probability,Raw,6,0.4,0.4666666666666667,0,,,
EfficientNetB0,source_level,HRF,raw_probability,Raw,7,0.4666666666666667,0.5333333333333333,0,,,
EfficientNetB0,source_level,HRF,raw_probability,Raw,8,0.5333333333333333,0.6,1,0.5351682,0.0,0.5351682
EfficientNetB0,source_level,HRF,raw_probability,Raw,9,0.6,0.6666666666666666,0,,,
EfficientNetB0,source_level,HRF,raw_probability,Raw,10,0.6666666666666666,0.7333333333333333,0,,,
EfficientNetB0,source_level,HRF,raw_probability,Raw,11,0.7333333333333333,0.8,1,0.7707519,1.0,0.22924809999999995
EfficientNetB0,source_level,HRF,raw_probability,Raw,12,0.8,0.8666666666666667,1,0.85713965,0.0,0.85713965
EfficientNetB0,source_level,HRF,raw_probability,Raw,13,0.8666666666666667,0.9333333333333333,3,0.9074663533333333,0.6666666666666666,0.24079968666666662
EfficientNetB0,source_level,HRF,raw_probability,Raw,14,0.9333333333333333,1.0,8,0.9989307737500001,1.0,0.0010692262499999439
EfficientNetB0,source_level,JSIEC-1000,raw_probability,Raw,0,0.0,0.06666666666666667,38,6.966038387193242e-06,0.0,6.966038387193242e-06
EfficientNetB0,source_level,JSIEC-1000,raw_probability,Raw,1,0.06666666666666667,0.13333333333333333,0,,,
EfficientNetB0,source_level,JSIEC-1000,raw_probability,Raw,2,0.13333333333333333,0.2,0,,,
EfficientNetB0,source_level,JSIEC-1000,raw_probability,Raw,3,0.2,0.26666666666666666,0,,,
EfficientNetB0,source_level,JSIEC-1000,raw_probability,Raw,4,0.26666666666666666,0.3333333333333333,0,,,
EfficientNetB0,source_level,JSIEC-1000,raw_probability,Raw,5,0.3333333333333333,0.4,0,,,
EfficientNetB0,source_level,JSIEC-1000,raw_probability,Raw,6,0.4,0.4666666666666667,0,,,
EfficientNetB0,source_level,JSIEC-1000,raw_probability,Raw,7,0.4666666666666667,0.5333333333333333,0,,,
EfficientNetB0,source_level,JSIEC-1000,raw_probability,Raw,8,0.5333333333333333,0.6,0,,,
EfficientNetB0,source_level,JSIEC-1000,raw_probability,Raw,9,0.6,0.6666666666666666,0,,,
EfficientNetB0,source_level,JSIEC-1000,raw_probability,Raw,10,0.6666666666666666,0.7333333333333333,0,,,
EfficientNetB0,source_level,JSIEC-1000,raw_probability,Raw,11,0.7333333333333333,0.8,0,,,
EfficientNetB0,source_level,JSIEC-1000,raw_probability,Raw,12,0.8,0.8666666666666667,0,,,
EfficientNetB0,source_level,JSIEC-1000,raw_probability,Raw,13,0.8666666666666667,0.9333333333333333,0,,,
EfficientNetB0,source_level,JSIEC-1000,raw_probability,Raw,14,0.9333333333333333,1.0,0,,,
EfficientNetB0,source_level,LES-AV,raw_probability,Raw,0,0.0,0.06666666666666667,7,0.006214434225191611,0.0,0.006214434225191611
EfficientNetB0,source_level,LES-AV,raw_probability,Raw,1,0.06666666666666667,0.13333333333333333,0,,,
EfficientNetB0,source_level,LES-AV,raw_probability,Raw,2,0.13333333333333333,0.2,0,,,
EfficientNetB0,source_level,LES-AV,raw_probability,Raw,3,0.2,0.26666666666666666,2,0.226872415,0.0,0.226872415
EfficientNetB0,source_level,LES-AV,raw_probability,Raw,4,0.26666666666666666,0.3333333333333333,0,,,
EfficientNetB0,source_level,LES-AV,raw_probability,Raw,5,0.3333333333333333,0.4,0,,,
EfficientNetB0,source_level,LES-AV,raw_probability,Raw,6,0.4,0.4666666666666667,0,,,
EfficientNetB0,source_level,LES-AV,raw_probability,Raw,7,0.4666666666666667,0.5333333333333333,0,,,
EfficientNetB0,source_level,LES-AV,raw_probability,Raw,8,0.5333333333333333,0.6,0,,,
EfficientNetB0,source_level,LES-AV,raw_probability,Raw,9,0.6,0.6666666666666666,0,,,
EfficientNetB0,source_level,LES-AV,raw_probability,Raw,10,0.6666666666666666,0.7333333333333333,0,,,
EfficientNetB0,source_level,LES-AV,raw_probability,Raw,11,0.7333333333333333,0.8,0,,,
EfficientNetB0,source_level,LES-AV,raw_probability,Raw,12,0.8,0.8666666666666667,0,,,
EfficientNetB0,source_level,LES-AV,raw_probability,Raw,13,0.8666666666666667,0.9333333333333333,1,0.91884303,1.0,0.08115697
EfficientNetB0,source_level,LES-AV,raw_probability,Raw,14,0.9333333333333333,1.0,12,0.998831145,0.8333333333333334,0.16549781166666666
EfficientNetB0,source_level,OIA-ODIR-TEST-OFFLINE,raw_probability,Raw,0,0.0,0.06666666666666667,357,0.002688714331047495,0.0196078431372549,0.016919128806207405
EfficientNetB0,source_level,OIA-ODIR-TEST-OFFLINE,raw_probability,Raw,1,0.06666666666666667,0.13333333333333333,7,0.09831287357142858,0.0,0.09831287357142858
EfficientNetB0,source_level,OIA-ODIR-TEST-OFFLINE,raw_probability,Raw,2,0.13333333333333333,0.2,5,0.176394098,0.2,0.023605902000000012
EfficientNetB0,source_level,OIA-ODIR-TEST-OFFLINE,raw_probability,Raw,3,0.2,0.26666666666666666,1,0.2314179,1.0,0.7685820999999999
EfficientNetB0,source_level,OIA-ODIR-TEST-OFFLINE,raw_probability,Raw,4,0.26666666666666666,0.3333333333333333,1,0.32641566,1.0,0.67358434
EfficientNetB0,source_level,OIA-ODIR-TEST-OFFLINE,raw_probability,Raw,5,0.3333333333333333,0.4,2,0.37305056,0.0,0.37305056
EfficientNetB0,source_level,OIA-ODIR-TEST-OFFLINE,raw_probability,Raw,6,0.4,0.4666666666666667,3,0.4429467233333333,0.3333333333333333,0.10961338999999998
EfficientNetB0,source_level,OIA-ODIR-TEST-OFFLINE,raw_probability,Raw,7,0.4666666666666667,0.5333333333333333,0,,,
EfficientNetB0,source_level,OIA-ODIR-TEST-OFFLINE,raw_probability,Raw,8,0.5333333333333333,0.6,1,0.55061454,0.0,0.55061454
EfficientNetB0,source_level,OIA-ODIR-TEST-OFFLINE,raw_probability,Raw,9,0.6,0.6666666666666666,1,0.6119548,0.0,0.6119548
EfficientNetB0,source_level,OIA-ODIR-TEST-OFFLINE,raw_probability,Raw,10,0.6666666666666666,0.7333333333333333,5,0.690995124,0.2,0.49099512399999995
EfficientNetB0,source_level,OIA-ODIR-TEST-OFFLINE,raw_probability,Raw,11,0.7333333333333333,0.8,6,0.7723813766666666,0.0,0.7723813766666666
EfficientNetB0,source_level,OIA-ODIR-TEST-OFFLINE,raw_probability,Raw,12,0.8,0.8666666666666667,6,0.830159135,0.3333333333333333,0.49682580166666673
EfficientNetB0,source_level,OIA-ODIR-TEST-OFFLINE,raw_probability,Raw,13,0.8666666666666667,0.9333333333333333,4,0.9025892050000001,0.0,0.9025892050000001
EfficientNetB0,source_level,OIA-ODIR-TEST-OFFLINE,raw_probability,Raw,14,0.9333333333333333,1.0,54,0.9956586324074074,0.4074074074074074,0.588251225
EfficientNetB0,source_level,OIA-ODIR-TEST-ONLINE,raw_probability,Raw,0,0.0,0.06666666666666667,665,0.0014738038075160478,0.004511278195488722,0.003037474387972674
EfficientNetB0,source_level,OIA-ODIR-TEST-ONLINE,raw_probability,Raw,1,0.06666666666666667,0.13333333333333333,14,0.0978899032142857,0.14285714285714285,0.04496723964285715
EfficientNetB0,source_level,OIA-ODIR-TEST-ONLINE,raw_probability,Raw,2,0.13333333333333333,0.2,10,0.16700975699999998,0.1,0.06700975699999998
EfficientNetB0,source_level,OIA-ODIR-TEST-ONLINE,raw_probability,Raw,3,0.2,0.26666666666666666,3,0.22782938666666666,0.0,0.22782938666666666
EfficientNetB0,source_level,OIA-ODIR-TEST-ONLINE,raw_probability,Raw,4,0.26666666666666666,0.3333333333333333,2,0.306407735,0.0,0.306407735
EfficientNetB0,source_level,OIA-ODIR-TEST-ONLINE,raw_probability,Raw,5,0.3333333333333333,0.4,4,0.37628725,0.0,0.37628725
EfficientNetB0,source_level,OIA-ODIR-TEST-ONLINE,raw_probability,Raw,6,0.4,0.4666666666666667,8,0.44638315625,0.0,0.44638315625
EfficientNetB0,source_level,OIA-ODIR-TEST-ONLINE,raw_probability,Raw,7,0.4666666666666667,0.5333333333333333,7,0.5045285714285714,0.14285714285714285,0.3616714285714286
EfficientNetB0,source_level,OIA-ODIR-TEST-ONLINE,raw_probability,Raw,8,0.5333333333333333,0.6,6,0.5637373116666667,0.3333333333333333,0.23040397833333343
EfficientNetB0,source_level,OIA-ODIR-TEST-ONLINE,raw_probability,Raw,9,0.6,0.6666666666666666,4,0.6242901350000001,0.25,0.3742901350000001
EfficientNetB0,source_level,OIA-ODIR-TEST-ONLINE,raw_probability,Raw,10,0.6666666666666666,0.7333333333333333,4,0.7112747375,0.0,0.7112747375
EfficientNetB0,source_level,OIA-ODIR-TEST-ONLINE,raw_probability,Raw,11,0.7333333333333333,0.8,9,0.7614187677777777,0.0,0.7614187677777777
EfficientNetB0,source_level,OIA-ODIR-TEST-ONLINE,raw_probability,Raw,12,0.8,0.8666666666666667,4,0.8190590175,0.25,0.5690590175
EfficientNetB0,source_level,OIA-ODIR-TEST-ONLINE,raw_probability,Raw,13,0.8666666666666667,0.9333333333333333,6,0.8995348933333333,0.0,0.8995348933333333
EfficientNetB0,source_level,OIA-ODIR-TEST-ONLINE,raw_probability,Raw,14,0.9333333333333333,1.0,114,0.9951564050877192,0.41228070175438597,0.5828757033333332
EfficientNetB0,source_level,OIA-ODIR-TRAIN,raw_probability,Raw,0,0.0,0.06666666666666667,2527,0.0016808789243470204,0.0110803324099723,0.009399453485625278
EfficientNetB0,source_level,OIA-ODIR-TRAIN,raw_probability,Raw,1,0.06666666666666667,0.13333333333333333,46,0.09616012004347825,0.043478260869565216,0.052681859173913034
EfficientNetB0,source_level,OIA-ODIR-TRAIN,raw_probability,Raw,2,0.13333333333333333,0.2,32,0.17137903031249999,0.03125,0.14012903031249999
EfficientNetB0,source_level,OIA-ODIR-TRAIN,raw_probability,Raw,3,0.2,0.26666666666666666,16,0.229789525,0.1875,0.042289524999999994
EfficientNetB0,source_level,OIA-ODIR-TRAIN,raw_probability,Raw,4,0.26666666666666666,0.3333333333333333,11,0.29261857,0.0,0.29261857
EfficientNetB0,source_level,OIA-ODIR-TRAIN,raw_probability,Raw,5,0.3333333333333333,0.4,19,0.36680871684210525,0.10526315789473684,0.2615455589473684
EfficientNetB0,source_level,OIA-ODIR-TRAIN,raw_probability,Raw,6,0.4,0.4666666666666667,16,0.43550553000000003,0.1875,0.24800553000000003
EfficientNetB0,source_level,OIA-ODIR-TRAIN,raw_probability,Raw,7,0.4666666666666667,0.5333333333333333,10,0.5010276690000001,0.0,0.5010276690000001
EfficientNetB0,source_level,OIA-ODIR-TRAIN,raw_probability,Raw,8,0.5333333333333333,0.6,11,0.5654216972727273,0.09090909090909091,0.47451260636363635
EfficientNetB0,source_level,OIA-ODIR-TRAIN,raw_probability,Raw,9,0.6,0.6666666666666666,14,0.6238262264285713,0.07142857142857142,0.5523976549999999
EfficientNetB0,source_level,OIA-ODIR-TRAIN,raw_probability,Raw,10,0.6666666666666666,0.7333333333333333,14,0.697674785,0.07142857142857142,0.6262462135714286
EfficientNetB0,source_level,OIA-ODIR-TRAIN,raw_probability,Raw,11,0.7333333333333333,0.8,13,0.7757919100000001,0.07692307692307693,0.6988688330769233
EfficientNetB0,source_level,OIA-ODIR-TRAIN,raw_probability,Raw,12,0.8,0.8666666666666667,15,0.8359014566666667,0.06666666666666667,0.7692347900000001
EfficientNetB0,source_level,OIA-ODIR-TRAIN,raw_probability,Raw,13,0.8666666666666667,0.9333333333333333,31,0.9010956351612902,0.0967741935483871,0.8043214416129031
EfficientNetB0,source_level,OIA-ODIR-TRAIN,raw_probability,Raw,14,0.9333333333333333,1.0,354,0.9929351487005649,0.423728813559322,0.5692063351412429
EfficientNetB0,source_level,ORIGA,raw_probability,Raw,0,0.0,0.06666666666666667,450,0.0027523916233353094,0.11555555555555555,0.11280316393222024
EfficientNetB0,source_level,ORIGA,raw_probability,Raw,1,0.06666666666666667,0.13333333333333333,11,0.09140714945454546,0.5454545454545454,0.45404739599999994
EfficientNetB0,source_level,ORIGA,raw_probability,Raw,2,0.13333333333333333,0.2,8,0.17986236875,0.25,0.07013763125
EfficientNetB0,source_level,ORIGA,raw_probability,Raw,3,0.2,0.26666666666666666,2,0.21707218,0.5,0.28292782
EfficientNetB0,source_level,ORIGA,raw_probability,Raw,4,0.26666666666666666,0.3333333333333333,3,0.3217046433333333,0.0,0.3217046433333333
EfficientNetB0,source_level,ORIGA,raw_probability,Raw,5,0.3333333333333333,0.4,6,0.3666176583333334,0.0,0.3666176583333334
EfficientNetB0,source_level,ORIGA,raw_probability,Raw,6,0.4,0.4666666666666667,3,0.43136309666666667,0.6666666666666666,0.23530356999999996
EfficientNetB0,source_level,ORIGA,raw_probability,Raw,7,0.4666666666666667,0.5333333333333333,3,0.49912249999999997,1.0,0.5008775000000001
EfficientNetB0,source_level,ORIGA,raw_probability,Raw,8,0.5333333333333333,0.6,1,0.5886564,0.0,0.5886564
EfficientNetB0,source_level,ORIGA,raw_probability,Raw,9,0.6,0.6666666666666666,3,0.63986475,0.0,0.63986475
EfficientNetB0,source_level,ORIGA,raw_probability,Raw,10,0.6666666666666666,0.7333333333333333,5,0.696603308,0.4,0.296603308
EfficientNetB0,source_level,ORIGA,raw_probability,Raw,11,0.7333333333333333,0.8,4,0.7660447100000001,0.5,0.2660447100000001
EfficientNetB0,source_level,ORIGA,raw_probability,Raw,12,0.8,0.8666666666666667,9,0.8325784966666666,0.3333333333333333,0.4992451633333333
EfficientNetB0,source_level,ORIGA,raw_probability,Raw,13,0.8666666666666667,0.9333333333333333,14,0.904290012857143,0.6428571428571429,0.26143287000000015
EfficientNetB0,source_level,ORIGA,raw_probability,Raw,14,0.9333333333333333,1.0,128,0.994018539609375,0.671875,0.32214353960937503
EfficientNetB0,source_level,REFUGE1-train,raw_probability,Raw,0,0.0,0.06666666666666667,362,0.0011257381247290498,0.03314917127071823,0.03202343314598918
EfficientNetB0,source_level,REFUGE1-train,raw_probability,Raw,1,0.06666666666666667,0.13333333333333333,1,0.09781407,0.0,0.09781407
EfficientNetB0,source_level,REFUGE1-train,raw_probability,Raw,2,0.13333333333333333,0.2,2,0.150739655,0.5,0.349260345
EfficientNetB0,source_level,REFUGE1-train,raw_probability,Raw,3,0.2,0.26666666666666666,1,0.25585377,0.0,0.25585377
EfficientNetB0,source_level,REFUGE1-train,raw_probability,Raw,4,0.26666666666666666,0.3333333333333333,0,,,
EfficientNetB0,source_level,REFUGE1-train,raw_probability,Raw,5,0.3333333333333333,0.4,1,0.35037372,0.0,0.35037372
EfficientNetB0,source_level,REFUGE1-train,raw_probability,Raw,6,0.4,0.4666666666666667,0,,,
EfficientNetB0,source_level,REFUGE1-train,raw_probability,Raw,7,0.4666666666666667,0.5333333333333333,1,0.51246053,0.0,0.51246053
EfficientNetB0,source_level,REFUGE1-train,raw_probability,Raw,8,0.5333333333333333,0.6,1,0.5535754,0.0,0.5535754
EfficientNetB0,source_level,REFUGE1-train,raw_probability,Raw,9,0.6,0.6666666666666666,0,,,
EfficientNetB0,source_level,REFUGE1-train,raw_probability,Raw,10,0.6666666666666666,0.7333333333333333,0,,,
EfficientNetB0,source_level,REFUGE1-train,raw_probability,Raw,11,0.7333333333333333,0.8,2,0.77668085,0.5,0.27668085
EfficientNetB0,source_level,REFUGE1-train,raw_probability,Raw,12,0.8,0.8666666666666667,2,0.829538015,1.0,0.17046198499999998
EfficientNetB0,source_level,REFUGE1-train,raw_probability,Raw,13,0.8666666666666667,0.9333333333333333,2,0.90701543,0.0,0.90701543
EfficientNetB0,source_level,REFUGE1-train,raw_probability,Raw,14,0.9333333333333333,1.0,25,0.9976942484,0.96,0.03769424840000002
EfficientNetB0,source_level,REFUGE1-val,raw_probability,Raw,0,0.0,0.06666666666666667,372,0.00044851692180335347,0.04032258064516129,0.03987406372335794
EfficientNetB0,source_level,REFUGE1-val,raw_probability,Raw,1,0.06666666666666667,0.13333333333333333,1,0.07547218,0.0,0.07547218
EfficientNetB0,source_level,REFUGE1-val,raw_probability,Raw,2,0.13333333333333333,0.2,1,0.1840467,1.0,0.8159533
EfficientNetB0,source_level,REFUGE1-val,raw_probability,Raw,3,0.2,0.26666666666666666,0,,,
EfficientNetB0,source_level,REFUGE1-val,raw_probability,Raw,4,0.26666666666666666,0.3333333333333333,0,,,
EfficientNetB0,source_level,REFUGE1-val,raw_probability,Raw,5,0.3333333333333333,0.4,0,,,
EfficientNetB0,source_level,REFUGE1-val,raw_probability,Raw,6,0.4,0.4666666666666667,1,0.4627787,1.0,0.5372213
EfficientNetB0,source_level,REFUGE1-val,raw_probability,Raw,7,0.4666666666666667,0.5333333333333333,0,,,
EfficientNetB0,source_level,REFUGE1-val,raw_probability,Raw,8,0.5333333333333333,0.6,0,,,
EfficientNetB0,source_level,REFUGE1-val,raw_probability,Raw,9,0.6,0.6666666666666666,2,0.62784655,1.0,0.37215345
EfficientNetB0,source_level,REFUGE1-val,raw_probability,Raw,10,0.6666666666666666,0.7333333333333333,1,0.7252704,1.0,0.2747296
EfficientNetB0,source_level,REFUGE1-val,raw_probability,Raw,11,0.7333333333333333,0.8,0,,,
EfficientNetB0,source_level,REFUGE1-val,raw_probability,Raw,12,0.8,0.8666666666666667,0,,,
EfficientNetB0,source_level,REFUGE1-val,raw_probability,Raw,13,0.8666666666666667,0.9333333333333333,0,,,
EfficientNetB0,source_level,REFUGE1-val,raw_probability,Raw,14,0.9333333333333333,1.0,22,0.9973604372727273,0.9090909090909091,0.08826952818181821
EfficientNetB0,source_level,sjchoi86-HRF,raw_probability,Raw,0,0.0,0.06666666666666667,339,0.0015588160509404213,0.16519174041297935,0.16363292436203894
EfficientNetB0,source_level,sjchoi86-HRF,raw_probability,Raw,1,0.06666666666666667,0.13333333333333333,2,0.08367210750000001,0.5,0.4163278925
EfficientNetB0,source_level,sjchoi86-HRF,raw_probability,Raw,2,0.13333333333333333,0.2,3,0.14232151333333334,0.6666666666666666,0.5243451533333333
EfficientNetB0,source_level,sjchoi86-HRF,raw_probability,Raw,3,0.2,0.26666666666666666,3,0.23244057666666665,0.3333333333333333,0.10089275666666667
EfficientNetB0,source_level,sjchoi86-HRF,raw_probability,Raw,4,0.26666666666666666,0.3333333333333333,0,,,
EfficientNetB0,source_level,sjchoi86-HRF,raw_probability,Raw,5,0.3333333333333333,0.4,4,0.3634646775,0.25,0.1134646775
EfficientNetB0,source_level,sjchoi86-HRF,raw_probability,Raw,6,0.4,0.4666666666666667,1,0.42333063,1.0,0.5766693700000001
EfficientNetB0,source_level,sjchoi86-HRF,raw_probability,Raw,7,0.4666666666666667,0.5333333333333333,1,0.5198109,1.0,0.48018910000000004
EfficientNetB0,source_level,sjchoi86-HRF,raw_probability,Raw,8,0.5333333333333333,0.6,2,0.569228855,1.0,0.430771145
EfficientNetB0,source_level,sjchoi86-HRF,raw_probability,Raw,9,0.6,0.6666666666666666,3,0.6260762233333333,0.6666666666666666,0.04059044333333328
EfficientNetB0,source_level,sjchoi86-HRF,raw_probability,Raw,10,0.6666666666666666,0.7333333333333333,0,,,
EfficientNetB0,source_level,sjchoi86-HRF,raw_probability,Raw,11,0.7333333333333333,0.8,2,0.76995088,0.5,0.26995088
EfficientNetB0,source_level,sjchoi86-HRF,raw_probability,Raw,12,0.8,0.8666666666666667,3,0.8262869,0.0,0.8262869
EfficientNetB0,source_level,sjchoi86-HRF,raw_probability,Raw,13,0.8666666666666667,0.9333333333333333,3,0.8976652333333334,0.6666666666666666,0.23099856666666674
EfficientNetB0,source_level,sjchoi86-HRF,raw_probability,Raw,14,0.9333333333333333,1.0,35,0.996985366857143,0.8857142857142857,0.11127108114285733
EfficientNetB0,pooled_smdg,pooled_smdg,temperature_scaled_probability,Temperature-scaled,0,0.0,0.06666666666666667,5440,0.0095147298172075,0.07077205882352941,0.061257329006321914
EfficientNetB0,pooled_smdg,pooled_smdg,temperature_scaled_probability,Temperature-scaled,1,0.06666666666666667,0.13333333333333333,569,0.09635503846924427,0.1195079086115993,0.023152870142355023
EfficientNetB0,pooled_smdg,pooled_smdg,temperature_scaled_probability,Temperature-scaled,2,0.13333333333333333,0.2,350,0.16414243348571428,0.17142857142857143,0.0072861379428571516
EfficientNetB0,pooled_smdg,pooled_smdg,temperature_scaled_probability,Temperature-scaled,3,0.2,0.26666666666666666,281,0.23069264007117438,0.12811387900355872,0.10257876106761565
EfficientNetB0,pooled_smdg,pooled_smdg,temperature_scaled_probability,Temperature-scaled,4,0.26666666666666666,0.3333333333333333,176,0.30011737931818183,0.23863636363636365,0.061481015681818185
EfficientNetB0,pooled_smdg,pooled_smdg,temperature_scaled_probability,Temperature-scaled,5,0.3333333333333333,0.4,175,0.3662395872571428,0.2057142857142857,0.16052530154285707
EfficientNetB0,pooled_smdg,pooled_smdg,temperature_scaled_probability,Temperature-scaled,6,0.4,0.4666666666666667,133,0.4322248937593985,0.22556390977443608,0.2066609839849624
EfficientNetB0,pooled_smdg,pooled_smdg,temperature_scaled_probability,Temperature-scaled,7,0.4666666666666667,0.5333333333333333,144,0.5010272436805555,0.2916666666666667,0.20936057701388883
EfficientNetB0,pooled_smdg,pooled_smdg,temperature_scaled_probability,Temperature-scaled,8,0.5333333333333333,0.6,117,0.5658944168376068,0.2905982905982906,0.27529612623931615
EfficientNetB0,pooled_smdg,pooled_smdg,temperature_scaled_probability,Temperature-scaled,9,0.6,0.6666666666666666,126,0.632557589920635,0.3333333333333333,0.29922425658730173
EfficientNetB0,pooled_smdg,pooled_smdg,temperature_scaled_probability,Temperature-scaled,10,0.6666666666666666,0.7333333333333333,114,0.7019966397368421,0.2631578947368421,0.43883874500000003
EfficientNetB0,pooled_smdg,pooled_smdg,temperature_scaled_probability,Temperature-scaled,11,0.7333333333333333,0.8,94,0.7671099425531914,0.44680851063829785,0.3203014319148936
EfficientNetB0,pooled_smdg,pooled_smdg,temperature_scaled_probability,Temperature-scaled,12,0.8,0.8666666666666667,143,0.8341996483916084,0.4125874125874126,0.4216122358041958
EfficientNetB0,pooled_smdg,pooled_smdg,temperature_scaled_probability,Temperature-scaled,13,0.8666666666666667,0.9333333333333333,184,0.9029313354347827,0.46195652173913043,0.4409748136956522
EfficientNetB0,pooled_smdg,pooled_smdg,temperature_scaled_probability,Temperature-scaled,14,0.9333333333333333,1.0,581,0.9795522428055079,0.7228915662650602,0.25666067654044766
EfficientNetB0,source_level,BEH,temperature_scaled_probability,Temperature-scaled,0,0.0,0.06666666666666667,311,0.014449884766101609,0.13183279742765272,0.11738291266155111
EfficientNetB0,source_level,BEH,temperature_scaled_probability,Temperature-scaled,1,0.06666666666666667,0.13333333333333333,61,0.09549444240983608,0.11475409836065574,0.01925965595081966
EfficientNetB0,source_level,BEH,temperature_scaled_probability,Temperature-scaled,2,0.13333333333333333,0.2,34,0.16451136764705884,0.20588235294117646,0.04137098529411762
EfficientNetB0,source_level,BEH,temperature_scaled_probability,Temperature-scaled,3,0.2,0.26666666666666666,17,0.21742602647058826,0.29411764705882354,0.07669162058823528
EfficientNetB0,source_level,BEH,temperature_scaled_probability,Temperature-scaled,4,0.26666666666666666,0.3333333333333333,24,0.30024286,0.125,0.17524286
EfficientNetB0,source_level,BEH,temperature_scaled_probability,Temperature-scaled,5,0.3333333333333333,0.4,22,0.3688709627272727,0.22727272727272727,0.14159823545454545
EfficientNetB0,source_level,BEH,temperature_scaled_probability,Temperature-scaled,6,0.4,0.4666666666666667,16,0.43567622562499997,0.3125,0.12317622562499997
EfficientNetB0,source_level,BEH,temperature_scaled_probability,Temperature-scaled,7,0.4666666666666667,0.5333333333333333,9,0.5107454977777778,0.2222222222222222,0.28852327555555557
EfficientNetB0,source_level,BEH,temperature_scaled_probability,Temperature-scaled,8,0.5333333333333333,0.6,11,0.5596342345454546,0.36363636363636365,0.19599787090909093
EfficientNetB0,source_level,BEH,temperature_scaled_probability,Temperature-scaled,9,0.6,0.6666666666666666,15,0.620177578,0.6666666666666666,0.04648908866666668
EfficientNetB0,source_level,BEH,temperature_scaled_probability,Temperature-scaled,10,0.6666666666666666,0.7333333333333333,14,0.7050145207142856,0.2857142857142857,0.4193002349999999
EfficientNetB0,source_level,BEH,temperature_scaled_probability,Temperature-scaled,11,0.7333333333333333,0.8,8,0.7641116075000001,0.625,0.13911160750000007
EfficientNetB0,source_level,BEH,temperature_scaled_probability,Temperature-scaled,12,0.8,0.8666666666666667,8,0.8371749099999999,0.25,0.5871749099999999
EfficientNetB0,source_level,BEH,temperature_scaled_probability,Temperature-scaled,13,0.8666666666666667,0.9333333333333333,16,0.908079680625,0.6875,0.220579680625
EfficientNetB0,source_level,BEH,temperature_scaled_probability,Temperature-scaled,14,0.9333333333333333,1.0,68,0.987444438382353,0.8823529411764706,0.1050914972058824
EfficientNetB0,source_level,CRFO-v4,temperature_scaled_probability,Temperature-scaled,0,0.0,0.06666666666666667,15,0.016874585770799998,0.8,0.7831254142292
EfficientNetB0,source_level,CRFO-v4,temperature_scaled_probability,Temperature-scaled,1,0.06666666666666667,0.13333333333333333,6,0.10651218666666668,0.5,0.3934878133333333
EfficientNetB0,source_level,CRFO-v4,temperature_scaled_probability,Temperature-scaled,2,0.13333333333333333,0.2,5,0.16929111000000002,0.4,0.23070889
EfficientNetB0,source_level,CRFO-v4,temperature_scaled_probability,Temperature-scaled,3,0.2,0.26666666666666666,7,0.2332302657142857,0.5714285714285714,0.33819830571428566
EfficientNetB0,source_level,CRFO-v4,temperature_scaled_probability,Temperature-scaled,4,0.26666666666666666,0.3333333333333333,5,0.30667311599999997,0.8,0.4933268840000001
EfficientNetB0,source_level,CRFO-v4,temperature_scaled_probability,Temperature-scaled,5,0.3333333333333333,0.4,8,0.35968329625,0.5,0.14031670375
EfficientNetB0,source_level,CRFO-v4,temperature_scaled_probability,Temperature-scaled,6,0.4,0.4666666666666667,4,0.43728766,0.5,0.06271233999999998
EfficientNetB0,source_level,CRFO-v4,temperature_scaled_probability,Temperature-scaled,7,0.4666666666666667,0.5333333333333333,6,0.49672870333333335,0.5,0.0032712966666666454
EfficientNetB0,source_level,CRFO-v4,temperature_scaled_probability,Temperature-scaled,8,0.5333333333333333,0.6,1,0.59155786,1.0,0.40844214
EfficientNetB0,source_level,CRFO-v4,temperature_scaled_probability,Temperature-scaled,9,0.6,0.6666666666666666,3,0.6271676,0.6666666666666666,0.03949906666666658
EfficientNetB0,source_level,CRFO-v4,temperature_scaled_probability,Temperature-scaled,10,0.6666666666666666,0.7333333333333333,0,,,
EfficientNetB0,source_level,CRFO-v4,temperature_scaled_probability,Temperature-scaled,11,0.7333333333333333,0.8,1,0.770952,0.0,0.770952
EfficientNetB0,source_level,CRFO-v4,temperature_scaled_probability,Temperature-scaled,12,0.8,0.8666666666666667,3,0.8598684133333333,0.6666666666666666,0.19320174666666667
EfficientNetB0,source_level,CRFO-v4,temperature_scaled_probability,Temperature-scaled,13,0.8666666666666667,0.9333333333333333,4,0.912715765,0.5,0.41271576499999996
EfficientNetB0,source_level,CRFO-v4,temperature_scaled_probability,Temperature-scaled,14,0.9333333333333333,1.0,11,0.9762409000000001,0.6363636363636364,0.3398772636363637
EfficientNetB0,source_level,DR-HAGIS,temperature_scaled_probability,Temperature-scaled,0,0.0,0.06666666666666667,3,0.029289974,1.0,0.970710026
EfficientNetB0,source_level,DR-HAGIS,temperature_scaled_probability,Temperature-scaled,1,0.06666666666666667,0.13333333333333333,0,,,
EfficientNetB0,source_level,DR-HAGIS,temperature_scaled_probability,Temperature-scaled,2,0.13333333333333333,0.2,0,,,
EfficientNetB0,source_level,DR-HAGIS,temperature_scaled_probability,Temperature-scaled,3,0.2,0.26666666666666666,0,,,
EfficientNetB0,source_level,DR-HAGIS,temperature_scaled_probability,Temperature-scaled,4,0.26666666666666666,0.3333333333333333,0,,,
EfficientNetB0,source_level,DR-HAGIS,temperature_scaled_probability,Temperature-scaled,5,0.3333333333333333,0.4,0,,,
EfficientNetB0,source_level,DR-HAGIS,temperature_scaled_probability,Temperature-scaled,6,0.4,0.4666666666666667,1,0.4107854,1.0,0.5892146
EfficientNetB0,source_level,DR-HAGIS,temperature_scaled_probability,Temperature-scaled,7,0.4666666666666667,0.5333333333333333,1,0.47693476,1.0,0.52306524
EfficientNetB0,source_level,DR-HAGIS,temperature_scaled_probability,Temperature-scaled,8,0.5333333333333333,0.6,0,,,
EfficientNetB0,source_level,DR-HAGIS,temperature_scaled_probability,Temperature-scaled,9,0.6,0.6666666666666666,0,,,
EfficientNetB0,source_level,DR-HAGIS,temperature_scaled_probability,Temperature-scaled,10,0.6666666666666666,0.7333333333333333,1,0.71445054,1.0,0.28554946000000003
EfficientNetB0,source_level,DR-HAGIS,temperature_scaled_probability,Temperature-scaled,11,0.7333333333333333,0.8,0,,,
EfficientNetB0,source_level,DR-HAGIS,temperature_scaled_probability,Temperature-scaled,12,0.8,0.8666666666666667,0,,,
EfficientNetB0,source_level,DR-HAGIS,temperature_scaled_probability,Temperature-scaled,13,0.8666666666666667,0.9333333333333333,0,,,
EfficientNetB0,source_level,DR-HAGIS,temperature_scaled_probability,Temperature-scaled,14,0.9333333333333333,1.0,4,0.9612409925,1.0,0.03875900750000005
EfficientNetB0,source_level,DRISHTI-GS1,temperature_scaled_probability,Temperature-scaled,0,0.0,0.06666666666666667,29,0.013451045363103447,0.3103448275862069,0.2968937822231035
EfficientNetB0,source_level,DRISHTI-GS1,temperature_scaled_probability,Temperature-scaled,1,0.06666666666666667,0.13333333333333333,3,0.08967217333333333,0.3333333333333333,0.24366116
EfficientNetB0,source_level,DRISHTI-GS1,temperature_scaled_probability,Temperature-scaled,2,0.13333333333333333,0.2,4,0.15591572250000002,0.75,0.5940842774999999
EfficientNetB0,source_level,DRISHTI-GS1,temperature_scaled_probability,Temperature-scaled,3,0.2,0.26666666666666666,1,0.25680432,0.0,0.25680432
EfficientNetB0,source_level,DRISHTI-GS1,temperature_scaled_probability,Temperature-scaled,4,0.26666666666666666,0.3333333333333333,2,0.2753924,0.5,0.22460760000000002
EfficientNetB0,source_level,DRISHTI-GS1,temperature_scaled_probability,Temperature-scaled,5,0.3333333333333333,0.4,2,0.35990605,1.0,0.64009395
EfficientNetB0,source_level,DRISHTI-GS1,temperature_scaled_probability,Temperature-scaled,6,0.4,0.4666666666666667,2,0.43902063999999996,1.0,0.56097936
EfficientNetB0,source_level,DRISHTI-GS1,temperature_scaled_probability,Temperature-scaled,7,0.4666666666666667,0.5333333333333333,7,0.5057595757142856,0.8571428571428571,0.35138328142857145
EfficientNetB0,source_level,DRISHTI-GS1,temperature_scaled_probability,Temperature-scaled,8,0.5333333333333333,0.6,2,0.5420142800000001,0.0,0.5420142800000001
EfficientNetB0,source_level,DRISHTI-GS1,temperature_scaled_probability,Temperature-scaled,9,0.6,0.6666666666666666,3,0.62783999,1.0,0.37216001
EfficientNetB0,source_level,DRISHTI-GS1,temperature_scaled_probability,Temperature-scaled,10,0.6666666666666666,0.7333333333333333,4,0.71849197,0.5,0.21849196999999998
EfficientNetB0,source_level,DRISHTI-GS1,temperature_scaled_probability,Temperature-scaled,11,0.7333333333333333,0.8,5,0.764526232,1.0,0.23547376799999997
EfficientNetB0,source_level,DRISHTI-GS1,temperature_scaled_probability,Temperature-scaled,12,0.8,0.8666666666666667,8,0.82713083375,1.0,0.17286916625000004
EfficientNetB0,source_level,DRISHTI-GS1,temperature_scaled_probability,Temperature-scaled,13,0.8666666666666667,0.9333333333333333,8,0.9023281575,1.0,0.09767184250000005
EfficientNetB0,source_level,DRISHTI-GS1,temperature_scaled_probability,Temperature-scaled,14,0.9333333333333333,1.0,21,0.9816441057142858,0.9523809523809523,0.029263153333333514
EfficientNetB0,source_level,FIVES,temperature_scaled_probability,Temperature-scaled,0,0.0,0.06666666666666667,226,0.0059574676408080535,0.18584070796460178,0.1798832403237937
EfficientNetB0,source_level,FIVES,temperature_scaled_probability,Temperature-scaled,1,0.06666666666666667,0.13333333333333333,14,0.09032231457142857,0.42857142857142855,0.33824911399999996
EfficientNetB0,source_level,FIVES,temperature_scaled_probability,Temperature-scaled,2,0.13333333333333333,0.2,14,0.16968345785714287,0.5,0.3303165421428571
EfficientNetB0,source_level,FIVES,temperature_scaled_probability,Temperature-scaled,3,0.2,0.26666666666666666,8,0.22840847874999998,0.125,0.10340847874999998
EfficientNetB0,source_level,FIVES,temperature_scaled_probability,Temperature-scaled,4,0.26666666666666666,0.3333333333333333,10,0.30129038700000005,0.5,0.19870961299999995
EfficientNetB0,source_level,FIVES,temperature_scaled_probability,Temperature-scaled,5,0.3333333333333333,0.4,7,0.36998950857142854,0.2857142857142857,0.08427522285714284
EfficientNetB0,source_level,FIVES,temperature_scaled_probability,Temperature-scaled,6,0.4,0.4666666666666667,4,0.42333185250000005,0.5,0.07666814749999995
EfficientNetB0,source_level,FIVES,temperature_scaled_probability,Temperature-scaled,7,0.4666666666666667,0.5333333333333333,6,0.5123862883333333,0.5,0.012386288333333328
EfficientNetB0,source_level,FIVES,temperature_scaled_probability,Temperature-scaled,8,0.5333333333333333,0.6,1,0.54797596,1.0,0.45202403999999996
EfficientNetB0,source_level,FIVES,temperature_scaled_probability,Temperature-scaled,9,0.6,0.6666666666666666,5,0.644349454,0.8,0.15565054600000006
EfficientNetB0,source_level,FIVES,temperature_scaled_probability,Temperature-scaled,10,0.6666666666666666,0.7333333333333333,7,0.6942812042857144,0.5714285714285714,0.12285263285714298
EfficientNetB0,source_level,FIVES,temperature_scaled_probability,Temperature-scaled,11,0.7333333333333333,0.8,9,0.7710675988888889,1.0,0.22893240111111113
EfficientNetB0,source_level,FIVES,temperature_scaled_probability,Temperature-scaled,12,0.8,0.8666666666666667,13,0.8374187323076924,0.5384615384615384,0.29895719384615393
EfficientNetB0,source_level,FIVES,temperature_scaled_probability,Temperature-scaled,13,0.8666666666666667,0.9333333333333333,15,0.9095027986666666,0.8666666666666667,0.042836131999999916
EfficientNetB0,source_level,FIVES,temperature_scaled_probability,Temperature-scaled,14,0.9333333333333333,1.0,61,0.982624798852459,0.7213114754098361,0.2613133234426229
EfficientNetB0,source_level,G1020,temperature_scaled_probability,Temperature-scaled,0,0.0,0.06666666666666667,664,0.009993448973985677,0.28463855421686746,0.27464510524288177
EfficientNetB0,source_level,G1020,temperature_scaled_probability,Temperature-scaled,1,0.06666666666666667,0.13333333333333333,89,0.09844153249438202,0.3146067415730337,0.21616520907865167
EfficientNetB0,source_level,G1020,temperature_scaled_probability,Temperature-scaled,2,0.13333333333333333,0.2,48,0.1626899025,0.2708333333333333,0.1081434308333333
EfficientNetB0,source_level,G1020,temperature_scaled_probability,Temperature-scaled,3,0.2,0.26666666666666666,44,0.2292872759090909,0.25,0.0207127240909091
EfficientNetB0,source_level,G1020,temperature_scaled_probability,Temperature-scaled,4,0.26666666666666666,0.3333333333333333,19,0.2989101473684211,0.2631578947368421,0.035752252631578996
EfficientNetB0,source_level,G1020,temperature_scaled_probability,Temperature-scaled,5,0.3333333333333333,0.4,21,0.3621492214285714,0.3333333333333333,0.028815888095238107
EfficientNetB0,source_level,G1020,temperature_scaled_probability,Temperature-scaled,6,0.4,0.4666666666666667,28,0.4279230767857144,0.32142857142857145,0.10649450535714294
EfficientNetB0,source_level,G1020,temperature_scaled_probability,Temperature-scaled,7,0.4666666666666667,0.5333333333333333,18,0.5085131199999999,0.2777777777777778,0.23073534222222214
EfficientNetB0,source_level,G1020,temperature_scaled_probability,Temperature-scaled,8,0.5333333333333333,0.6,16,0.563133385625,0.6875,0.12436661437499996
EfficientNetB0,source_level,G1020,temperature_scaled_probability,Temperature-scaled,9,0.6,0.6666666666666666,11,0.6313895236363636,0.2727272727272727,0.3586622509090909
EfficientNetB0,source_level,G1020,temperature_scaled_probability,Temperature-scaled,10,0.6666666666666666,0.7333333333333333,13,0.7102275299999998,0.38461538461538464,0.3256121453846152
EfficientNetB0,source_level,G1020,temperature_scaled_probability,Temperature-scaled,11,0.7333333333333333,0.8,11,0.7679363227272727,0.09090909090909091,0.6770272318181818
EfficientNetB0,source_level,G1020,temperature_scaled_probability,Temperature-scaled,12,0.8,0.8666666666666667,6,0.8336102899999999,0.3333333333333333,0.5002769566666665
EfficientNetB0,source_level,G1020,temperature_scaled_probability,Temperature-scaled,13,0.8666666666666667,0.9333333333333333,11,0.8978906981818183,0.18181818181818182,0.7160725163636366
EfficientNetB0,source_level,G1020,temperature_scaled_probability,Temperature-scaled,14,0.9333333333333333,1.0,21,0.9659208585714286,0.23809523809523808,0.7278256204761906
EfficientNetB0,source_level,HRF,temperature_scaled_probability,Temperature-scaled,0,0.0,0.06666666666666667,4,0.04175121625,0.0,0.04175121625
EfficientNetB0,source_level,HRF,temperature_scaled_probability,Temperature-scaled,1,0.06666666666666667,0.13333333333333333,7,0.09900772357142855,0.2857142857142857,0.18670656214285714
EfficientNetB0,source_level,HRF,temperature_scaled_probability,Temperature-scaled,2,0.13333333333333333,0.2,1,0.19544436,0.0,0.19544436
EfficientNetB0,source_level,HRF,temperature_scaled_probability,Temperature-scaled,3,0.2,0.26666666666666666,2,0.218360075,0.0,0.218360075
EfficientNetB0,source_level,HRF,temperature_scaled_probability,Temperature-scaled,4,0.26666666666666666,0.3333333333333333,1,0.31498963,1.0,0.68501037
EfficientNetB0,source_level,HRF,temperature_scaled_probability,Temperature-scaled,5,0.3333333333333333,0.4,0,,,
EfficientNetB0,source_level,HRF,temperature_scaled_probability,Temperature-scaled,6,0.4,0.4666666666666667,0,,,
EfficientNetB0,source_level,HRF,temperature_scaled_probability,Temperature-scaled,7,0.4666666666666667,0.5333333333333333,2,0.489761015,0.5,0.010238984999999978
EfficientNetB0,source_level,HRF,temperature_scaled_probability,Temperature-scaled,8,0.5333333333333333,0.6,1,0.5857556,1.0,0.41424439999999996
EfficientNetB0,source_level,HRF,temperature_scaled_probability,Temperature-scaled,9,0.6,0.6666666666666666,4,0.6497366975000001,0.5,0.14973669750000007
EfficientNetB0,source_level,HRF,temperature_scaled_probability,Temperature-scaled,10,0.6666666666666666,0.7333333333333333,0,,,
EfficientNetB0,source_level,HRF,temperature_scaled_probability,Temperature-scaled,11,0.7333333333333333,0.8,0,,,
EfficientNetB0,source_level,HRF,temperature_scaled_probability,Temperature-scaled,12,0.8,0.8666666666666667,2,0.83511903,1.0,0.16488097000000002
EfficientNetB0,source_level,HRF,temperature_scaled_probability,Temperature-scaled,13,0.8666666666666667,0.9333333333333333,3,0.9069262766666667,1.0,0.0930737233333333
EfficientNetB0,source_level,HRF,temperature_scaled_probability,Temperature-scaled,14,0.9333333333333333,1.0,3,0.9689681133333332,1.0,0.031031886666666786
EfficientNetB0,source_level,JSIEC-1000,temperature_scaled_probability,Temperature-scaled,0,0.0,0.06666666666666667,37,0.009211643959864867,0.0,0.009211643959864867
EfficientNetB0,source_level,JSIEC-1000,temperature_scaled_probability,Temperature-scaled,1,0.06666666666666667,0.13333333333333333,1,0.07484615,0.0,0.07484615
EfficientNetB0,source_level,JSIEC-1000,temperature_scaled_probability,Temperature-scaled,2,0.13333333333333333,0.2,0,,,
EfficientNetB0,source_level,JSIEC-1000,temperature_scaled_probability,Temperature-scaled,3,0.2,0.26666666666666666,0,,,
EfficientNetB0,source_level,JSIEC-1000,temperature_scaled_probability,Temperature-scaled,4,0.26666666666666666,0.3333333333333333,0,,,
EfficientNetB0,source_level,JSIEC-1000,temperature_scaled_probability,Temperature-scaled,5,0.3333333333333333,0.4,0,,,
EfficientNetB0,source_level,JSIEC-1000,temperature_scaled_probability,Temperature-scaled,6,0.4,0.4666666666666667,0,,,
EfficientNetB0,source_level,JSIEC-1000,temperature_scaled_probability,Temperature-scaled,7,0.4666666666666667,0.5333333333333333,0,,,
EfficientNetB0,source_level,JSIEC-1000,temperature_scaled_probability,Temperature-scaled,8,0.5333333333333333,0.6,0,,,
EfficientNetB0,source_level,JSIEC-1000,temperature_scaled_probability,Temperature-scaled,9,0.6,0.6666666666666666,0,,,
EfficientNetB0,source_level,JSIEC-1000,temperature_scaled_probability,Temperature-scaled,10,0.6666666666666666,0.7333333333333333,0,,,
EfficientNetB0,source_level,JSIEC-1000,temperature_scaled_probability,Temperature-scaled,11,0.7333333333333333,0.8,0,,,
EfficientNetB0,source_level,JSIEC-1000,temperature_scaled_probability,Temperature-scaled,12,0.8,0.8666666666666667,0,,,
EfficientNetB0,source_level,JSIEC-1000,temperature_scaled_probability,Temperature-scaled,13,0.8666666666666667,0.9333333333333333,0,,,
EfficientNetB0,source_level,JSIEC-1000,temperature_scaled_probability,Temperature-scaled,14,0.9333333333333333,1.0,0,,,
EfficientNetB0,source_level,LES-AV,temperature_scaled_probability,Temperature-scaled,0,0.0,0.06666666666666667,5,0.021237685406,0.0,0.021237685406
EfficientNetB0,source_level,LES-AV,temperature_scaled_probability,Temperature-scaled,1,0.06666666666666667,0.13333333333333333,1,0.08011641,0.0,0.08011641
EfficientNetB0,source_level,LES-AV,temperature_scaled_probability,Temperature-scaled,2,0.13333333333333333,0.2,0,,,
EfficientNetB0,source_level,LES-AV,temperature_scaled_probability,Temperature-scaled,3,0.2,0.26666666666666666,0,,,
EfficientNetB0,source_level,LES-AV,temperature_scaled_probability,Temperature-scaled,4,0.26666666666666666,0.3333333333333333,1,0.29216275,0.0,0.29216275
EfficientNetB0,source_level,LES-AV,temperature_scaled_probability,Temperature-scaled,5,0.3333333333333333,0.4,0,,,
EfficientNetB0,source_level,LES-AV,temperature_scaled_probability,Temperature-scaled,6,0.4,0.4666666666666667,2,0.41321779999999997,0.0,0.41321779999999997
EfficientNetB0,source_level,LES-AV,temperature_scaled_probability,Temperature-scaled,7,0.4666666666666667,0.5333333333333333,0,,,
EfficientNetB0,source_level,LES-AV,temperature_scaled_probability,Temperature-scaled,8,0.5333333333333333,0.6,0,,,
EfficientNetB0,source_level,LES-AV,temperature_scaled_probability,Temperature-scaled,9,0.6,0.6666666666666666,0,,,
EfficientNetB0,source_level,LES-AV,temperature_scaled_probability,Temperature-scaled,10,0.6666666666666666,0.7333333333333333,1,0.6667121,1.0,0.33328789999999997
EfficientNetB0,source_level,LES-AV,temperature_scaled_probability,Temperature-scaled,11,0.7333333333333333,0.8,0,,,
EfficientNetB0,source_level,LES-AV,temperature_scaled_probability,Temperature-scaled,12,0.8,0.8666666666666667,2,0.805990235,0.5,0.305990235
EfficientNetB0,source_level,LES-AV,temperature_scaled_probability,Temperature-scaled,13,0.8666666666666667,0.9333333333333333,1,0.9073527,0.0,0.9073527
EfficientNetB0,source_level,LES-AV,temperature_scaled_probability,Temperature-scaled,14,0.9333333333333333,1.0,9,0.986698118888889,1.0,0.01330188111111097
EfficientNetB0,source_level,OIA-ODIR-TEST-OFFLINE,temperature_scaled_probability,Temperature-scaled,0,0.0,0.06666666666666667,272,0.009292896613795476,0.011029411764705883,0.0017365151509104067
EfficientNetB0,source_level,OIA-ODIR-TEST-OFFLINE,temperature_scaled_probability,Temperature-scaled,1,0.06666666666666667,0.13333333333333333,36,0.09779979700000001,0.027777777777777776,0.07002201922222223
EfficientNetB0,source_level,OIA-ODIR-TEST-OFFLINE,temperature_scaled_probability,Temperature-scaled,2,0.13333333333333333,0.2,19,0.16549898631578946,0.05263157894736842,0.11286740736842105
EfficientNetB0,source_level,OIA-ODIR-TEST-OFFLINE,temperature_scaled_probability,Temperature-scaled,3,0.2,0.26666666666666666,19,0.23641496789473684,0.0,0.23641496789473684
EfficientNetB0,source_level,OIA-ODIR-TEST-OFFLINE,temperature_scaled_probability,Temperature-scaled,4,0.26666666666666666,0.3333333333333333,13,0.30315467999999995,0.15384615384615385,0.1493085261538461
EfficientNetB0,source_level,OIA-ODIR-TEST-OFFLINE,temperature_scaled_probability,Temperature-scaled,5,0.3333333333333333,0.4,9,0.3686043266666667,0.0,0.3686043266666667
EfficientNetB0,source_level,OIA-ODIR-TEST-OFFLINE,temperature_scaled_probability,Temperature-scaled,6,0.4,0.4666666666666667,4,0.43015599250000003,0.75,0.31984400749999997
EfficientNetB0,source_level,OIA-ODIR-TEST-OFFLINE,temperature_scaled_probability,Temperature-scaled,7,0.4666666666666667,0.5333333333333333,6,0.4947471233333333,0.16666666666666666,0.32808045666666663
EfficientNetB0,source_level,OIA-ODIR-TEST-OFFLINE,temperature_scaled_probability,Temperature-scaled,8,0.5333333333333333,0.6,11,0.5732550627272728,0.09090909090909091,0.48234597181818184
EfficientNetB0,source_level,OIA-ODIR-TEST-OFFLINE,temperature_scaled_probability,Temperature-scaled,9,0.6,0.6666666666666666,9,0.6245500077777778,0.2222222222222222,0.4023277855555556
EfficientNetB0,source_level,OIA-ODIR-TEST-OFFLINE,temperature_scaled_probability,Temperature-scaled,10,0.6666666666666666,0.7333333333333333,4,0.6891836425,0.0,0.6891836425
EfficientNetB0,source_level,OIA-ODIR-TEST-OFFLINE,temperature_scaled_probability,Temperature-scaled,11,0.7333333333333333,0.8,3,0.7656848133333334,0.0,0.7656848133333334
EfficientNetB0,source_level,OIA-ODIR-TEST-OFFLINE,temperature_scaled_probability,Temperature-scaled,12,0.8,0.8666666666666667,6,0.8361517049999999,0.16666666666666666,0.6694850383333333
EfficientNetB0,source_level,OIA-ODIR-TEST-OFFLINE,temperature_scaled_probability,Temperature-scaled,13,0.8666666666666667,0.9333333333333333,13,0.9030323992307692,0.15384615384615385,0.7491862453846153
EfficientNetB0,source_level,OIA-ODIR-TEST-OFFLINE,temperature_scaled_probability,Temperature-scaled,14,0.9333333333333333,1.0,29,0.9776172720689655,0.6551724137931034,0.3224448582758621
EfficientNetB0,source_level,OIA-ODIR-TEST-ONLINE,temperature_scaled_probability,Temperature-scaled,0,0.0,0.06666666666666667,552,0.008889605937220072,0.0,0.008889605937220072
EfficientNetB0,source_level,OIA-ODIR-TEST-ONLINE,temperature_scaled_probability,Temperature-scaled,1,0.06666666666666667,0.13333333333333333,43,0.09670463969767443,0.046511627906976744,0.050193011790697684
EfficientNetB0,source_level,OIA-ODIR-TEST-ONLINE,temperature_scaled_probability,Temperature-scaled,2,0.13333333333333333,0.2,39,0.16336343128205127,0.02564102564102564,0.13772240564102564
EfficientNetB0,source_level,OIA-ODIR-TEST-ONLINE,temperature_scaled_probability,Temperature-scaled,3,0.2,0.26666666666666666,21,0.23515305428571426,0.0,0.23515305428571426
EfficientNetB0,source_level,OIA-ODIR-TEST-ONLINE,temperature_scaled_probability,Temperature-scaled,4,0.26666666666666666,0.3333333333333333,10,0.295072375,0.0,0.295072375
EfficientNetB0,source_level,OIA-ODIR-TEST-ONLINE,temperature_scaled_probability,Temperature-scaled,5,0.3333333333333333,0.4,24,0.3629685470833333,0.125,0.23796854708333331
EfficientNetB0,source_level,OIA-ODIR-TEST-ONLINE,temperature_scaled_probability,Temperature-scaled,6,0.4,0.4666666666666667,7,0.4343672214285714,0.0,0.4343672214285714
EfficientNetB0,source_level,OIA-ODIR-TEST-ONLINE,temperature_scaled_probability,Temperature-scaled,7,0.4666666666666667,0.5333333333333333,23,0.4971802786956522,0.13043478260869565,0.3667454960869565
EfficientNetB0,source_level,OIA-ODIR-TEST-ONLINE,temperature_scaled_probability,Temperature-scaled,8,0.5333333333333333,0.6,18,0.5689240083333333,0.1111111111111111,0.45781289722222224
EfficientNetB0,source_level,OIA-ODIR-TEST-ONLINE,temperature_scaled_probability,Temperature-scaled,9,0.6,0.6666666666666666,8,0.6338099825,0.0,0.6338099825
EfficientNetB0,source_level,OIA-ODIR-TEST-ONLINE,temperature_scaled_probability,Temperature-scaled,10,0.6666666666666666,0.7333333333333333,8,0.70315187125,0.125,0.57815187125
EfficientNetB0,source_level,OIA-ODIR-TEST-ONLINE,temperature_scaled_probability,Temperature-scaled,11,0.7333333333333333,0.8,10,0.7598339980000001,0.1,0.6598339980000001
EfficientNetB0,source_level,OIA-ODIR-TEST-ONLINE,temperature_scaled_probability,Temperature-scaled,12,0.8,0.8666666666666667,16,0.840098358125,0.25,0.590098358125
EfficientNetB0,source_level,OIA-ODIR-TEST-ONLINE,temperature_scaled_probability,Temperature-scaled,13,0.8666666666666667,0.9333333333333333,21,0.9027604533333333,0.38095238095238093,0.5218080723809524
EfficientNetB0,source_level,OIA-ODIR-TEST-ONLINE,temperature_scaled_probability,Temperature-scaled,14,0.9333333333333333,1.0,60,0.9801032734999999,0.55,0.4301032734999999
EfficientNetB0,source_level,OIA-ODIR-TRAIN,temperature_scaled_probability,Temperature-scaled,0,0.0,0.06666666666666667,2057,0.008960662329049214,0.003889158969372873,0.0050715033596763414
EfficientNetB0,source_level,OIA-ODIR-TRAIN,temperature_scaled_probability,Temperature-scaled,1,0.06666666666666667,0.13333333333333333,199,0.0977436761557789,0.03015075376884422,0.06759292238693468
EfficientNetB0,source_level,OIA-ODIR-TRAIN,temperature_scaled_probability,Temperature-scaled,2,0.13333333333333333,0.2,111,0.16306198342342343,0.04504504504504504,0.11801693837837839
EfficientNetB0,source_level,OIA-ODIR-TRAIN,temperature_scaled_probability,Temperature-scaled,3,0.2,0.26666666666666666,117,0.230971705042735,0.042735042735042736,0.18823666230769226
EfficientNetB0,source_level,OIA-ODIR-TRAIN,temperature_scaled_probability,Temperature-scaled,4,0.26666666666666666,0.3333333333333333,55,0.3003123865454545,0.07272727272727272,0.22758511381818178
EfficientNetB0,source_level,OIA-ODIR-TRAIN,temperature_scaled_probability,Temperature-scaled,5,0.3333333333333333,0.4,61,0.3664202583606558,0.04918032786885246,0.3172399304918033
EfficientNetB0,source_level,OIA-ODIR-TRAIN,temperature_scaled_probability,Temperature-scaled,6,0.4,0.4666666666666667,47,0.4324722970212767,0.0851063829787234,0.3473659140425533
EfficientNetB0,source_level,OIA-ODIR-TRAIN,temperature_scaled_probability,Temperature-scaled,7,0.4666666666666667,0.5333333333333333,47,0.49955522297872346,0.10638297872340426,0.3931722442553192
EfficientNetB0,source_level,OIA-ODIR-TRAIN,temperature_scaled_probability,Temperature-scaled,8,0.5333333333333333,0.6,35,0.5655510905714286,0.08571428571428572,0.47983680485714286
EfficientNetB0,source_level,OIA-ODIR-TRAIN,temperature_scaled_probability,Temperature-scaled,9,0.6,0.6666666666666666,40,0.6363315225,0.05,0.5863315225
EfficientNetB0,source_level,OIA-ODIR-TRAIN,temperature_scaled_probability,Temperature-scaled,10,0.6666666666666666,0.7333333333333333,45,0.7015510426666667,0.08888888888888889,0.6126621537777778
EfficientNetB0,source_level,OIA-ODIR-TRAIN,temperature_scaled_probability,Temperature-scaled,11,0.7333333333333333,0.8,33,0.7707304709090909,0.3333333333333333,0.43739713757575754
EfficientNetB0,source_level,OIA-ODIR-TRAIN,temperature_scaled_probability,Temperature-scaled,12,0.8,0.8666666666666667,50,0.8335363377999999,0.22,0.6135363377999999
EfficientNetB0,source_level,OIA-ODIR-TRAIN,temperature_scaled_probability,Temperature-scaled,13,0.8666666666666667,0.9333333333333333,63,0.9018030555555555,0.2698412698412698,0.6319617857142856
EfficientNetB0,source_level,OIA-ODIR-TRAIN,temperature_scaled_probability,Temperature-scaled,14,0.9333333333333333,1.0,169,0.9793031806508876,0.6449704142011834,0.3343327664497042
EfficientNetB0,source_level,ORIGA,temperature_scaled_probability,Temperature-scaled,0,0.0,0.06666666666666667,332,0.011478590269687651,0.06927710843373494,0.05779851816404729
EfficientNetB0,source_level,ORIGA,temperature_scaled_probability,Temperature-scaled,1,0.06666666666666667,0.13333333333333333,39,0.09560752612820513,0.1794871794871795,0.08387965335897436
EfficientNetB0,source_level,ORIGA,temperature_scaled_probability,Temperature-scaled,2,0.13333333333333333,0.2,38,0.1663752813157895,0.21052631578947367,0.04415103447368418
EfficientNetB0,source_level,ORIGA,temperature_scaled_probability,Temperature-scaled,3,0.2,0.26666666666666666,27,0.23188589666666667,0.2222222222222222,0.009663674444444464
EfficientNetB0,source_level,ORIGA,temperature_scaled_probability,Temperature-scaled,4,0.26666666666666666,0.3333333333333333,19,0.3045288810526316,0.5263157894736842,0.2217869084210526
EfficientNetB0,source_level,ORIGA,temperature_scaled_probability,Temperature-scaled,5,0.3333333333333333,0.4,13,0.3726090638461539,0.46153846153846156,0.08892939769230768
EfficientNetB0,source_level,ORIGA,temperature_scaled_probability,Temperature-scaled,6,0.4,0.4666666666666667,10,0.439203091,0.1,0.339203091
EfficientNetB0,source_level,ORIGA,temperature_scaled_probability,Temperature-scaled,7,0.4666666666666667,0.5333333333333333,10,0.493272843,0.5,0.006727156999999984
EfficientNetB0,source_level,ORIGA,temperature_scaled_probability,Temperature-scaled,8,0.5333333333333333,0.6,12,0.5684838966666667,0.3333333333333333,0.23515056333333334
EfficientNetB0,source_level,ORIGA,temperature_scaled_probability,Temperature-scaled,9,0.6,0.6666666666666666,19,0.6358058615789475,0.5263157894736842,0.10949007210526329
EfficientNetB0,source_level,ORIGA,temperature_scaled_probability,Temperature-scaled,10,0.6666666666666666,0.7333333333333333,14,0.6966090685714287,0.42857142857142855,0.26803764000000013
EfficientNetB0,source_level,ORIGA,temperature_scaled_probability,Temperature-scaled,11,0.7333333333333333,0.8,9,0.7699535411111111,0.5555555555555556,0.21439798555555556
EfficientNetB0,source_level,ORIGA,temperature_scaled_probability,Temperature-scaled,12,0.8,0.8666666666666667,23,0.8319560891304347,0.6956521739130435,0.13630391521739127
EfficientNetB0,source_level,ORIGA,temperature_scaled_probability,Temperature-scaled,13,0.8666666666666667,0.9333333333333333,18,0.8995868866666668,0.6111111111111112,0.2884757755555556
EfficientNetB0,source_level,ORIGA,temperature_scaled_probability,Temperature-scaled,14,0.9333333333333333,1.0,67,0.9746248823880596,0.746268656716418,0.2283562256716416
EfficientNetB0,source_level,REFUGE1-train,temperature_scaled_probability,Temperature-scaled,0,0.0,0.06666666666666667,317,0.007914492657647319,0.031545741324921134,0.023631248667273813
EfficientNetB0,source_level,REFUGE1-train,temperature_scaled_probability,Temperature-scaled,1,0.06666666666666667,0.13333333333333333,25,0.08962092348,0.0,0.08962092348
EfficientNetB0,source_level,REFUGE1-train,temperature_scaled_probability,Temperature-scaled,2,0.13333333333333333,0.2,7,0.17300690000000002,0.14285714285714285,0.03014975714285717
EfficientNetB0,source_level,REFUGE1-train,temperature_scaled_probability,Temperature-scaled,3,0.2,0.26666666666666666,6,0.22399258333333336,0.16666666666666666,0.0573259166666667
EfficientNetB0,source_level,REFUGE1-train,temperature_scaled_probability,Temperature-scaled,4,0.26666666666666666,0.3333333333333333,7,0.2869991657142857,0.0,0.2869991657142857
EfficientNetB0,source_level,REFUGE1-train,temperature_scaled_probability,Temperature-scaled,5,0.3333333333333333,0.4,3,0.36796291666666664,0.3333333333333333,0.034629583333333325
EfficientNetB0,source_level,REFUGE1-train,temperature_scaled_probability,Temperature-scaled,6,0.4,0.4666666666666667,2,0.440170365,0.0,0.440170365
EfficientNetB0,source_level,REFUGE1-train,temperature_scaled_probability,Temperature-scaled,7,0.4666666666666667,0.5333333333333333,2,0.50946112,0.0,0.50946112
EfficientNetB0,source_level,REFUGE1-train,temperature_scaled_probability,Temperature-scaled,8,0.5333333333333333,0.6,2,0.588121075,0.5,0.088121075
EfficientNetB0,source_level,REFUGE1-train,temperature_scaled_probability,Temperature-scaled,9,0.6,0.6666666666666666,3,0.6205761666666666,0.6666666666666666,0.046090500000000034
EfficientNetB0,source_level,REFUGE1-train,temperature_scaled_probability,Temperature-scaled,10,0.6666666666666666,0.7333333333333333,1,0.6798688,0.0,0.6798688
EfficientNetB0,source_level,REFUGE1-train,temperature_scaled_probability,Temperature-scaled,11,0.7333333333333333,0.8,2,0.7394202999999999,1.0,0.2605797000000001
EfficientNetB0,source_level,REFUGE1-train,temperature_scaled_probability,Temperature-scaled,12,0.8,0.8666666666666667,1,0.81318116,1.0,0.18681884000000004
EfficientNetB0,source_level,REFUGE1-train,temperature_scaled_probability,Temperature-scaled,13,0.8666666666666667,0.9333333333333333,3,0.9083586,0.6666666666666666,0.2416919333333334
EfficientNetB0,source_level,REFUGE1-train,temperature_scaled_probability,Temperature-scaled,14,0.9333333333333333,1.0,19,0.9838205368421051,1.0,0.01617946315789487
EfficientNetB0,source_level,REFUGE1-val,temperature_scaled_probability,Temperature-scaled,0,0.0,0.06666666666666667,330,0.008855696130521605,0.030303030303030304,0.0214473341725087
EfficientNetB0,source_level,REFUGE1-val,temperature_scaled_probability,Temperature-scaled,1,0.06666666666666667,0.13333333333333333,26,0.09144584907692306,0.038461538461538464,0.0529843106153846
EfficientNetB0,source_level,REFUGE1-val,temperature_scaled_probability,Temperature-scaled,2,0.13333333333333333,0.2,11,0.15680999909090906,0.18181818181818182,0.02500818272727276
EfficientNetB0,source_level,REFUGE1-val,temperature_scaled_probability,Temperature-scaled,3,0.2,0.26666666666666666,3,0.23226980666666666,0.0,0.23226980666666666
EfficientNetB0,source_level,REFUGE1-val,temperature_scaled_probability,Temperature-scaled,4,0.26666666666666666,0.3333333333333333,3,0.29874522,0.6666666666666666,0.36792144666666665
EfficientNetB0,source_level,REFUGE1-val,temperature_scaled_probability,Temperature-scaled,5,0.3333333333333333,0.4,1,0.39520705,1.0,0.60479295
EfficientNetB0,source_level,REFUGE1-val,temperature_scaled_probability,Temperature-scaled,6,0.4,0.4666666666666667,0,,,
EfficientNetB0,source_level,REFUGE1-val,temperature_scaled_probability,Temperature-scaled,7,0.4666666666666667,0.5333333333333333,2,0.509526975,1.0,0.490473025
EfficientNetB0,source_level,REFUGE1-val,temperature_scaled_probability,Temperature-scaled,8,0.5333333333333333,0.6,2,0.5569803849999999,1.0,0.4430196150000001
EfficientNetB0,source_level,REFUGE1-val,temperature_scaled_probability,Temperature-scaled,9,0.6,0.6666666666666666,0,,,
EfficientNetB0,source_level,REFUGE1-val,temperature_scaled_probability,Temperature-scaled,10,0.6666666666666666,0.7333333333333333,1,0.69970053,1.0,0.30029947
EfficientNetB0,source_level,REFUGE1-val,temperature_scaled_probability,Temperature-scaled,11,0.7333333333333333,0.8,0,,,
EfficientNetB0,source_level,REFUGE1-val,temperature_scaled_probability,Temperature-scaled,12,0.8,0.8666666666666667,1,0.8021019,0.0,0.8021019
EfficientNetB0,source_level,REFUGE1-val,temperature_scaled_probability,Temperature-scaled,13,0.8666666666666667,0.9333333333333333,2,0.898815685,0.5,0.398815685
EfficientNetB0,source_level,REFUGE1-val,temperature_scaled_probability,Temperature-scaled,14,0.9333333333333333,1.0,18,0.9766186783333333,1.0,0.023381321666666732
EfficientNetB0,source_level,sjchoi86-HRF,temperature_scaled_probability,Temperature-scaled,0,0.0,0.06666666666666667,286,0.009895477143113183,0.12237762237762238,0.1124821452345092
EfficientNetB0,source_level,sjchoi86-HRF,temperature_scaled_probability,Temperature-scaled,1,0.06666666666666667,0.13333333333333333,19,0.09168675815789473,0.21052631578947367,0.11883955763157894
EfficientNetB0,source_level,sjchoi86-HRF,temperature_scaled_probability,Temperature-scaled,2,0.13333333333333333,0.2,19,0.16486657842105262,0.5263157894736842,0.36144921105263156
EfficientNetB0,source_level,sjchoi86-HRF,temperature_scaled_probability,Temperature-scaled,3,0.2,0.26666666666666666,9,0.23676366222222223,0.3333333333333333,0.09656967111111109
EfficientNetB0,source_level,sjchoi86-HRF,temperature_scaled_probability,Temperature-scaled,4,0.26666666666666666,0.3333333333333333,7,0.30444804000000003,0.7142857142857143,0.40983767428571427
EfficientNetB0,source_level,sjchoi86-HRF,temperature_scaled_probability,Temperature-scaled,5,0.3333333333333333,0.4,4,0.36527361249999996,0.5,0.13472638750000004
EfficientNetB0,source_level,sjchoi86-HRF,temperature_scaled_probability,Temperature-scaled,6,0.4,0.4666666666666667,6,0.4359567766666667,0.16666666666666666,0.26929011
EfficientNetB0,source_level,sjchoi86-HRF,temperature_scaled_probability,Temperature-scaled,7,0.4666666666666667,0.5333333333333333,5,0.4986168859999999,1.0,0.501383114
EfficientNetB0,source_level,sjchoi86-HRF,temperature_scaled_probability,Temperature-scaled,8,0.5333333333333333,0.6,5,0.55629647,0.6,0.043703529999999935
EfficientNetB0,source_level,sjchoi86-HRF,temperature_scaled_probability,Temperature-scaled,9,0.6,0.6666666666666666,6,0.6303100616666666,0.3333333333333333,0.2969767283333333
EfficientNetB0,source_level,sjchoi86-HRF,temperature_scaled_probability,Temperature-scaled,10,0.6666666666666666,0.7333333333333333,1,0.72551405,1.0,0.27448595
EfficientNetB0,source_level,sjchoi86-HRF,temperature_scaled_probability,Temperature-scaled,11,0.7333333333333333,0.8,3,0.7590094033333333,1.0,0.24099059666666667
EfficientNetB0,source_level,sjchoi86-HRF,temperature_scaled_probability,Temperature-scaled,12,0.8,0.8666666666666667,4,0.835150195,0.5,0.335150195
EfficientNetB0,source_level,sjchoi86-HRF,temperature_scaled_probability,Temperature-scaled,13,0.8666666666666667,0.9333333333333333,6,0.8944794966666666,0.8333333333333334,0.061146163333333226
EfficientNetB0,source_level,sjchoi86-HRF,temperature_scaled_probability,Temperature-scaled,14,0.9333333333333333,1.0,21,0.9777583161904764,0.9523809523809523,0.025377363809524045
SwinTiny,pooled_smdg,pooled_smdg,raw_probability,Raw,0,0.0,0.06666666666666667,6591,0.002284968476442332,0.08284023668639054,0.08055526820994821
SwinTiny,pooled_smdg,pooled_smdg,raw_probability,Raw,1,0.06666666666666667,0.13333333333333333,159,0.09548954680503144,0.20754716981132076,0.11205762300628933
SwinTiny,pooled_smdg,pooled_smdg,raw_probability,Raw,2,0.13333333333333333,0.2,97,0.1679770302061856,0.25773195876288657,0.08975492855670097
SwinTiny,pooled_smdg,pooled_smdg,raw_probability,Raw,3,0.2,0.26666666666666666,68,0.23064261176470588,0.16176470588235295,0.06887790588235293
SwinTiny,pooled_smdg,pooled_smdg,raw_probability,Raw,4,0.26666666666666666,0.3333333333333333,60,0.2933231655000001,0.23333333333333334,0.05998983216666676
SwinTiny,pooled_smdg,pooled_smdg,raw_probability,Raw,5,0.3333333333333333,0.4,67,0.3694434982089552,0.13432835820895522,0.23511514
SwinTiny,pooled_smdg,pooled_smdg,raw_probability,Raw,6,0.4,0.4666666666666667,38,0.43424066078947376,0.21052631578947367,0.2237143450000001
SwinTiny,pooled_smdg,pooled_smdg,raw_probability,Raw,7,0.4666666666666667,0.5333333333333333,57,0.5004862582456141,0.2631578947368421,0.237328363508772
SwinTiny,pooled_smdg,pooled_smdg,raw_probability,Raw,8,0.5333333333333333,0.6,40,0.5616239965000001,0.225,0.3366239965000001
SwinTiny,pooled_smdg,pooled_smdg,raw_probability,Raw,9,0.6,0.6666666666666666,28,0.6318632739285713,0.14285714285714285,0.4890061310714285
SwinTiny,pooled_smdg,pooled_smdg,raw_probability,Raw,10,0.6666666666666666,0.7333333333333333,50,0.6972756130000001,0.2,0.49727561300000006
SwinTiny,pooled_smdg,pooled_smdg,raw_probability,Raw,11,0.7333333333333333,0.8,72,0.7658334865277777,0.2638888888888889,0.5019445976388888
SwinTiny,pooled_smdg,pooled_smdg,raw_probability,Raw,12,0.8,0.8666666666666667,64,0.83499107359375,0.34375,0.49124107359375
SwinTiny,pooled_smdg,pooled_smdg,raw_probability,Raw,13,0.8666666666666667,0.9333333333333333,89,0.9041143026966292,0.29213483146067415,0.611979471235955
SwinTiny,pooled_smdg,pooled_smdg,raw_probability,Raw,14,0.9333333333333333,1.0,1147,0.9933068728160419,0.5754141238012206,0.4178927490148213
SwinTiny,source_level,BEH,raw_probability,Raw,0,0.0,0.06666666666666667,435,0.0023177881481574714,0.13333333333333333,0.13101554518517586
SwinTiny,source_level,BEH,raw_probability,Raw,1,0.06666666666666667,0.13333333333333333,15,0.09150942606666668,0.26666666666666666,0.17515724059999999
SwinTiny,source_level,BEH,raw_probability,Raw,2,0.13333333333333333,0.2,8,0.15765275,0.25,0.09234724999999999
SwinTiny,source_level,BEH,raw_probability,Raw,3,0.2,0.26666666666666666,3,0.22996081999999998,0.6666666666666666,0.4367058466666667
SwinTiny,source_level,BEH,raw_probability,Raw,4,0.26666666666666666,0.3333333333333333,6,0.2803521916666667,0.0,0.2803521916666667
SwinTiny,source_level,BEH,raw_probability,Raw,5,0.3333333333333333,0.4,2,0.35375846,0.0,0.35375846
SwinTiny,source_level,BEH,raw_probability,Raw,6,0.4,0.4666666666666667,2,0.427513575,0.0,0.427513575
SwinTiny,source_level,BEH,raw_probability,Raw,7,0.4666666666666667,0.5333333333333333,7,0.49331783999999995,0.2857142857142857,0.20760355428571425
SwinTiny,source_level,BEH,raw_probability,Raw,8,0.5333333333333333,0.6,2,0.5671899,0.0,0.5671899
SwinTiny,source_level,BEH,raw_probability,Raw,9,0.6,0.6666666666666666,3,0.61719896,0.0,0.61719896
SwinTiny,source_level,BEH,raw_probability,Raw,10,0.6666666666666666,0.7333333333333333,3,0.6849735333333333,0.3333333333333333,0.3516402
SwinTiny,source_level,BEH,raw_probability,Raw,11,0.7333333333333333,0.8,12,0.7773026949999999,0.4166666666666667,0.36063602833333325
SwinTiny,source_level,BEH,raw_probability,Raw,12,0.8,0.8666666666666667,3,0.8160855133333333,0.6666666666666666,0.14941884666666672
SwinTiny,source_level,BEH,raw_probability,Raw,13,0.8666666666666667,0.9333333333333333,6,0.9071526899999999,0.5,0.4071526899999999
SwinTiny,source_level,BEH,raw_probability,Raw,14,0.9333333333333333,1.0,127,0.9936143914173228,0.7244094488188977,0.2692049425984251
SwinTiny,source_level,CRFO-v4,raw_probability,Raw,0,0.0,0.06666666666666667,37,0.001678963671864865,0.5945945945945946,0.5929156309227298
SwinTiny,source_level,CRFO-v4,raw_probability,Raw,1,0.06666666666666667,0.13333333333333333,2,0.106327567,0.5,0.393672433
SwinTiny,source_level,CRFO-v4,raw_probability,Raw,2,0.13333333333333333,0.2,3,0.14726974,0.3333333333333333,0.1860635933333333
SwinTiny,source_level,CRFO-v4,raw_probability,Raw,3,0.2,0.26666666666666666,0,,,
SwinTiny,source_level,CRFO-v4,raw_probability,Raw,4,0.26666666666666666,0.3333333333333333,2,0.268050225,1.0,0.731949775
SwinTiny,source_level,CRFO-v4,raw_probability,Raw,5,0.3333333333333333,0.4,4,0.361575035,0.5,0.138424965
SwinTiny,source_level,CRFO-v4,raw_probability,Raw,6,0.4,0.4666666666666667,1,0.419152,1.0,0.580848
SwinTiny,source_level,CRFO-v4,raw_probability,Raw,7,0.4666666666666667,0.5333333333333333,3,0.5309991366666668,1.0,0.46900086333333324
SwinTiny,source_level,CRFO-v4,raw_probability,Raw,8,0.5333333333333333,0.6,0,,,
SwinTiny,source_level,CRFO-v4,raw_probability,Raw,9,0.6,0.6666666666666666,0,,,
SwinTiny,source_level,CRFO-v4,raw_probability,Raw,10,0.6666666666666666,0.7333333333333333,1,0.72722405,0.0,0.72722405
SwinTiny,source_level,CRFO-v4,raw_probability,Raw,11,0.7333333333333333,0.8,1,0.76185787,0.0,0.76185787
SwinTiny,source_level,CRFO-v4,raw_probability,Raw,12,0.8,0.8666666666666667,0,,,
SwinTiny,source_level,CRFO-v4,raw_probability,Raw,13,0.8666666666666667,0.9333333333333333,2,0.9018663499999999,0.5,0.40186634999999993
SwinTiny,source_level,CRFO-v4,raw_probability,Raw,14,0.9333333333333333,1.0,23,0.9955768956521741,0.6521739130434783,0.34340298260869584
SwinTiny,source_level,DR-HAGIS,raw_probability,Raw,0,0.0,0.06666666666666667,4,0.0036297979057499995,1.0,0.99637020209425
SwinTiny,source_level,DR-HAGIS,raw_probability,Raw,1,0.06666666666666667,0.13333333333333333,0,,,
SwinTiny,source_level,DR-HAGIS,raw_probability,Raw,2,0.13333333333333333,0.2,0,,,
SwinTiny,source_level,DR-HAGIS,raw_probability,Raw,3,0.2,0.26666666666666666,0,,,
SwinTiny,source_level,DR-HAGIS,raw_probability,Raw,4,0.26666666666666666,0.3333333333333333,0,,,
SwinTiny,source_level,DR-HAGIS,raw_probability,Raw,5,0.3333333333333333,0.4,0,,,
SwinTiny,source_level,DR-HAGIS,raw_probability,Raw,6,0.4,0.4666666666666667,0,,,
SwinTiny,source_level,DR-HAGIS,raw_probability,Raw,7,0.4666666666666667,0.5333333333333333,0,,,
SwinTiny,source_level,DR-HAGIS,raw_probability,Raw,8,0.5333333333333333,0.6,0,,,
SwinTiny,source_level,DR-HAGIS,raw_probability,Raw,9,0.6,0.6666666666666666,0,,,
SwinTiny,source_level,DR-HAGIS,raw_probability,Raw,10,0.6666666666666666,0.7333333333333333,1,0.67501396,1.0,0.32498604
SwinTiny,source_level,DR-HAGIS,raw_probability,Raw,11,0.7333333333333333,0.8,0,,,
SwinTiny,source_level,DR-HAGIS,raw_probability,Raw,12,0.8,0.8666666666666667,0,,,
SwinTiny,source_level,DR-HAGIS,raw_probability,Raw,13,0.8666666666666667,0.9333333333333333,1,0.9063216,1.0,0.09367840000000005
SwinTiny,source_level,DR-HAGIS,raw_probability,Raw,14,0.9333333333333333,1.0,4,0.9968879975,1.0,0.0031120024999999885
SwinTiny,source_level,DRISHTI-GS1,raw_probability,Raw,0,0.0,0.06666666666666667,38,0.003986143242367368,0.34210526315789475,0.3381191199155274
SwinTiny,source_level,DRISHTI-GS1,raw_probability,Raw,1,0.06666666666666667,0.13333333333333333,3,0.09903053333333334,0.6666666666666666,0.5676361333333333
SwinTiny,source_level,DRISHTI-GS1,raw_probability,Raw,2,0.13333333333333333,0.2,1,0.15030208,0.0,0.15030208
SwinTiny,source_level,DRISHTI-GS1,raw_probability,Raw,3,0.2,0.26666666666666666,0,,,
SwinTiny,source_level,DRISHTI-GS1,raw_probability,Raw,4,0.26666666666666666,0.3333333333333333,0,,,
SwinTiny,source_level,DRISHTI-GS1,raw_probability,Raw,5,0.3333333333333333,0.4,0,,,
SwinTiny,source_level,DRISHTI-GS1,raw_probability,Raw,6,0.4,0.4666666666666667,1,0.4231866,1.0,0.5768134
SwinTiny,source_level,DRISHTI-GS1,raw_probability,Raw,7,0.4666666666666667,0.5333333333333333,1,0.5308474,0.0,0.5308474
SwinTiny,source_level,DRISHTI-GS1,raw_probability,Raw,8,0.5333333333333333,0.6,0,,,
SwinTiny,source_level,DRISHTI-GS1,raw_probability,Raw,9,0.6,0.6666666666666666,0,,,
SwinTiny,source_level,DRISHTI-GS1,raw_probability,Raw,10,0.6666666666666666,0.7333333333333333,0,,,
SwinTiny,source_level,DRISHTI-GS1,raw_probability,Raw,11,0.7333333333333333,0.8,2,0.74529835,1.0,0.25470165
SwinTiny,source_level,DRISHTI-GS1,raw_probability,Raw,12,0.8,0.8666666666666667,4,0.8360978525,0.75,0.08609785250000002
SwinTiny,source_level,DRISHTI-GS1,raw_probability,Raw,13,0.8666666666666667,0.9333333333333333,1,0.90978056,1.0,0.09021944000000004
SwinTiny,source_level,DRISHTI-GS1,raw_probability,Raw,14,0.9333333333333333,1.0,50,0.9932045444,0.96,0.03320454439999998
SwinTiny,source_level,FIVES,raw_probability,Raw,0,0.0,0.06666666666666667,265,0.002566846251363019,0.2188679245283019,0.21630107827693887
SwinTiny,source_level,FIVES,raw_probability,Raw,1,0.06666666666666667,0.13333333333333333,6,0.09280029483333334,0.6666666666666666,0.5738663718333333
SwinTiny,source_level,FIVES,raw_probability,Raw,2,0.13333333333333333,0.2,6,0.15934936833333332,0.6666666666666666,0.5073172983333333
SwinTiny,source_level,FIVES,raw_probability,Raw,3,0.2,0.26666666666666666,2,0.25503775500000003,1.0,0.744962245
SwinTiny,source_level,FIVES,raw_probability,Raw,4,0.26666666666666666,0.3333333333333333,2,0.29996078000000004,0.5,0.20003921999999996
SwinTiny,source_level,FIVES,raw_probability,Raw,5,0.3333333333333333,0.4,1,0.34420896,1.0,0.65579104
SwinTiny,source_level,FIVES,raw_probability,Raw,6,0.4,0.4666666666666667,1,0.4312228,1.0,0.5687772
SwinTiny,source_level,FIVES,raw_probability,Raw,7,0.4666666666666667,0.5333333333333333,1,0.4726307,1.0,0.5273692999999999
SwinTiny,source_level,FIVES,raw_probability,Raw,8,0.5333333333333333,0.6,0,,,
SwinTiny,source_level,FIVES,raw_probability,Raw,9,0.6,0.6666666666666666,1,0.6317001,0.0,0.6317001
SwinTiny,source_level,FIVES,raw_probability,Raw,10,0.6666666666666666,0.7333333333333333,1,0.68181527,1.0,0.31818473
SwinTiny,source_level,FIVES,raw_probability,Raw,11,0.7333333333333333,0.8,1,0.74231005,0.0,0.74231005
SwinTiny,source_level,FIVES,raw_probability,Raw,12,0.8,0.8666666666666667,6,0.8261167483333334,0.6666666666666666,0.15945008166666674
SwinTiny,source_level,FIVES,raw_probability,Raw,13,0.8666666666666667,0.9333333333333333,1,0.9006328,0.0,0.9006328
SwinTiny,source_level,FIVES,raw_probability,Raw,14,0.9333333333333333,1.0,106,0.996374574811321,0.6886792452830188,0.30769532952830214
SwinTiny,source_level,G1020,raw_probability,Raw,0,0.0,0.06666666666666667,815,0.003243333391777669,0.2907975460122699,0.28755421262049224
SwinTiny,source_level,G1020,raw_probability,Raw,1,0.06666666666666667,0.13333333333333333,22,0.09510092577272727,0.36363636363636365,0.2685354378636364
SwinTiny,source_level,G1020,raw_probability,Raw,2,0.13333333333333333,0.2,14,0.16882446428571432,0.42857142857142855,0.2597469642857142
SwinTiny,source_level,G1020,raw_probability,Raw,3,0.2,0.26666666666666666,10,0.22984144200000003,0.1,0.12984144200000003
SwinTiny,source_level,G1020,raw_probability,Raw,4,0.26666666666666666,0.3333333333333333,12,0.3041147166666667,0.5,0.19588528333333333
SwinTiny,source_level,G1020,raw_probability,Raw,5,0.3333333333333333,0.4,11,0.36958798909090906,0.09090909090909091,0.2786788981818181
SwinTiny,source_level,G1020,raw_probability,Raw,6,0.4,0.4666666666666667,8,0.43419649125000004,0.25,0.18419649125000004
SwinTiny,source_level,G1020,raw_probability,Raw,7,0.4666666666666667,0.5333333333333333,11,0.49856240363636356,0.18181818181818182,0.31674422181818174
SwinTiny,source_level,G1020,raw_probability,Raw,8,0.5333333333333333,0.6,8,0.56452339875,0.25,0.31452339875
SwinTiny,source_level,G1020,raw_probability,Raw,9,0.6,0.6666666666666666,6,0.6477747049999999,0.16666666666666666,0.48110803833333327
SwinTiny,source_level,G1020,raw_probability,Raw,10,0.6666666666666666,0.7333333333333333,7,0.6982241428571428,0.14285714285714285,0.5553669999999999
SwinTiny,source_level,G1020,raw_probability,Raw,11,0.7333333333333333,0.8,7,0.7683301457142857,0.42857142857142855,0.33975871714285716
SwinTiny,source_level,G1020,raw_probability,Raw,12,0.8,0.8666666666666667,12,0.8351250924999999,0.3333333333333333,0.5017917591666665
SwinTiny,source_level,G1020,raw_probability,Raw,13,0.8666666666666667,0.9333333333333333,7,0.8996662914285715,0.2857142857142857,0.6139520057142858
SwinTiny,source_level,G1020,raw_probability,Raw,14,0.9333333333333333,1.0,70,0.9899491552857145,0.2857142857142857,0.7042348695714288
SwinTiny,source_level,HRF,raw_probability,Raw,0,0.0,0.06666666666666667,16,0.0037026843448750004,0.25,0.246297315655125
SwinTiny,source_level,HRF,raw_probability,Raw,1,0.06666666666666667,0.13333333333333333,1,0.092460714,0.0,0.092460714
SwinTiny,source_level,HRF,raw_probability,Raw,2,0.13333333333333333,0.2,0,,,
SwinTiny,source_level,HRF,raw_probability,Raw,3,0.2,0.26666666666666666,0,,,
SwinTiny,source_level,HRF,raw_probability,Raw,4,0.26666666666666666,0.3333333333333333,0,,,
SwinTiny,source_level,HRF,raw_probability,Raw,5,0.3333333333333333,0.4,0,,,
SwinTiny,source_level,HRF,raw_probability,Raw,6,0.4,0.4666666666666667,2,0.43052086,0.0,0.43052086
SwinTiny,source_level,HRF,raw_probability,Raw,7,0.4666666666666667,0.5333333333333333,1,0.47554544,1.0,0.52445456
SwinTiny,source_level,HRF,raw_probability,Raw,8,0.5333333333333333,0.6,0,,,
SwinTiny,source_level,HRF,raw_probability,Raw,9,0.6,0.6666666666666666,0,,,
SwinTiny,source_level,HRF,raw_probability,Raw,10,0.6666666666666666,0.7333333333333333,2,0.675275125,1.0,0.324724875
SwinTiny,source_level,HRF,raw_probability,Raw,11,0.7333333333333333,0.8,1,0.7964264,1.0,0.20357360000000002
SwinTiny,source_level,HRF,raw_probability,Raw,12,0.8,0.8666666666666667,1,0.84416044,1.0,0.15583956
SwinTiny,source_level,HRF,raw_probability,Raw,13,0.8666666666666667,0.9333333333333333,0,,,
SwinTiny,source_level,HRF,raw_probability,Raw,14,0.9333333333333333,1.0,6,0.9976291366666666,1.0,0.0023708633333333617
SwinTiny,source_level,JSIEC-1000,raw_probability,Raw,0,0.0,0.06666666666666667,38,4.171684773684211e-05,0.0,4.171684773684211e-05
SwinTiny,source_level,JSIEC-1000,raw_probability,Raw,1,0.06666666666666667,0.13333333333333333,0,,,
SwinTiny,source_level,JSIEC-1000,raw_probability,Raw,2,0.13333333333333333,0.2,0,,,
SwinTiny,source_level,JSIEC-1000,raw_probability,Raw,3,0.2,0.26666666666666666,0,,,
SwinTiny,source_level,JSIEC-1000,raw_probability,Raw,4,0.26666666666666666,0.3333333333333333,0,,,
SwinTiny,source_level,JSIEC-1000,raw_probability,Raw,5,0.3333333333333333,0.4,0,,,
SwinTiny,source_level,JSIEC-1000,raw_probability,Raw,6,0.4,0.4666666666666667,0,,,
SwinTiny,source_level,JSIEC-1000,raw_probability,Raw,7,0.4666666666666667,0.5333333333333333,0,,,
SwinTiny,source_level,JSIEC-1000,raw_probability,Raw,8,0.5333333333333333,0.6,0,,,
SwinTiny,source_level,JSIEC-1000,raw_probability,Raw,9,0.6,0.6666666666666666,0,,,
SwinTiny,source_level,JSIEC-1000,raw_probability,Raw,10,0.6666666666666666,0.7333333333333333,0,,,
SwinTiny,source_level,JSIEC-1000,raw_probability,Raw,11,0.7333333333333333,0.8,0,,,
SwinTiny,source_level,JSIEC-1000,raw_probability,Raw,12,0.8,0.8666666666666667,0,,,
SwinTiny,source_level,JSIEC-1000,raw_probability,Raw,13,0.8666666666666667,0.9333333333333333,0,,,
SwinTiny,source_level,JSIEC-1000,raw_probability,Raw,14,0.9333333333333333,1.0,0,,,
SwinTiny,source_level,LES-AV,raw_probability,Raw,0,0.0,0.06666666666666667,9,0.0003346767222333333,0.1111111111111111,0.11077643438887777
SwinTiny,source_level,LES-AV,raw_probability,Raw,1,0.06666666666666667,0.13333333333333333,1,0.12856583,0.0,0.12856583
SwinTiny,source_level,LES-AV,raw_probability,Raw,2,0.13333333333333333,0.2,1,0.18172087,1.0,0.81827913
SwinTiny,source_level,LES-AV,raw_probability,Raw,3,0.2,0.26666666666666666,1,0.252311,1.0,0.747689
SwinTiny,source_level,LES-AV,raw_probability,Raw,4,0.26666666666666666,0.3333333333333333,0,,,
SwinTiny,source_level,LES-AV,raw_probability,Raw,5,0.3333333333333333,0.4,0,,,
SwinTiny,source_level,LES-AV,raw_probability,Raw,6,0.4,0.4666666666666667,1,0.42587596,0.0,0.42587596
SwinTiny,source_level,LES-AV,raw_probability,Raw,7,0.4666666666666667,0.5333333333333333,0,,,
SwinTiny,source_level,LES-AV,raw_probability,Raw,8,0.5333333333333333,0.6,0,,,
SwinTiny,source_level,LES-AV,raw_probability,Raw,9,0.6,0.6666666666666666,0,,,
SwinTiny,source_level,LES-AV,raw_probability,Raw,10,0.6666666666666666,0.7333333333333333,0,,,
SwinTiny,source_level,LES-AV,raw_probability,Raw,11,0.7333333333333333,0.8,0,,,
SwinTiny,source_level,LES-AV,raw_probability,Raw,12,0.8,0.8666666666666667,0,,,
SwinTiny,source_level,LES-AV,raw_probability,Raw,13,0.8666666666666667,0.9333333333333333,0,,,
SwinTiny,source_level,LES-AV,raw_probability,Raw,14,0.9333333333333333,1.0,9,0.9926645288888888,0.8888888888888888,0.10377563999999995
SwinTiny,source_level,OIA-ODIR-TEST-OFFLINE,raw_probability,Raw,0,0.0,0.06666666666666667,325,0.0027215802807206155,0.018461538461538463,0.01573995818081785
SwinTiny,source_level,OIA-ODIR-TEST-OFFLINE,raw_probability,Raw,1,0.06666666666666667,0.13333333333333333,14,0.09672090442857141,0.14285714285714285,0.04613623842857144
SwinTiny,source_level,OIA-ODIR-TEST-OFFLINE,raw_probability,Raw,2,0.13333333333333333,0.2,4,0.162531535,0.25,0.087468465
SwinTiny,source_level,OIA-ODIR-TEST-OFFLINE,raw_probability,Raw,3,0.2,0.26666666666666666,2,0.229376225,0.0,0.229376225
SwinTiny,source_level,OIA-ODIR-TEST-OFFLINE,raw_probability,Raw,4,0.26666666666666666,0.3333333333333333,4,0.28706029250000004,0.0,0.28706029250000004
SwinTiny,source_level,OIA-ODIR-TEST-OFFLINE,raw_probability,Raw,5,0.3333333333333333,0.4,3,0.3734301633333333,0.0,0.3734301633333333
SwinTiny,source_level,OIA-ODIR-TEST-OFFLINE,raw_probability,Raw,6,0.4,0.4666666666666667,2,0.43081713,0.0,0.43081713
SwinTiny,source_level,OIA-ODIR-TEST-OFFLINE,raw_probability,Raw,7,0.4666666666666667,0.5333333333333333,5,0.491209166,0.0,0.491209166
SwinTiny,source_level,OIA-ODIR-TEST-OFFLINE,raw_probability,Raw,8,0.5333333333333333,0.6,4,0.565264175,0.25,0.31526417500000004
SwinTiny,source_level,OIA-ODIR-TEST-OFFLINE,raw_probability,Raw,9,0.6,0.6666666666666666,3,0.6327680433333334,0.0,0.6327680433333334
SwinTiny,source_level,OIA-ODIR-TEST-OFFLINE,raw_probability,Raw,10,0.6666666666666666,0.7333333333333333,3,0.6970873333333333,0.0,0.6970873333333333
SwinTiny,source_level,OIA-ODIR-TEST-OFFLINE,raw_probability,Raw,11,0.7333333333333333,0.8,6,0.77032074,0.3333333333333333,0.43698740666666663
SwinTiny,source_level,OIA-ODIR-TEST-OFFLINE,raw_probability,Raw,12,0.8,0.8666666666666667,6,0.8313773916666666,0.0,0.8313773916666666
SwinTiny,source_level,OIA-ODIR-TEST-OFFLINE,raw_probability,Raw,13,0.8666666666666667,0.9333333333333333,7,0.8961870285714285,0.0,0.8961870285714285
SwinTiny,source_level,OIA-ODIR-TEST-OFFLINE,raw_probability,Raw,14,0.9333333333333333,1.0,65,0.9918970515384615,0.36923076923076925,0.6226662823076923
SwinTiny,source_level,OIA-ODIR-TEST-ONLINE,raw_probability,Raw,0,0.0,0.06666666666666667,644,0.002336625488796118,0.004658385093167702,0.002321759604371584
SwinTiny,source_level,OIA-ODIR-TEST-ONLINE,raw_probability,Raw,1,0.06666666666666667,0.13333333333333333,14,0.09461779507142858,0.07142857142857142,0.02318922364285715
SwinTiny,source_level,OIA-ODIR-TEST-ONLINE,raw_probability,Raw,2,0.13333333333333333,0.2,11,0.17852531181818182,0.0,0.17852531181818182
SwinTiny,source_level,OIA-ODIR-TEST-ONLINE,raw_probability,Raw,3,0.2,0.26666666666666666,8,0.23523959125000002,0.0,0.23523959125000002
SwinTiny,source_level,OIA-ODIR-TEST-ONLINE,raw_probability,Raw,4,0.26666666666666666,0.3333333333333333,7,0.30003730999999995,0.14285714285714285,0.1571801671428571
SwinTiny,source_level,OIA-ODIR-TEST-ONLINE,raw_probability,Raw,5,0.3333333333333333,0.4,13,0.3677977323076923,0.0,0.3677977323076923
SwinTiny,source_level,OIA-ODIR-TEST-ONLINE,raw_probability,Raw,6,0.4,0.4666666666666667,1,0.4619126,0.0,0.4619126
SwinTiny,source_level,OIA-ODIR-TEST-ONLINE,raw_probability,Raw,7,0.4666666666666667,0.5333333333333333,6,0.4919613683333333,0.0,0.4919613683333333
SwinTiny,source_level,OIA-ODIR-TEST-ONLINE,raw_probability,Raw,8,0.5333333333333333,0.6,4,0.55211924,0.0,0.55211924
SwinTiny,source_level,OIA-ODIR-TEST-ONLINE,raw_probability,Raw,9,0.6,0.6666666666666666,3,0.6266898200000001,0.0,0.6266898200000001
SwinTiny,source_level,OIA-ODIR-TEST-ONLINE,raw_probability,Raw,10,0.6666666666666666,0.7333333333333333,7,0.704257947142857,0.0,0.704257947142857
SwinTiny,source_level,OIA-ODIR-TEST-ONLINE,raw_probability,Raw,11,0.7333333333333333,0.8,3,0.7836530666666667,0.0,0.7836530666666667
SwinTiny,source_level,OIA-ODIR-TEST-ONLINE,raw_probability,Raw,12,0.8,0.8666666666666667,6,0.8452317266666668,0.16666666666666666,0.6785650600000002
SwinTiny,source_level,OIA-ODIR-TEST-ONLINE,raw_probability,Raw,13,0.8666666666666667,0.9333333333333333,12,0.9013398033333334,0.16666666666666666,0.7346731366666668
SwinTiny,source_level,OIA-ODIR-TEST-ONLINE,raw_probability,Raw,14,0.9333333333333333,1.0,121,0.9938447290082646,0.4132231404958678,0.5806215885123969
SwinTiny,source_level,OIA-ODIR-TRAIN,raw_probability,Raw,0,0.0,0.06666666666666667,2440,0.0025468978821735658,0.005737704918032787,0.003190807035859221
SwinTiny,source_level,OIA-ODIR-TRAIN,raw_probability,Raw,1,0.06666666666666667,0.13333333333333333,56,0.09296057712500001,0.05357142857142857,0.039389148553571444
SwinTiny,source_level,OIA-ODIR-TRAIN,raw_probability,Raw,2,0.13333333333333333,0.2,36,0.16809850333333337,0.027777777777777776,0.14032072555555558
SwinTiny,source_level,OIA-ODIR-TRAIN,raw_probability,Raw,3,0.2,0.26666666666666666,36,0.22812402361111117,0.027777777777777776,0.20034624583333338
SwinTiny,source_level,OIA-ODIR-TRAIN,raw_probability,Raw,4,0.26666666666666666,0.3333333333333333,18,0.2924945738888889,0.05555555555555555,0.23693901833333333
SwinTiny,source_level,OIA-ODIR-TRAIN,raw_probability,Raw,5,0.3333333333333333,0.4,23,0.37484948391304346,0.13043478260869565,0.2444147013043478
SwinTiny,source_level,OIA-ODIR-TRAIN,raw_probability,Raw,6,0.4,0.4666666666666667,13,0.4335373961538461,0.15384615384615385,0.27969124230769227
SwinTiny,source_level,OIA-ODIR-TRAIN,raw_probability,Raw,7,0.4666666666666667,0.5333333333333333,17,0.5071829494117647,0.17647058823529413,0.3307123611764705
SwinTiny,source_level,OIA-ODIR-TRAIN,raw_probability,Raw,8,0.5333333333333333,0.6,17,0.5647377105882353,0.17647058823529413,0.38826712235294114
SwinTiny,source_level,OIA-ODIR-TRAIN,raw_probability,Raw,9,0.6,0.6666666666666666,7,0.6257484142857143,0.0,0.6257484142857143
SwinTiny,source_level,OIA-ODIR-TRAIN,raw_probability,Raw,10,0.6666666666666666,0.7333333333333333,17,0.70288827,0.058823529411764705,0.6440647405882353
SwinTiny,source_level,OIA-ODIR-TRAIN,raw_probability,Raw,11,0.7333333333333333,0.8,30,0.7612303330000001,0.03333333333333333,0.7278969996666668
SwinTiny,source_level,OIA-ODIR-TRAIN,raw_probability,Raw,12,0.8,0.8666666666666667,16,0.833629728125,0.0625,0.771129728125
SwinTiny,source_level,OIA-ODIR-TRAIN,raw_probability,Raw,13,0.8666666666666667,0.9333333333333333,40,0.9076230255000001,0.15,0.7576230255
SwinTiny,source_level,OIA-ODIR-TRAIN,raw_probability,Raw,14,0.9333333333333333,1.0,363,0.992941506033058,0.4325068870523416,0.5604346189807163
SwinTiny,source_level,ORIGA,raw_probability,Raw,0,0.0,0.06666666666666667,467,0.0019520695186199788,0.12205567451820129,0.12010360499958131
SwinTiny,source_level,ORIGA,raw_probability,Raw,1,0.06666666666666667,0.13333333333333333,16,0.1010905646875,0.1875,0.0864094353125
SwinTiny,source_level,ORIGA,raw_probability,Raw,2,0.13333333333333333,0.2,3,0.16927513000000002,1.0,0.83072487
SwinTiny,source_level,ORIGA,raw_probability,Raw,3,0.2,0.26666666666666666,2,0.264151475,1.0,0.735848525
SwinTiny,source_level,ORIGA,raw_probability,Raw,4,0.26666666666666666,0.3333333333333333,7,0.2868877142857143,0.14285714285714285,0.14403057142857145
SwinTiny,source_level,ORIGA,raw_probability,Raw,5,0.3333333333333333,0.4,4,0.35241742000000004,0.25,0.10241742000000004
SwinTiny,source_level,ORIGA,raw_probability,Raw,6,0.4,0.4666666666666667,3,0.45577878666666666,0.3333333333333333,0.12244545333333334
SwinTiny,source_level,ORIGA,raw_probability,Raw,7,0.4666666666666667,0.5333333333333333,2,0.5027747149999999,0.5,0.0027747149999999277
SwinTiny,source_level,ORIGA,raw_probability,Raw,8,0.5333333333333333,0.6,3,0.5543768433333333,0.6666666666666666,0.11228982333333337
SwinTiny,source_level,ORIGA,raw_probability,Raw,9,0.6,0.6666666666666666,2,0.62963445,0.5,0.12963444999999996
SwinTiny,source_level,ORIGA,raw_probability,Raw,10,0.6666666666666666,0.7333333333333333,5,0.6973312939999999,0.4,0.2973312939999999
SwinTiny,source_level,ORIGA,raw_probability,Raw,11,0.7333333333333333,0.8,6,0.7574845966666667,0.6666666666666666,0.09081793000000005
SwinTiny,source_level,ORIGA,raw_probability,Raw,12,0.8,0.8666666666666667,6,0.8368377733333333,0.3333333333333333,0.5035044399999999
SwinTiny,source_level,ORIGA,raw_probability,Raw,13,0.8666666666666667,0.9333333333333333,9,0.9025784322222221,0.7777777777777778,0.12480065444444433
SwinTiny,source_level,ORIGA,raw_probability,Raw,14,0.9333333333333333,1.0,115,0.9913792203478261,0.7043478260869566,0.28703139426086954
SwinTiny,source_level,REFUGE1-train,raw_probability,Raw,0,0.0,0.06666666666666667,367,0.0004867368113623978,0.0326975476839237,0.03221081087256131
SwinTiny,source_level,REFUGE1-train,raw_probability,Raw,1,0.06666666666666667,0.13333333333333333,0,,,
SwinTiny,source_level,REFUGE1-train,raw_probability,Raw,2,0.13333333333333333,0.2,3,0.16678326000000002,0.3333333333333333,0.1665500733333333
SwinTiny,source_level,REFUGE1-train,raw_probability,Raw,3,0.2,0.26666666666666666,0,,,
SwinTiny,source_level,REFUGE1-train,raw_probability,Raw,4,0.26666666666666666,0.3333333333333333,0,,,
SwinTiny,source_level,REFUGE1-train,raw_probability,Raw,5,0.3333333333333333,0.4,1,0.3447353,1.0,0.6552647
SwinTiny,source_level,REFUGE1-train,raw_probability,Raw,6,0.4,0.4666666666666667,1,0.4527108,0.0,0.4527108
SwinTiny,source_level,REFUGE1-train,raw_probability,Raw,7,0.4666666666666667,0.5333333333333333,0,,,
SwinTiny,source_level,REFUGE1-train,raw_probability,Raw,8,0.5333333333333333,0.6,0,,,
SwinTiny,source_level,REFUGE1-train,raw_probability,Raw,9,0.6,0.6666666666666666,1,0.66141737,1.0,0.33858263
SwinTiny,source_level,REFUGE1-train,raw_probability,Raw,10,0.6666666666666666,0.7333333333333333,1,0.66882074,0.0,0.66882074
SwinTiny,source_level,REFUGE1-train,raw_probability,Raw,11,0.7333333333333333,0.8,0,,,
SwinTiny,source_level,REFUGE1-train,raw_probability,Raw,12,0.8,0.8666666666666667,0,,,
SwinTiny,source_level,REFUGE1-train,raw_probability,Raw,13,0.8666666666666667,0.9333333333333333,0,,,
SwinTiny,source_level,REFUGE1-train,raw_probability,Raw,14,0.9333333333333333,1.0,26,0.9989010150000001,0.9615384615384616,0.037362553461538495
SwinTiny,source_level,REFUGE1-val,raw_probability,Raw,0,0.0,0.06666666666666667,366,0.0006222970727880327,0.030054644808743168,0.029432347735955135
SwinTiny,source_level,REFUGE1-val,raw_probability,Raw,1,0.06666666666666667,0.13333333333333333,2,0.08841136,0.5,0.41158864
SwinTiny,source_level,REFUGE1-val,raw_probability,Raw,2,0.13333333333333333,0.2,1,0.19620426,0.0,0.19620426
SwinTiny,source_level,REFUGE1-val,raw_probability,Raw,3,0.2,0.26666666666666666,0,,,
SwinTiny,source_level,REFUGE1-val,raw_probability,Raw,4,0.26666666666666666,0.3333333333333333,0,,,
SwinTiny,source_level,REFUGE1-val,raw_probability,Raw,5,0.3333333333333333,0.4,1,0.35920623,0.0,0.35920623
SwinTiny,source_level,REFUGE1-val,raw_probability,Raw,6,0.4,0.4666666666666667,0,,,
SwinTiny,source_level,REFUGE1-val,raw_probability,Raw,7,0.4666666666666667,0.5333333333333333,1,0.4943905,1.0,0.5056095
SwinTiny,source_level,REFUGE1-val,raw_probability,Raw,8,0.5333333333333333,0.6,0,,,
SwinTiny,source_level,REFUGE1-val,raw_probability,Raw,9,0.6,0.6666666666666666,0,,,
SwinTiny,source_level,REFUGE1-val,raw_probability,Raw,10,0.6666666666666666,0.7333333333333333,1,0.68987525,0.0,0.68987525
SwinTiny,source_level,REFUGE1-val,raw_probability,Raw,11,0.7333333333333333,0.8,1,0.7515979,0.0,0.7515979
SwinTiny,source_level,REFUGE1-val,raw_probability,Raw,12,0.8,0.8666666666666667,0,,,
SwinTiny,source_level,REFUGE1-val,raw_probability,Raw,13,0.8666666666666667,0.9333333333333333,0,,,
SwinTiny,source_level,REFUGE1-val,raw_probability,Raw,14,0.9333333333333333,1.0,27,0.9958904092592594,1.0,0.004109590740740576
SwinTiny,source_level,sjchoi86-HRF,raw_probability,Raw,0,0.0,0.06666666666666667,325,0.0015838861532938464,0.14153846153846153,0.13995457538516767
SwinTiny,source_level,sjchoi86-HRF,raw_probability,Raw,1,0.06666666666666667,0.13333333333333333,7,0.10737075285714286,0.5714285714285714,0.4640578185714285
SwinTiny,source_level,sjchoi86-HRF,raw_probability,Raw,2,0.13333333333333333,0.2,6,0.17820815499999998,0.8333333333333334,0.6551251783333334
SwinTiny,source_level,sjchoi86-HRF,raw_probability,Raw,3,0.2,0.26666666666666666,4,0.2128943075,0.5,0.2871056925
SwinTiny,source_level,sjchoi86-HRF,raw_probability,Raw,4,0.26666666666666666,0.3333333333333333,2,0.30512975,1.0,0.69487025
SwinTiny,source_level,sjchoi86-HRF,raw_probability,Raw,5,0.3333333333333333,0.4,4,0.38810253250000004,0.0,0.38810253250000004
SwinTiny,source_level,sjchoi86-HRF,raw_probability,Raw,6,0.4,0.4666666666666667,2,0.41624339,0.0,0.41624339
SwinTiny,source_level,sjchoi86-HRF,raw_probability,Raw,7,0.4666666666666667,0.5333333333333333,2,0.49421017,0.5,0.005789829999999996
SwinTiny,source_level,sjchoi86-HRF,raw_probability,Raw,8,0.5333333333333333,0.6,2,0.5405938,0.5,0.04059380000000001
SwinTiny,source_level,sjchoi86-HRF,raw_probability,Raw,9,0.6,0.6666666666666666,2,0.62146385,0.5,0.12146385000000004
SwinTiny,source_level,sjchoi86-HRF,raw_probability,Raw,10,0.6666666666666666,0.7333333333333333,1,0.67116684,1.0,0.32883315999999996
SwinTiny,source_level,sjchoi86-HRF,raw_probability,Raw,11,0.7333333333333333,0.8,2,0.7682887700000001,0.5,0.26828877000000007
SwinTiny,source_level,sjchoi86-HRF,raw_probability,Raw,12,0.8,0.8666666666666667,4,0.8514154300000001,1.0,0.14858456999999992
SwinTiny,source_level,sjchoi86-HRF,raw_probability,Raw,13,0.8666666666666667,0.9333333333333333,3,0.89587045,1.0,0.10412955000000002
SwinTiny,source_level,sjchoi86-HRF,raw_probability,Raw,14,0.9333333333333333,1.0,35,0.9920183197142856,0.8571428571428571,0.13487546257142846
SwinTiny,pooled_smdg,pooled_smdg,temperature_scaled_probability,Temperature-scaled,0,0.0,0.06666666666666667,5864,0.015504685817465894,0.07179399727148704,0.05628931145402115
SwinTiny,pooled_smdg,pooled_smdg,temperature_scaled_probability,Temperature-scaled,1,0.06666666666666667,0.13333333333333333,457,0.09363246500218816,0.15536105032822758,0.06172858532603942
SwinTiny,pooled_smdg,pooled_smdg,temperature_scaled_probability,Temperature-scaled,2,0.13333333333333333,0.2,211,0.16508455620853082,0.1848341232227488,0.019749567014217984
SwinTiny,pooled_smdg,pooled_smdg,temperature_scaled_probability,Temperature-scaled,3,0.2,0.26666666666666666,158,0.233070439113924,0.22784810126582278,0.005222337848101222
SwinTiny,pooled_smdg,pooled_smdg,temperature_scaled_probability,Temperature-scaled,4,0.26666666666666666,0.3333333333333333,127,0.29812267031496065,0.25196850393700787,0.04615416637795278
SwinTiny,pooled_smdg,pooled_smdg,temperature_scaled_probability,Temperature-scaled,5,0.3333333333333333,0.4,134,0.3652303256716418,0.1791044776119403,0.18612584805970153
SwinTiny,pooled_smdg,pooled_smdg,temperature_scaled_probability,Temperature-scaled,6,0.4,0.4666666666666667,106,0.4352838931132076,0.16981132075471697,0.26547257235849064
SwinTiny,pooled_smdg,pooled_smdg,temperature_scaled_probability,Temperature-scaled,7,0.4666666666666667,0.5333333333333333,105,0.49982840085714286,0.24761904761904763,0.25220935323809524
SwinTiny,pooled_smdg,pooled_smdg,temperature_scaled_probability,Temperature-scaled,8,0.5333333333333333,0.6,77,0.5702231485714285,0.2077922077922078,0.3624309407792207
SwinTiny,pooled_smdg,pooled_smdg,temperature_scaled_probability,Temperature-scaled,9,0.6,0.6666666666666666,100,0.6337014445000001,0.23,0.4037014445000001
SwinTiny,pooled_smdg,pooled_smdg,temperature_scaled_probability,Temperature-scaled,10,0.6666666666666666,0.7333333333333333,86,0.6991474175581397,0.29069767441860467,0.408449743139535
SwinTiny,pooled_smdg,pooled_smdg,temperature_scaled_probability,Temperature-scaled,11,0.7333333333333333,0.8,94,0.7674194109574469,0.3191489361702128,0.44827047478723414
SwinTiny,pooled_smdg,pooled_smdg,temperature_scaled_probability,Temperature-scaled,12,0.8,0.8666666666666667,120,0.8366159845833335,0.44166666666666665,0.3949493179166669
SwinTiny,pooled_smdg,pooled_smdg,temperature_scaled_probability,Temperature-scaled,13,0.8666666666666667,0.9333333333333333,171,0.9014712850292399,0.4152046783625731,0.4862666066666668
SwinTiny,pooled_smdg,pooled_smdg,temperature_scaled_probability,Temperature-scaled,14,0.9333333333333333,1.0,817,0.9826813262301103,0.6438188494492044,0.33886247678090586
SwinTiny,source_level,BEH,temperature_scaled_probability,Temperature-scaled,0,0.0,0.06666666666666667,394,0.012457066544492386,0.116751269035533,0.10429420249104061
SwinTiny,source_level,BEH,temperature_scaled_probability,Temperature-scaled,1,0.06666666666666667,0.13333333333333333,23,0.10525488013043477,0.391304347826087,0.2860494676956522
SwinTiny,source_level,BEH,temperature_scaled_probability,Temperature-scaled,2,0.13333333333333333,0.2,15,0.17569031799999998,0.13333333333333333,0.04235698466666665
SwinTiny,source_level,BEH,temperature_scaled_probability,Temperature-scaled,3,0.2,0.26666666666666666,13,0.23549325923076925,0.23076923076923078,0.004724028461538465
SwinTiny,source_level,BEH,temperature_scaled_probability,Temperature-scaled,4,0.26666666666666666,0.3333333333333333,12,0.29719050166666666,0.3333333333333333,0.03614283166666665
SwinTiny,source_level,BEH,temperature_scaled_probability,Temperature-scaled,5,0.3333333333333333,0.4,9,0.3751416277777778,0.2222222222222222,0.1529194055555556
SwinTiny,source_level,BEH,temperature_scaled_probability,Temperature-scaled,6,0.4,0.4666666666666667,4,0.4314083325,0.0,0.4314083325
SwinTiny,source_level,BEH,temperature_scaled_probability,Temperature-scaled,7,0.4666666666666667,0.5333333333333333,9,0.49651431777777777,0.2222222222222222,0.27429209555555556
SwinTiny,source_level,BEH,temperature_scaled_probability,Temperature-scaled,8,0.5333333333333333,0.6,7,0.5677109714285715,0.14285714285714285,0.42485382857142867
SwinTiny,source_level,BEH,temperature_scaled_probability,Temperature-scaled,9,0.6,0.6666666666666666,14,0.6441642242857144,0.42857142857142855,0.21559279571428586
SwinTiny,source_level,BEH,temperature_scaled_probability,Temperature-scaled,10,0.6666666666666666,0.7333333333333333,3,0.7048490766666666,0.3333333333333333,0.3715157433333333
SwinTiny,source_level,BEH,temperature_scaled_probability,Temperature-scaled,11,0.7333333333333333,0.8,9,0.7748297788888888,0.6666666666666666,0.10816311222222219
SwinTiny,source_level,BEH,temperature_scaled_probability,Temperature-scaled,12,0.8,0.8666666666666667,12,0.8391571566666668,0.5833333333333334,0.2558238233333334
SwinTiny,source_level,BEH,temperature_scaled_probability,Temperature-scaled,13,0.8666666666666667,0.9333333333333333,18,0.9044399677777779,0.3888888888888889,0.5155510788888891
SwinTiny,source_level,BEH,temperature_scaled_probability,Temperature-scaled,14,0.9333333333333333,1.0,92,0.9857797658695652,0.8152173913043478,0.1705623745652174
SwinTiny,source_level,CRFO-v4,temperature_scaled_probability,Temperature-scaled,0,0.0,0.06666666666666667,35,0.024822477582857147,0.6,0.5751775224171428
SwinTiny,source_level,CRFO-v4,temperature_scaled_probability,Temperature-scaled,1,0.06666666666666667,0.13333333333333333,1,0.122015126,0.0,0.122015126
SwinTiny,source_level,CRFO-v4,temperature_scaled_probability,Temperature-scaled,2,0.13333333333333333,0.2,1,0.15235174,1.0,0.8476482599999999
SwinTiny,source_level,CRFO-v4,temperature_scaled_probability,Temperature-scaled,3,0.2,0.26666666666666666,1,0.2596286,1.0,0.7403714
SwinTiny,source_level,CRFO-v4,temperature_scaled_probability,Temperature-scaled,4,0.26666666666666666,0.3333333333333333,4,0.3000430525,0.25,0.05004305250000002
SwinTiny,source_level,CRFO-v4,temperature_scaled_probability,Temperature-scaled,5,0.3333333333333333,0.4,2,0.385272265,1.0,0.614727735
SwinTiny,source_level,CRFO-v4,temperature_scaled_probability,Temperature-scaled,6,0.4,0.4666666666666667,5,0.43981945599999994,0.6,0.16018054400000004
SwinTiny,source_level,CRFO-v4,temperature_scaled_probability,Temperature-scaled,7,0.4666666666666667,0.5333333333333333,3,0.5144327966666667,1.0,0.48556720333333325
SwinTiny,source_level,CRFO-v4,temperature_scaled_probability,Temperature-scaled,8,0.5333333333333333,0.6,0,,,
SwinTiny,source_level,CRFO-v4,temperature_scaled_probability,Temperature-scaled,9,0.6,0.6666666666666666,2,0.62205115,0.0,0.62205115
SwinTiny,source_level,CRFO-v4,temperature_scaled_probability,Temperature-scaled,10,0.6666666666666666,0.7333333333333333,1,0.72145665,0.0,0.72145665
SwinTiny,source_level,CRFO-v4,temperature_scaled_probability,Temperature-scaled,11,0.7333333333333333,0.8,2,0.7745330699999999,1.0,0.22546693000000007
SwinTiny,source_level,CRFO-v4,temperature_scaled_probability,Temperature-scaled,12,0.8,0.8666666666666667,1,0.84933555,0.0,0.84933555
SwinTiny,source_level,CRFO-v4,temperature_scaled_probability,Temperature-scaled,13,0.8666666666666667,0.9333333333333333,3,0.9083686533333332,0.6666666666666666,0.24170198666666654
SwinTiny,source_level,CRFO-v4,temperature_scaled_probability,Temperature-scaled,14,0.9333333333333333,1.0,18,0.9867251627777779,0.6666666666666666,0.32005849611111126
SwinTiny,source_level,DR-HAGIS,temperature_scaled_probability,Temperature-scaled,0,0.0,0.06666666666666667,3,0.022584128800000002,1.0,0.9774158712
SwinTiny,source_level,DR-HAGIS,temperature_scaled_probability,Temperature-scaled,1,0.06666666666666667,0.13333333333333333,1,0.11773398,1.0,0.88226602
SwinTiny,source_level,DR-HAGIS,temperature_scaled_probability,Temperature-scaled,2,0.13333333333333333,0.2,0,,,
SwinTiny,source_level,DR-HAGIS,temperature_scaled_probability,Temperature-scaled,3,0.2,0.26666666666666666,0,,,
SwinTiny,source_level,DR-HAGIS,temperature_scaled_probability,Temperature-scaled,4,0.26666666666666666,0.3333333333333333,0,,,
SwinTiny,source_level,DR-HAGIS,temperature_scaled_probability,Temperature-scaled,5,0.3333333333333333,0.4,0,,,
SwinTiny,source_level,DR-HAGIS,temperature_scaled_probability,Temperature-scaled,6,0.4,0.4666666666666667,0,,,
SwinTiny,source_level,DR-HAGIS,temperature_scaled_probability,Temperature-scaled,7,0.4666666666666667,0.5333333333333333,0,,,
SwinTiny,source_level,DR-HAGIS,temperature_scaled_probability,Temperature-scaled,8,0.5333333333333333,0.6,1,0.584185,1.0,0.41581500000000005
SwinTiny,source_level,DR-HAGIS,temperature_scaled_probability,Temperature-scaled,9,0.6,0.6666666666666666,0,,,
SwinTiny,source_level,DR-HAGIS,temperature_scaled_probability,Temperature-scaled,10,0.6666666666666666,0.7333333333333333,0,,,
SwinTiny,source_level,DR-HAGIS,temperature_scaled_probability,Temperature-scaled,11,0.7333333333333333,0.8,1,0.74184763,1.0,0.25815237
SwinTiny,source_level,DR-HAGIS,temperature_scaled_probability,Temperature-scaled,12,0.8,0.8666666666666667,0,,,
SwinTiny,source_level,DR-HAGIS,temperature_scaled_probability,Temperature-scaled,13,0.8666666666666667,0.9333333333333333,1,0.89340866,1.0,0.10659134000000003
SwinTiny,source_level,DR-HAGIS,temperature_scaled_probability,Temperature-scaled,14,0.9333333333333333,1.0,3,0.9717986,1.0,0.028201400000000043
SwinTiny,source_level,DRISHTI-GS1,temperature_scaled_probability,Temperature-scaled,0,0.0,0.06666666666666667,34,0.007757613405588234,0.29411764705882354,0.2863600336532353
SwinTiny,source_level,DRISHTI-GS1,temperature_scaled_probability,Temperature-scaled,1,0.06666666666666667,0.13333333333333333,0,,,
SwinTiny,source_level,DRISHTI-GS1,temperature_scaled_probability,Temperature-scaled,2,0.13333333333333333,0.2,3,0.16074332000000002,1.0,0.83925668
SwinTiny,source_level,DRISHTI-GS1,temperature_scaled_probability,Temperature-scaled,3,0.2,0.26666666666666666,3,0.24274304,0.3333333333333333,0.09059029333333332
SwinTiny,source_level,DRISHTI-GS1,temperature_scaled_probability,Temperature-scaled,4,0.26666666666666666,0.3333333333333333,2,0.294385485,0.5,0.205614515
SwinTiny,source_level,DRISHTI-GS1,temperature_scaled_probability,Temperature-scaled,5,0.3333333333333333,0.4,0,,,
SwinTiny,source_level,DRISHTI-GS1,temperature_scaled_probability,Temperature-scaled,6,0.4,0.4666666666666667,1,0.46404982,1.0,0.5359501799999999
SwinTiny,source_level,DRISHTI-GS1,temperature_scaled_probability,Temperature-scaled,7,0.4666666666666667,0.5333333333333333,1,0.5143619,0.0,0.5143619
SwinTiny,source_level,DRISHTI-GS1,temperature_scaled_probability,Temperature-scaled,8,0.5333333333333333,0.6,0,,,
SwinTiny,source_level,DRISHTI-GS1,temperature_scaled_probability,Temperature-scaled,9,0.6,0.6666666666666666,2,0.62236957,1.0,0.37763042999999996
SwinTiny,source_level,DRISHTI-GS1,temperature_scaled_probability,Temperature-scaled,10,0.6666666666666666,0.7333333333333333,4,0.6811856000000001,0.75,0.06881439999999994
SwinTiny,source_level,DRISHTI-GS1,temperature_scaled_probability,Temperature-scaled,11,0.7333333333333333,0.8,2,0.7622127249999999,1.0,0.23778727500000008
SwinTiny,source_level,DRISHTI-GS1,temperature_scaled_probability,Temperature-scaled,12,0.8,0.8666666666666667,8,0.83609706375,0.875,0.038902936249999964
SwinTiny,source_level,DRISHTI-GS1,temperature_scaled_probability,Temperature-scaled,13,0.8666666666666667,0.9333333333333333,2,0.88931143,1.0,0.11068856999999999
SwinTiny,source_level,DRISHTI-GS1,temperature_scaled_probability,Temperature-scaled,14,0.9333333333333333,1.0,39,0.9839976117948718,0.9743589743589743,0.009638637435897435
SwinTiny,source_level,FIVES,temperature_scaled_probability,Temperature-scaled,0,0.0,0.06666666666666667,239,0.014429633605439333,0.16736401673640167,0.15293438313096233
SwinTiny,source_level,FIVES,temperature_scaled_probability,Temperature-scaled,1,0.06666666666666667,0.13333333333333333,14,0.09810077328571427,0.6428571428571429,0.5447563695714286
SwinTiny,source_level,FIVES,temperature_scaled_probability,Temperature-scaled,2,0.13333333333333333,0.2,7,0.1682960242857143,0.7142857142857143,0.54598969
SwinTiny,source_level,FIVES,temperature_scaled_probability,Temperature-scaled,3,0.2,0.26666666666666666,9,0.2257752288888889,0.6666666666666666,0.44089143777777773
SwinTiny,source_level,FIVES,temperature_scaled_probability,Temperature-scaled,4,0.26666666666666666,0.3333333333333333,8,0.30626942874999996,0.75,0.44373057125000004
SwinTiny,source_level,FIVES,temperature_scaled_probability,Temperature-scaled,5,0.3333333333333333,0.4,3,0.3821125033333333,1.0,0.6178874966666668
SwinTiny,source_level,FIVES,temperature_scaled_probability,Temperature-scaled,6,0.4,0.4666666666666667,2,0.42000786,0.5,0.07999213999999999
SwinTiny,source_level,FIVES,temperature_scaled_probability,Temperature-scaled,7,0.4666666666666667,0.5333333333333333,2,0.477555525,1.0,0.522444475
SwinTiny,source_level,FIVES,temperature_scaled_probability,Temperature-scaled,8,0.5333333333333333,0.6,2,0.575055165,0.5,0.07505516499999998
SwinTiny,source_level,FIVES,temperature_scaled_probability,Temperature-scaled,9,0.6,0.6666666666666666,3,0.6478335533333334,0.3333333333333333,0.31450022000000005
SwinTiny,source_level,FIVES,temperature_scaled_probability,Temperature-scaled,10,0.6666666666666666,0.7333333333333333,4,0.680195595,0.75,0.06980440499999996
SwinTiny,source_level,FIVES,temperature_scaled_probability,Temperature-scaled,11,0.7333333333333333,0.8,4,0.771111505,0.0,0.771111505
SwinTiny,source_level,FIVES,temperature_scaled_probability,Temperature-scaled,12,0.8,0.8666666666666667,6,0.8508014616666667,0.8333333333333334,0.017468128333333333
SwinTiny,source_level,FIVES,temperature_scaled_probability,Temperature-scaled,13,0.8666666666666667,0.9333333333333333,5,0.897407794,0.6,0.29740779400000006
SwinTiny,source_level,FIVES,temperature_scaled_probability,Temperature-scaled,14,0.9333333333333333,1.0,92,0.9887927906521741,0.7065217391304348,0.28227105152173926
SwinTiny,source_level,G1020,temperature_scaled_probability,Temperature-scaled,0,0.0,0.06666666666666667,670,0.017998815960746265,0.2880597014925373,0.27006088553179103
SwinTiny,source_level,G1020,temperature_scaled_probability,Temperature-scaled,1,0.06666666666666667,0.13333333333333333,99,0.0920097735959596,0.30303030303030304,0.21102052943434343
SwinTiny,source_level,G1020,temperature_scaled_probability,Temperature-scaled,2,0.13333333333333333,0.2,37,0.16496426135135134,0.2972972972972973,0.13233303594594598
SwinTiny,source_level,G1020,temperature_scaled_probability,Temperature-scaled,3,0.2,0.26666666666666666,25,0.23622929039999999,0.36,0.1237707096
SwinTiny,source_level,G1020,temperature_scaled_probability,Temperature-scaled,4,0.26666666666666666,0.3333333333333333,14,0.2978014971428572,0.5,0.2021985028571428
SwinTiny,source_level,G1020,temperature_scaled_probability,Temperature-scaled,5,0.3333333333333333,0.4,21,0.3630941457142857,0.19047619047619047,0.17261795523809526
SwinTiny,source_level,G1020,temperature_scaled_probability,Temperature-scaled,6,0.4,0.4666666666666667,22,0.43452195363636364,0.2727272727272727,0.16179468090909094
SwinTiny,source_level,G1020,temperature_scaled_probability,Temperature-scaled,7,0.4666666666666667,0.5333333333333333,19,0.49944719421052636,0.21052631578947367,0.2889208784210527
SwinTiny,source_level,G1020,temperature_scaled_probability,Temperature-scaled,8,0.5333333333333333,0.6,16,0.5710880756250001,0.1875,0.3835880756250001
SwinTiny,source_level,G1020,temperature_scaled_probability,Temperature-scaled,9,0.6,0.6666666666666666,11,0.6410267254545455,0.36363636363636365,0.2773903618181819
SwinTiny,source_level,G1020,temperature_scaled_probability,Temperature-scaled,10,0.6666666666666666,0.7333333333333333,12,0.6964849416666666,0.25,0.44648494166666663
SwinTiny,source_level,G1020,temperature_scaled_probability,Temperature-scaled,11,0.7333333333333333,0.8,7,0.7620852071428572,0.42857142857142855,0.33351377857142867
SwinTiny,source_level,G1020,temperature_scaled_probability,Temperature-scaled,12,0.8,0.8666666666666667,9,0.8294306411111111,0.1111111111111111,0.71831953
SwinTiny,source_level,G1020,temperature_scaled_probability,Temperature-scaled,13,0.8666666666666667,0.9333333333333333,20,0.8955131304999998,0.45,0.4455131304999998
SwinTiny,source_level,G1020,temperature_scaled_probability,Temperature-scaled,14,0.9333333333333333,1.0,38,0.9722427310526316,0.23684210526315788,0.7354006257894737
SwinTiny,source_level,HRF,temperature_scaled_probability,Temperature-scaled,0,0.0,0.06666666666666667,13,0.023686090200000003,0.23076923076923078,0.20708314056923077
SwinTiny,source_level,HRF,temperature_scaled_probability,Temperature-scaled,1,0.06666666666666667,0.13333333333333333,2,0.10333840899999999,0.5,0.396661591
SwinTiny,source_level,HRF,temperature_scaled_probability,Temperature-scaled,2,0.13333333333333333,0.2,1,0.16785948,0.0,0.16785948
SwinTiny,source_level,HRF,temperature_scaled_probability,Temperature-scaled,3,0.2,0.26666666666666666,1,0.25686944,0.0,0.25686944
SwinTiny,source_level,HRF,temperature_scaled_probability,Temperature-scaled,4,0.26666666666666666,0.3333333333333333,0,,,
SwinTiny,source_level,HRF,temperature_scaled_probability,Temperature-scaled,5,0.3333333333333333,0.4,0,,,
SwinTiny,source_level,HRF,temperature_scaled_probability,Temperature-scaled,6,0.4,0.4666666666666667,0,,,
SwinTiny,source_level,HRF,temperature_scaled_probability,Temperature-scaled,7,0.4666666666666667,0.5333333333333333,3,0.4745524433333333,0.3333333333333333,0.14121910999999998
SwinTiny,source_level,HRF,temperature_scaled_probability,Temperature-scaled,8,0.5333333333333333,0.6,2,0.584342635,1.0,0.41565736499999995
SwinTiny,source_level,HRF,temperature_scaled_probability,Temperature-scaled,9,0.6,0.6666666666666666,1,0.653502,1.0,0.346498
SwinTiny,source_level,HRF,temperature_scaled_probability,Temperature-scaled,10,0.6666666666666666,0.7333333333333333,1,0.6869334,1.0,0.3130666
SwinTiny,source_level,HRF,temperature_scaled_probability,Temperature-scaled,11,0.7333333333333333,0.8,0,,,
SwinTiny,source_level,HRF,temperature_scaled_probability,Temperature-scaled,12,0.8,0.8666666666666667,0,,,
SwinTiny,source_level,HRF,temperature_scaled_probability,Temperature-scaled,13,0.8666666666666667,0.9333333333333333,1,0.8847397,1.0,0.11526029999999998
SwinTiny,source_level,HRF,temperature_scaled_probability,Temperature-scaled,14,0.9333333333333333,1.0,5,0.979494288,1.0,0.020505711999999954
SwinTiny,source_level,JSIEC-1000,temperature_scaled_probability,Temperature-scaled,0,0.0,0.06666666666666667,38,0.008145493621052635,0.0,0.008145493621052635
SwinTiny,source_level,JSIEC-1000,temperature_scaled_probability,Temperature-scaled,1,0.06666666666666667,0.13333333333333333,0,,,
SwinTiny,source_level,JSIEC-1000,temperature_scaled_probability,Temperature-scaled,2,0.13333333333333333,0.2,0,,,
SwinTiny,source_level,JSIEC-1000,temperature_scaled_probability,Temperature-scaled,3,0.2,0.26666666666666666,0,,,
SwinTiny,source_level,JSIEC-1000,temperature_scaled_probability,Temperature-scaled,4,0.26666666666666666,0.3333333333333333,0,,,
SwinTiny,source_level,JSIEC-1000,temperature_scaled_probability,Temperature-scaled,5,0.3333333333333333,0.4,0,,,
SwinTiny,source_level,JSIEC-1000,temperature_scaled_probability,Temperature-scaled,6,0.4,0.4666666666666667,0,,,
SwinTiny,source_level,JSIEC-1000,temperature_scaled_probability,Temperature-scaled,7,0.4666666666666667,0.5333333333333333,0,,,
SwinTiny,source_level,JSIEC-1000,temperature_scaled_probability,Temperature-scaled,8,0.5333333333333333,0.6,0,,,
SwinTiny,source_level,JSIEC-1000,temperature_scaled_probability,Temperature-scaled,9,0.6,0.6666666666666666,0,,,
SwinTiny,source_level,JSIEC-1000,temperature_scaled_probability,Temperature-scaled,10,0.6666666666666666,0.7333333333333333,0,,,
SwinTiny,source_level,JSIEC-1000,temperature_scaled_probability,Temperature-scaled,11,0.7333333333333333,0.8,0,,,
SwinTiny,source_level,JSIEC-1000,temperature_scaled_probability,Temperature-scaled,12,0.8,0.8666666666666667,0,,,
SwinTiny,source_level,JSIEC-1000,temperature_scaled_probability,Temperature-scaled,13,0.8666666666666667,0.9333333333333333,0,,,
SwinTiny,source_level,JSIEC-1000,temperature_scaled_probability,Temperature-scaled,14,0.9333333333333333,1.0,0,,,
SwinTiny,source_level,LES-AV,temperature_scaled_probability,Temperature-scaled,0,0.0,0.06666666666666667,9,0.015810554266666665,0.1111111111111111,0.09530055684444444
SwinTiny,source_level,LES-AV,temperature_scaled_probability,Temperature-scaled,1,0.06666666666666667,0.13333333333333333,0,,,
SwinTiny,source_level,LES-AV,temperature_scaled_probability,Temperature-scaled,2,0.13333333333333333,0.2,0,,,
SwinTiny,source_level,LES-AV,temperature_scaled_probability,Temperature-scaled,3,0.2,0.26666666666666666,0,,,
SwinTiny,source_level,LES-AV,temperature_scaled_probability,Temperature-scaled,4,0.26666666666666666,0.3333333333333333,2,0.31146527999999996,0.5,0.18853472000000004
SwinTiny,source_level,LES-AV,temperature_scaled_probability,Temperature-scaled,5,0.3333333333333333,0.4,1,0.37630364,1.0,0.6236963600000001
SwinTiny,source_level,LES-AV,temperature_scaled_probability,Temperature-scaled,6,0.4,0.4666666666666667,1,0.46532348,0.0,0.46532348
SwinTiny,source_level,LES-AV,temperature_scaled_probability,Temperature-scaled,7,0.4666666666666667,0.5333333333333333,0,,,
SwinTiny,source_level,LES-AV,temperature_scaled_probability,Temperature-scaled,8,0.5333333333333333,0.6,0,,,
SwinTiny,source_level,LES-AV,temperature_scaled_probability,Temperature-scaled,9,0.6,0.6666666666666666,0,,,
SwinTiny,source_level,LES-AV,temperature_scaled_probability,Temperature-scaled,10,0.6666666666666666,0.7333333333333333,0,,,
SwinTiny,source_level,LES-AV,temperature_scaled_probability,Temperature-scaled,11,0.7333333333333333,0.8,0,,,
SwinTiny,source_level,LES-AV,temperature_scaled_probability,Temperature-scaled,12,0.8,0.8666666666666667,2,0.834522735,0.5,0.33452273499999996
SwinTiny,source_level,LES-AV,temperature_scaled_probability,Temperature-scaled,13,0.8666666666666667,0.9333333333333333,0,,,
SwinTiny,source_level,LES-AV,temperature_scaled_probability,Temperature-scaled,14,0.9333333333333333,1.0,7,0.9881282242857145,1.0,0.011871775714285548
SwinTiny,source_level,OIA-ODIR-TEST-OFFLINE,temperature_scaled_probability,Temperature-scaled,0,0.0,0.06666666666666667,284,0.018254948664084503,0.01056338028169014,0.007691568382394362
SwinTiny,source_level,OIA-ODIR-TEST-OFFLINE,temperature_scaled_probability,Temperature-scaled,1,0.06666666666666667,0.13333333333333333,25,0.08921323176000001,0.0,0.08921323176000001
SwinTiny,source_level,OIA-ODIR-TEST-OFFLINE,temperature_scaled_probability,Temperature-scaled,2,0.13333333333333333,0.2,12,0.16660738083333335,0.16666666666666666,5.928583333331128e-05
SwinTiny,source_level,OIA-ODIR-TEST-OFFLINE,temperature_scaled_probability,Temperature-scaled,3,0.2,0.26666666666666666,11,0.22975250181818183,0.2727272727272727,0.04297477090909088
SwinTiny,source_level,OIA-ODIR-TEST-OFFLINE,temperature_scaled_probability,Temperature-scaled,4,0.26666666666666666,0.3333333333333333,10,0.289513643,0.0,0.289513643
SwinTiny,source_level,OIA-ODIR-TEST-OFFLINE,temperature_scaled_probability,Temperature-scaled,5,0.3333333333333333,0.4,6,0.37183847,0.16666666666666666,0.20517180333333332
SwinTiny,source_level,OIA-ODIR-TEST-OFFLINE,temperature_scaled_probability,Temperature-scaled,6,0.4,0.4666666666666667,4,0.43368646999999994,0.0,0.43368646999999994
SwinTiny,source_level,OIA-ODIR-TEST-OFFLINE,temperature_scaled_probability,Temperature-scaled,7,0.4666666666666667,0.5333333333333333,10,0.49945333199999997,0.1,0.399453332
SwinTiny,source_level,OIA-ODIR-TEST-OFFLINE,temperature_scaled_probability,Temperature-scaled,8,0.5333333333333333,0.6,6,0.5691189550000001,0.0,0.5691189550000001
SwinTiny,source_level,OIA-ODIR-TEST-OFFLINE,temperature_scaled_probability,Temperature-scaled,9,0.6,0.6666666666666666,8,0.6358191737500001,0.25,0.3858191737500001
SwinTiny,source_level,OIA-ODIR-TEST-OFFLINE,temperature_scaled_probability,Temperature-scaled,10,0.6666666666666666,0.7333333333333333,8,0.69645290875,0.0,0.69645290875
SwinTiny,source_level,OIA-ODIR-TEST-OFFLINE,temperature_scaled_probability,Temperature-scaled,11,0.7333333333333333,0.8,6,0.752150495,0.0,0.752150495
SwinTiny,source_level,OIA-ODIR-TEST-OFFLINE,temperature_scaled_probability,Temperature-scaled,12,0.8,0.8666666666666667,8,0.8292457387500001,0.125,0.7042457387500001
SwinTiny,source_level,OIA-ODIR-TEST-OFFLINE,temperature_scaled_probability,Temperature-scaled,13,0.8666666666666667,0.9333333333333333,10,0.8967209190000001,0.3,0.596720919
SwinTiny,source_level,OIA-ODIR-TEST-OFFLINE,temperature_scaled_probability,Temperature-scaled,14,0.9333333333333333,1.0,45,0.9782940282222221,0.4444444444444444,0.5338495837777777
SwinTiny,source_level,OIA-ODIR-TEST-ONLINE,temperature_scaled_probability,Temperature-scaled,0,0.0,0.06666666666666667,575,0.01656673009878261,0.0017391304347826088,0.014827599664
SwinTiny,source_level,OIA-ODIR-TEST-ONLINE,temperature_scaled_probability,Temperature-scaled,1,0.06666666666666667,0.13333333333333333,43,0.09640879637209303,0.0,0.09640879637209303
SwinTiny,source_level,OIA-ODIR-TEST-ONLINE,temperature_scaled_probability,Temperature-scaled,2,0.13333333333333333,0.2,19,0.16276109368421054,0.10526315789473684,0.05749793578947371
SwinTiny,source_level,OIA-ODIR-TEST-ONLINE,temperature_scaled_probability,Temperature-scaled,3,0.2,0.26666666666666666,18,0.23729606944444445,0.05555555555555555,0.1817405138888889
SwinTiny,source_level,OIA-ODIR-TEST-ONLINE,temperature_scaled_probability,Temperature-scaled,4,0.26666666666666666,0.3333333333333333,8,0.304671715,0.0,0.304671715
SwinTiny,source_level,OIA-ODIR-TEST-ONLINE,temperature_scaled_probability,Temperature-scaled,5,0.3333333333333333,0.4,16,0.35835830375,0.0,0.35835830375
SwinTiny,source_level,OIA-ODIR-TEST-ONLINE,temperature_scaled_probability,Temperature-scaled,6,0.4,0.4666666666666667,18,0.42916418777777776,0.05555555555555555,0.3736086322222222
SwinTiny,source_level,OIA-ODIR-TEST-ONLINE,temperature_scaled_probability,Temperature-scaled,7,0.4666666666666667,0.5333333333333333,11,0.5051888263636364,0.0,0.5051888263636364
SwinTiny,source_level,OIA-ODIR-TEST-ONLINE,temperature_scaled_probability,Temperature-scaled,8,0.5333333333333333,0.6,7,0.5796617128571429,0.0,0.5796617128571429
SwinTiny,source_level,OIA-ODIR-TEST-ONLINE,temperature_scaled_probability,Temperature-scaled,9,0.6,0.6666666666666666,6,0.6259276433333333,0.0,0.6259276433333333
SwinTiny,source_level,OIA-ODIR-TEST-ONLINE,temperature_scaled_probability,Temperature-scaled,10,0.6666666666666666,0.7333333333333333,11,0.7026520254545455,0.18181818181818182,0.5208338436363638
SwinTiny,source_level,OIA-ODIR-TEST-ONLINE,temperature_scaled_probability,Temperature-scaled,11,0.7333333333333333,0.8,14,0.7702715835714286,0.14285714285714285,0.6274144407142856
SwinTiny,source_level,OIA-ODIR-TEST-ONLINE,temperature_scaled_probability,Temperature-scaled,12,0.8,0.8666666666666667,6,0.8449184916666667,0.3333333333333333,0.5115851583333333
SwinTiny,source_level,OIA-ODIR-TEST-ONLINE,temperature_scaled_probability,Temperature-scaled,13,0.8666666666666667,0.9333333333333333,19,0.9045506021052633,0.3157894736842105,0.5887611284210528
SwinTiny,source_level,OIA-ODIR-TEST-ONLINE,temperature_scaled_probability,Temperature-scaled,14,0.9333333333333333,1.0,89,0.9791352343820223,0.4606741573033708,0.5184610770786515
SwinTiny,source_level,OIA-ODIR-TRAIN,temperature_scaled_probability,Temperature-scaled,0,0.0,0.06666666666666667,2143,0.017096900286934204,0.004666355576294913,0.01243054471063929
SwinTiny,source_level,OIA-ODIR-TRAIN,temperature_scaled_probability,Temperature-scaled,1,0.06666666666666667,0.13333333333333333,183,0.09424967471038252,0.0,0.09424967471038252
SwinTiny,source_level,OIA-ODIR-TRAIN,temperature_scaled_probability,Temperature-scaled,2,0.13333333333333333,0.2,91,0.16436621934065934,0.02197802197802198,0.14238819736263736
SwinTiny,source_level,OIA-ODIR-TRAIN,temperature_scaled_probability,Temperature-scaled,3,0.2,0.26666666666666666,60,0.23102389533333337,0.06666666666666667,0.1643572286666667
SwinTiny,source_level,OIA-ODIR-TRAIN,temperature_scaled_probability,Temperature-scaled,4,0.26666666666666666,0.3333333333333333,43,0.2986502025581395,0.046511627906976744,0.25213857465116274
SwinTiny,source_level,OIA-ODIR-TRAIN,temperature_scaled_probability,Temperature-scaled,5,0.3333333333333333,0.4,60,0.36321876699999994,0.03333333333333333,0.3298854336666666
SwinTiny,source_level,OIA-ODIR-TRAIN,temperature_scaled_probability,Temperature-scaled,6,0.4,0.4666666666666667,34,0.4384553135294118,0.08823529411764706,0.3502200194117647
SwinTiny,source_level,OIA-ODIR-TRAIN,temperature_scaled_probability,Temperature-scaled,7,0.4666666666666667,0.5333333333333333,34,0.5013901555882354,0.20588235294117646,0.29550780264705895
SwinTiny,source_level,OIA-ODIR-TRAIN,temperature_scaled_probability,Temperature-scaled,8,0.5333333333333333,0.6,24,0.5648254254166667,0.08333333333333333,0.4814920920833334
SwinTiny,source_level,OIA-ODIR-TRAIN,temperature_scaled_probability,Temperature-scaled,9,0.6,0.6666666666666666,41,0.6295611004878049,0.024390243902439025,0.6051708565853658
SwinTiny,source_level,OIA-ODIR-TRAIN,temperature_scaled_probability,Temperature-scaled,10,0.6666666666666666,0.7333333333333333,28,0.7040765825,0.07142857142857142,0.6326480110714287
SwinTiny,source_level,OIA-ODIR-TRAIN,temperature_scaled_probability,Temperature-scaled,11,0.7333333333333333,0.8,36,0.7666444508333333,0.16666666666666666,0.5999777841666667
SwinTiny,source_level,OIA-ODIR-TRAIN,temperature_scaled_probability,Temperature-scaled,12,0.8,0.8666666666666667,43,0.8381253234883719,0.2558139534883721,0.5823113699999998
SwinTiny,source_level,OIA-ODIR-TRAIN,temperature_scaled_probability,Temperature-scaled,13,0.8666666666666667,0.9333333333333333,67,0.9049220870149254,0.22388059701492538,0.68104149
SwinTiny,source_level,OIA-ODIR-TRAIN,temperature_scaled_probability,Temperature-scaled,14,0.9333333333333333,1.0,242,0.980116039214876,0.5371900826446281,0.4429259565702479
SwinTiny,source_level,ORIGA,temperature_scaled_probability,Temperature-scaled,0,0.0,0.06666666666666667,426,0.01034273232910798,0.10093896713615023,0.09059623480704225
SwinTiny,source_level,ORIGA,temperature_scaled_probability,Temperature-scaled,1,0.06666666666666667,0.13333333333333333,22,0.08310464590909092,0.2727272727272727,0.1896226268181818
SwinTiny,source_level,ORIGA,temperature_scaled_probability,Temperature-scaled,2,0.13333333333333333,0.2,13,0.1605191146153846,0.38461538461538464,0.22409627000000004
SwinTiny,source_level,ORIGA,temperature_scaled_probability,Temperature-scaled,3,0.2,0.26666666666666666,13,0.2304224976923077,0.3076923076923077,0.07726981000000002
SwinTiny,source_level,ORIGA,temperature_scaled_probability,Temperature-scaled,4,0.26666666666666666,0.3333333333333333,11,0.28613644,0.36363636363636365,0.07749992363636365
SwinTiny,source_level,ORIGA,temperature_scaled_probability,Temperature-scaled,5,0.3333333333333333,0.4,8,0.38232465250000003,0.5,0.11767534749999997
SwinTiny,source_level,ORIGA,temperature_scaled_probability,Temperature-scaled,6,0.4,0.4666666666666667,6,0.42299126000000004,0.16666666666666666,0.25632459333333335
SwinTiny,source_level,ORIGA,temperature_scaled_probability,Temperature-scaled,7,0.4666666666666667,0.5333333333333333,7,0.49725243999999996,0.42857142857142855,0.06868101142857141
SwinTiny,source_level,ORIGA,temperature_scaled_probability,Temperature-scaled,8,0.5333333333333333,0.6,6,0.569577925,0.5,0.06957792500000004
SwinTiny,source_level,ORIGA,temperature_scaled_probability,Temperature-scaled,9,0.6,0.6666666666666666,9,0.6290799177777777,0.5555555555555556,0.07352436222222214
SwinTiny,source_level,ORIGA,temperature_scaled_probability,Temperature-scaled,10,0.6666666666666666,0.7333333333333333,8,0.6982309775,0.5,0.19823097749999996
SwinTiny,source_level,ORIGA,temperature_scaled_probability,Temperature-scaled,11,0.7333333333333333,0.8,11,0.7704268963636364,0.6363636363636364,0.13406326000000002
SwinTiny,source_level,ORIGA,temperature_scaled_probability,Temperature-scaled,12,0.8,0.8666666666666667,15,0.8280469099999999,0.6,0.22804690999999988
SwinTiny,source_level,ORIGA,temperature_scaled_probability,Temperature-scaled,13,0.8666666666666667,0.9333333333333333,18,0.8917471427777779,0.8888888888888888,0.0028582538888890507
SwinTiny,source_level,ORIGA,temperature_scaled_probability,Temperature-scaled,14,0.9333333333333333,1.0,77,0.9859010089610389,0.7012987012987013,0.28460230766233763
SwinTiny,source_level,REFUGE1-train,temperature_scaled_probability,Temperature-scaled,0,0.0,0.06666666666666667,357,0.0138895301302521,0.025210084033613446,0.011320553903361346
SwinTiny,source_level,REFUGE1-train,temperature_scaled_probability,Temperature-scaled,1,0.06666666666666667,0.13333333333333333,7,0.08545147228571429,0.42857142857142855,0.34311995628571423
SwinTiny,source_level,REFUGE1-train,temperature_scaled_probability,Temperature-scaled,2,0.13333333333333333,0.2,3,0.14977534,0.0,0.14977534
SwinTiny,source_level,REFUGE1-train,temperature_scaled_probability,Temperature-scaled,3,0.2,0.26666666666666666,0,,,
SwinTiny,source_level,REFUGE1-train,temperature_scaled_probability,Temperature-scaled,4,0.26666666666666666,0.3333333333333333,3,0.3209170633333333,0.3333333333333333,0.012416270000000007
SwinTiny,source_level,REFUGE1-train,temperature_scaled_probability,Temperature-scaled,5,0.3333333333333333,0.4,0,,,
SwinTiny,source_level,REFUGE1-train,temperature_scaled_probability,Temperature-scaled,6,0.4,0.4666666666666667,1,0.42586878,1.0,0.5741312199999999
SwinTiny,source_level,REFUGE1-train,temperature_scaled_probability,Temperature-scaled,7,0.4666666666666667,0.5333333333333333,1,0.4779534,0.0,0.4779534
SwinTiny,source_level,REFUGE1-train,temperature_scaled_probability,Temperature-scaled,8,0.5333333333333333,0.6,2,0.5791232,0.5,0.07912319999999995
SwinTiny,source_level,REFUGE1-train,temperature_scaled_probability,Temperature-scaled,9,0.6,0.6666666666666666,0,,,
SwinTiny,source_level,REFUGE1-train,temperature_scaled_probability,Temperature-scaled,10,0.6666666666666666,0.7333333333333333,0,,,
SwinTiny,source_level,REFUGE1-train,temperature_scaled_probability,Temperature-scaled,11,0.7333333333333333,0.8,0,,,
SwinTiny,source_level,REFUGE1-train,temperature_scaled_probability,Temperature-scaled,12,0.8,0.8666666666666667,1,0.8652438,1.0,0.1347562
SwinTiny,source_level,REFUGE1-train,temperature_scaled_probability,Temperature-scaled,13,0.8666666666666667,0.9333333333333333,2,0.9228092999999999,1.0,0.07719070000000006
SwinTiny,source_level,REFUGE1-train,temperature_scaled_probability,Temperature-scaled,14,0.9333333333333333,1.0,23,0.9931331386956522,0.9565217391304348,0.03661139956521742
SwinTiny,source_level,REFUGE1-val,temperature_scaled_probability,Temperature-scaled,0,0.0,0.06666666666666667,350,0.008542112585428571,0.02,0.01145788741457143
SwinTiny,source_level,REFUGE1-val,temperature_scaled_probability,Temperature-scaled,1,0.06666666666666667,0.13333333333333333,14,0.0968511042142857,0.21428571428571427,0.11743461007142858
SwinTiny,source_level,REFUGE1-val,temperature_scaled_probability,Temperature-scaled,2,0.13333333333333333,0.2,2,0.17782381,0.5,0.32217619
SwinTiny,source_level,REFUGE1-val,temperature_scaled_probability,Temperature-scaled,3,0.2,0.26666666666666666,1,0.22778319,1.0,0.77221681
SwinTiny,source_level,REFUGE1-val,temperature_scaled_probability,Temperature-scaled,4,0.26666666666666666,0.3333333333333333,1,0.27370098,0.0,0.27370098
SwinTiny,source_level,REFUGE1-val,temperature_scaled_probability,Temperature-scaled,5,0.3333333333333333,0.4,1,0.34166083,0.0,0.34166083
SwinTiny,source_level,REFUGE1-val,temperature_scaled_probability,Temperature-scaled,6,0.4,0.4666666666666667,1,0.4331,0.0,0.4331
SwinTiny,source_level,REFUGE1-val,temperature_scaled_probability,Temperature-scaled,7,0.4666666666666667,0.5333333333333333,1,0.49739084,1.0,0.50260916
SwinTiny,source_level,REFUGE1-val,temperature_scaled_probability,Temperature-scaled,8,0.5333333333333333,0.6,1,0.5919125,0.0,0.5919125
SwinTiny,source_level,REFUGE1-val,temperature_scaled_probability,Temperature-scaled,9,0.6,0.6666666666666666,1,0.62596726,0.0,0.62596726
SwinTiny,source_level,REFUGE1-val,temperature_scaled_probability,Temperature-scaled,10,0.6666666666666666,0.7333333333333333,0,,,
SwinTiny,source_level,REFUGE1-val,temperature_scaled_probability,Temperature-scaled,11,0.7333333333333333,0.8,0,,,
SwinTiny,source_level,REFUGE1-val,temperature_scaled_probability,Temperature-scaled,12,0.8,0.8666666666666667,2,0.823996535,1.0,0.17600346499999997
SwinTiny,source_level,REFUGE1-val,temperature_scaled_probability,Temperature-scaled,13,0.8666666666666667,0.9333333333333333,3,0.8940641,1.0,0.10593589999999997
SwinTiny,source_level,REFUGE1-val,temperature_scaled_probability,Temperature-scaled,14,0.9333333333333333,1.0,22,0.9854354199999998,1.0,0.01456458000000016
SwinTiny,source_level,sjchoi86-HRF,temperature_scaled_probability,Temperature-scaled,0,0.0,0.06666666666666667,294,0.016463351148299322,0.1054421768707483,0.08897882572244899
SwinTiny,source_level,sjchoi86-HRF,temperature_scaled_probability,Temperature-scaled,1,0.06666666666666667,0.13333333333333333,23,0.08845184530434783,0.391304347826087,0.3028525025217391
SwinTiny,source_level,sjchoi86-HRF,temperature_scaled_probability,Temperature-scaled,2,0.13333333333333333,0.2,7,0.16749973285714284,0.7142857142857143,0.5467859814285715
SwinTiny,source_level,sjchoi86-HRF,temperature_scaled_probability,Temperature-scaled,3,0.2,0.26666666666666666,3,0.23265479333333336,1.0,0.7673452066666666
SwinTiny,source_level,sjchoi86-HRF,temperature_scaled_probability,Temperature-scaled,4,0.26666666666666666,0.3333333333333333,9,0.30062456777777774,0.5555555555555556,0.25493098777777784
SwinTiny,source_level,sjchoi86-HRF,temperature_scaled_probability,Temperature-scaled,5,0.3333333333333333,0.4,7,0.3554683571428572,0.7142857142857143,0.3588173571428571
SwinTiny,source_level,sjchoi86-HRF,temperature_scaled_probability,Temperature-scaled,6,0.4,0.4666666666666667,7,0.4460559714285715,0.14285714285714285,0.30319882857142866
SwinTiny,source_level,sjchoi86-HRF,temperature_scaled_probability,Temperature-scaled,7,0.4666666666666667,0.5333333333333333,4,0.5081102125,0.5,0.008110212499999991
SwinTiny,source_level,sjchoi86-HRF,temperature_scaled_probability,Temperature-scaled,8,0.5333333333333333,0.6,3,0.5656778166666666,0.6666666666666666,0.10098885000000002
SwinTiny,source_level,sjchoi86-HRF,temperature_scaled_probability,Temperature-scaled,9,0.6,0.6666666666666666,2,0.63644817,0.5,0.13644816999999998
SwinTiny,source_level,sjchoi86-HRF,temperature_scaled_probability,Temperature-scaled,10,0.6666666666666666,0.7333333333333333,6,0.6999348116666666,1.0,0.3000651883333334
SwinTiny,source_level,sjchoi86-HRF,temperature_scaled_probability,Temperature-scaled,11,0.7333333333333333,0.8,2,0.7794868500000001,0.5,0.27948685000000006
SwinTiny,source_level,sjchoi86-HRF,temperature_scaled_probability,Temperature-scaled,12,0.8,0.8666666666666667,7,0.8386262728571429,0.8571428571428571,0.018516584285714233
SwinTiny,source_level,sjchoi86-HRF,temperature_scaled_probability,Temperature-scaled,13,0.8666666666666667,0.9333333333333333,2,0.914890815,0.5,0.414890815
SwinTiny,source_level,sjchoi86-HRF,temperature_scaled_probability,Temperature-scaled,14,0.9333333333333333,1.0,25,0.9835060884,0.92,0.06350608839999994
