endpoint,comparison,metric,level,stratum_type,stratum_label,n_units,n_positive_units,positive_unit_fraction,mean_delta,median_delta,std_delta,ci95_low,ci95_high,support_status,model_name,setting_id,perturbation_method,sigma,dilation,gon_label,quality_group
perturbation_sensitivity,od_oc_proxy_minus_matched_random_od_oc,od_oc_proxy_minus_matched_random_od_oc,image,overall,overall,745,572,0.7677852348993288,0.4289686931717785,0.333870530128479,0.4818550767569561,0.39411385547516364,0.4649280895415862,supported,ConvNeXtTiny,sigma12_dil0,blur,12.0,0,,
perturbation_sensitivity,od_oc_proxy_minus_matched_random_od_oc,od_oc_proxy_minus_matched_random_od_oc,image,overall,overall,745,371,0.49798657718120803,-0.02776317712879191,-4.302228262531571e-06,0.4811346372960658,-0.06259689086121245,0.008942705925988378,not_supported,ConvNeXtTiny,sigma12_dil0,gaussian_noise,12.0,0,,
perturbation_sensitivity,od_oc_proxy_minus_matched_random_od_oc,od_oc_proxy_minus_matched_random_od_oc,image,overall,overall,745,421,0.5651006711409396,0.09965587569030375,0.0011274553835391998,0.5504655688597255,0.06130547644981238,0.13948066423779124,supported,ConvNeXtTiny,sigma12_dil0,mean_fill,12.0,0,,
perturbation_sensitivity,od_oc_proxy_minus_matched_random_od_oc,od_oc_proxy_minus_matched_random_od_oc,image,overall,overall,745,582,0.7812080536912752,0.5050801249838911,0.6589451618492603,0.4574925956275308,0.4719363513006384,0.5376987098451546,supported,ConvNeXtTiny,sigma12_dil14,blur,12.0,14,,
perturbation_sensitivity,od_oc_proxy_minus_matched_random_od_oc,od_oc_proxy_minus_matched_random_od_oc,image,overall,overall,745,60,0.08053691275167785,-0.5182956616339139,-0.7147366702556609,0.4715411707945948,-0.5517436577120786,-0.4860666485090541,not_supported,ConvNeXtTiny,sigma12_dil14,gaussian_noise,12.0,14,,
perturbation_sensitivity,od_oc_proxy_minus_matched_random_od_oc,od_oc_proxy_minus_matched_random_od_oc,image,overall,overall,745,131,0.17583892617449665,-0.5464986366499357,-0.8841736614704131,0.515033045325523,-0.5841337773098596,-0.5081317082047575,not_supported,ConvNeXtTiny,sigma12_dil14,mean_fill,12.0,14,,
perturbation_sensitivity,od_oc_proxy_minus_matched_random_od_oc,od_oc_proxy_minus_matched_random_od_oc,image,overall,overall,745,544,0.7302013422818792,0.3987720158427667,0.2568514943122863,0.49157991113915106,0.36420353747827766,0.43332600563163753,supported,ConvNeXtTiny,sigma12_dil7,blur,12.0,7,,
perturbation_sensitivity,od_oc_proxy_minus_matched_random_od_oc,od_oc_proxy_minus_matched_random_od_oc,image,overall,overall,745,103,0.138255033557047,-0.4049393464826675,-0.1549772620201111,0.4848926901945951,-0.43937072080039064,-0.369535316213446,not_supported,ConvNeXtTiny,sigma12_dil7,gaussian_noise,12.0,7,,
perturbation_sensitivity,od_oc_proxy_minus_matched_random_od_oc,od_oc_proxy_minus_matched_random_od_oc,image,overall,overall,745,228,0.30604026845637583,-0.3105616749800963,-0.1885553002357483,0.5593406666514339,-0.3489065769249883,-0.2684518677242404,not_supported,ConvNeXtTiny,sigma12_dil7,mean_fill,12.0,7,,
perturbation_sensitivity,od_oc_proxy_minus_matched_random_od_oc,od_oc_proxy_minus_matched_random_od_oc,image,overall,overall,745,566,0.7597315436241611,0.3040733137242679,0.05674403905868527,0.4315172740704355,0.2740243335191557,0.3352236164410026,supported,ConvNeXtTiny,sigma4_dil0,blur,4.0,0,,
perturbation_sensitivity,od_oc_proxy_minus_matched_random_od_oc,od_oc_proxy_minus_matched_random_od_oc,image,overall,overall,745,362,0.48590604026845635,-0.04006796596881543,-1.1563301086425781e-05,0.5036884645643409,-0.07596053324513823,-0.0042145009138952385,not_supported,ConvNeXtTiny,sigma4_dil0,gaussian_noise,4.0,0,,
perturbation_sensitivity,od_oc_proxy_minus_matched_random_od_oc,od_oc_proxy_minus_matched_random_od_oc,image,overall,overall,745,422,0.5664429530201343,0.11160935470928864,0.0007948391139505999,0.5430154441159574,0.07163227651249852,0.1501765595078638,supported,ConvNeXtTiny,sigma4_dil0,mean_fill,4.0,0,,
perturbation_sensitivity,od_oc_proxy_minus_matched_random_od_oc,od_oc_proxy_minus_matched_random_od_oc,image,overall,overall,745,585,0.785234899328859,0.557125399990156,0.8398117283359171,0.4449019938228947,0.525898607015145,0.5899044881270813,supported,ConvNeXtTiny,sigma4_dil14,blur,4.0,14,,
perturbation_sensitivity,od_oc_proxy_minus_matched_random_od_oc,od_oc_proxy_minus_matched_random_od_oc,image,overall,overall,745,80,0.10738255033557047,-0.48945416126004887,-0.5874693356454374,0.48097322375461765,-0.5249945194367074,-0.45458294546571576,not_supported,ConvNeXtTiny,sigma4_dil14,gaussian_noise,4.0,14,,
perturbation_sensitivity,od_oc_proxy_minus_matched_random_od_oc,od_oc_proxy_minus_matched_random_od_oc,image,overall,overall,745,125,0.16778523489932887,-0.5539076708748594,-0.8715688474476337,0.5007575273527755,-0.5911583971992376,-0.5178342242498524,not_supported,ConvNeXtTiny,sigma4_dil14,mean_fill,4.0,14,,
perturbation_sensitivity,od_oc_proxy_minus_matched_random_od_oc,od_oc_proxy_minus_matched_random_od_oc,image,overall,overall,745,594,0.7973154362416107,0.5166304905787727,0.7004189789295197,0.46441027854913797,0.4837002633756399,0.5488950824472635,supported,ConvNeXtTiny,sigma4_dil7,blur,4.0,7,,
perturbation_sensitivity,od_oc_proxy_minus_matched_random_od_oc,od_oc_proxy_minus_matched_random_od_oc,image,overall,overall,745,107,0.1436241610738255,-0.3939261678228874,-0.20540748536586761,0.48157371601068805,-0.42814913076456135,-0.35990118972968516,not_supported,ConvNeXtTiny,sigma4_dil7,gaussian_noise,4.0,7,,
perturbation_sensitivity,od_oc_proxy_minus_matched_random_od_oc,od_oc_proxy_minus_matched_random_od_oc,image,overall,overall,745,218,0.29261744966442954,-0.32062194538021205,-0.18890678882598883,0.5520458698016188,-0.3615392298958335,-0.28065307377021287,not_supported,ConvNeXtTiny,sigma4_dil7,mean_fill,4.0,7,,
perturbation_sensitivity,od_oc_proxy_minus_matched_random_od_oc,od_oc_proxy_minus_matched_random_od_oc,image,overall,overall,745,549,0.7369127516778523,0.30707881695547895,0.05972611904144293,0.46347568142918066,0.27205451550327514,0.3412006647304497,supported,ConvNeXtTiny,sigma8_dil0,blur,8.0,0,,
perturbation_sensitivity,od_oc_proxy_minus_matched_random_od_oc,od_oc_proxy_minus_matched_random_od_oc,image,overall,overall,745,358,0.48053691275167787,-0.0343701711795912,-4.0018931031199356e-05,0.48601195827612403,-0.06731540513687918,0.0012974154371131789,not_supported,ConvNeXtTiny,sigma8_dil0,gaussian_noise,8.0,0,,
perturbation_sensitivity,od_oc_proxy_minus_matched_random_od_oc,od_oc_proxy_minus_matched_random_od_oc,image,overall,overall,745,426,0.5718120805369128,0.10886513523666337,0.0015307068824767,0.5409610719224299,0.07037774201335648,0.14772362932065378,supported,ConvNeXtTiny,sigma8_dil0,mean_fill,8.0,0,,
perturbation_sensitivity,od_oc_proxy_minus_matched_random_od_oc,od_oc_proxy_minus_matched_random_od_oc,image,overall,overall,745,589,0.7906040268456376,0.5481955836604644,0.8173981718719006,0.4585900187114608,0.5154726380730025,0.5797190903256534,supported,ConvNeXtTiny,sigma8_dil14,blur,8.0,14,,
perturbation_sensitivity,od_oc_proxy_minus_matched_random_od_oc,od_oc_proxy_minus_matched_random_od_oc,image,overall,overall,745,64,0.08590604026845637,-0.4973542392966822,-0.6199920773506163,0.477903957043552,-0.5307714796645405,-0.4636918751572896,not_supported,ConvNeXtTiny,sigma8_dil14,gaussian_noise,8.0,14,,
perturbation_sensitivity,od_oc_proxy_minus_matched_random_od_oc,od_oc_proxy_minus_matched_random_od_oc,image,overall,overall,745,127,0.1704697986577181,-0.5498752463971557,-0.872463583946228,0.5120993986122483,-0.5869409015328536,-0.5138971764664495,not_supported,ConvNeXtTiny,sigma8_dil14,mean_fill,8.0,14,,
perturbation_sensitivity,od_oc_proxy_minus_matched_random_od_oc,od_oc_proxy_minus_matched_random_od_oc,image,overall,overall,745,564,0.7570469798657719,0.45669216711652577,0.4760617800056934,0.4797230969617248,0.423577731968209,0.4896866887663674,supported,ConvNeXtTiny,sigma8_dil7,blur,8.0,7,,
perturbation_sensitivity,od_oc_proxy_minus_matched_random_od_oc,od_oc_proxy_minus_matched_random_od_oc,image,overall,overall,745,100,0.1342281879194631,-0.4191083513477331,-0.2012451887130736,0.466777286184833,-0.45150078962095164,-0.3863781936532008,not_supported,ConvNeXtTiny,sigma8_dil7,gaussian_noise,8.0,7,,
perturbation_sensitivity,od_oc_proxy_minus_matched_random_od_oc,od_oc_proxy_minus_matched_random_od_oc,image,overall,overall,745,219,0.29395973154362415,-0.3143180113810357,-0.1588028967380524,0.5573226476913272,-0.35559450477012794,-0.27383710100504716,not_supported,ConvNeXtTiny,sigma8_dil7,mean_fill,8.0,7,,
perturbation_sensitivity,od_oc_proxy_minus_matched_random_od_oc,od_oc_proxy_minus_matched_random_od_oc,image,overall,overall,745,351,0.47114093959731546,0.010654869105024743,-0.00012022256851200002,0.3626713378881706,-0.015638085055581525,0.03593233045512405,directional_only,EfficientNetB0,sigma12_dil0,blur,12.0,0,,
perturbation_sensitivity,od_oc_proxy_minus_matched_random_od_oc,od_oc_proxy_minus_matched_random_od_oc,image,overall,overall,745,277,0.3718120805369127,-0.055932235670415796,-0.031343370676040594,0.3916948001822835,-0.08400931305151077,-0.028051222160486035,not_supported,EfficientNetB0,sigma12_dil0,gaussian_noise,12.0,0,,
perturbation_sensitivity,od_oc_proxy_minus_matched_random_od_oc,od_oc_proxy_minus_matched_random_od_oc,image,overall,overall,745,439,0.5892617449664429,0.1374593641789434,0.015025706234155101,0.3579811165102297,0.1124628336929569,0.16247801891825414,supported,EfficientNetB0,sigma12_dil0,mean_fill,12.0,0,,
perturbation_sensitivity,od_oc_proxy_minus_matched_random_od_oc,od_oc_proxy_minus_matched_random_od_oc,image,overall,overall,745,282,0.3785234899328859,-0.0992624281177372,-0.041649256832897615,0.43239573398196013,-0.1301135883726445,-0.07007085506305706,not_supported,EfficientNetB0,sigma12_dil14,blur,12.0,14,,
perturbation_sensitivity,od_oc_proxy_minus_matched_random_od_oc,od_oc_proxy_minus_matched_random_od_oc,image,overall,overall,745,278,0.3731543624161074,-0.08449214515056538,-0.04843913018703459,0.44898217816669606,-0.11609452276436844,-0.05242108349192607,not_supported,EfficientNetB0,sigma12_dil14,gaussian_noise,12.0,14,,
perturbation_sensitivity,od_oc_proxy_minus_matched_random_od_oc,od_oc_proxy_minus_matched_random_od_oc,image,overall,overall,745,439,0.5892617449664429,0.1230510946189036,0.0552615523338318,0.3990584563460434,0.09637538466994408,0.15134804593713577,supported,EfficientNetB0,sigma12_dil14,mean_fill,12.0,14,,
perturbation_sensitivity,od_oc_proxy_minus_matched_random_od_oc,od_oc_proxy_minus_matched_random_od_oc,image,overall,overall,745,301,0.4040268456375839,-0.07765749324713814,-0.0163233911269902,0.4179772410478636,-0.10818019290779152,-0.04605058517115677,not_supported,EfficientNetB0,sigma12_dil7,blur,12.0,7,,
perturbation_sensitivity,od_oc_proxy_minus_matched_random_od_oc,od_oc_proxy_minus_matched_random_od_oc,image,overall,overall,745,273,0.36644295302013424,-0.07478936762844242,-0.0506860167920989,0.43936669251419996,-0.10681285170539803,-0.043892203252319205,not_supported,EfficientNetB0,sigma12_dil7,gaussian_noise,12.0,7,,
perturbation_sensitivity,od_oc_proxy_minus_matched_random_od_oc,od_oc_proxy_minus_matched_random_od_oc,image,overall,overall,745,470,0.6308724832214765,0.15682956544551388,0.04974138736724851,0.39586899036209566,0.12845325663601972,0.18540382306413355,supported,EfficientNetB0,sigma12_dil7,mean_fill,12.0,7,,
perturbation_sensitivity,od_oc_proxy_minus_matched_random_od_oc,od_oc_proxy_minus_matched_random_od_oc,image,overall,overall,745,347,0.4657718120805369,0.013211566758356103,-0.0001305341720580836,0.3147371776603584,-0.009191854405489796,0.035330135414725766,directional_only,EfficientNetB0,sigma4_dil0,blur,4.0,0,,
perturbation_sensitivity,od_oc_proxy_minus_matched_random_od_oc,od_oc_proxy_minus_matched_random_od_oc,image,overall,overall,745,276,0.3704697986577181,-0.06512392989242659,-0.026853074785321993,0.39257475936652914,-0.0931581768582491,-0.03668383167363532,not_supported,EfficientNetB0,sigma4_dil0,gaussian_noise,4.0,0,,
perturbation_sensitivity,od_oc_proxy_minus_matched_random_od_oc,od_oc_proxy_minus_matched_random_od_oc,image,overall,overall,745,448,0.6013422818791946,0.1329476414194864,0.0146107100881636,0.3731608469152916,0.10712928686801244,0.15911624450684073,supported,EfficientNetB0,sigma4_dil0,mean_fill,4.0,0,,
perturbation_sensitivity,od_oc_proxy_minus_matched_random_od_oc,od_oc_proxy_minus_matched_random_od_oc,image,overall,overall,745,293,0.3932885906040268,-0.000799556802499253,-0.010322146117687198,0.38844065405849454,-0.027885322638819886,0.027688857098988558,not_supported,EfficientNetB0,sigma4_dil14,blur,4.0,14,,
perturbation_sensitivity,od_oc_proxy_minus_matched_random_od_oc,od_oc_proxy_minus_matched_random_od_oc,image,overall,overall,745,278,0.3731543624161074,-0.07855678920956563,-0.0537330694496632,0.4452844523893202,-0.1095362853096673,-0.046591406165075275,not_supported,EfficientNetB0,sigma4_dil14,gaussian_noise,4.0,14,,
perturbation_sensitivity,od_oc_proxy_minus_matched_random_od_oc,od_oc_proxy_minus_matched_random_od_oc,image,overall,overall,745,454,0.6093959731543624,0.12329957671093933,0.048511371016502394,0.39898900789705144,0.09422087919733635,0.1530449704436513,supported,EfficientNetB0,sigma4_dil14,mean_fill,4.0,14,,
perturbation_sensitivity,od_oc_proxy_minus_matched_random_od_oc,od_oc_proxy_minus_matched_random_od_oc,image,overall,overall,745,340,0.4563758389261745,0.04183169809411685,-0.000674237991916,0.3642173765383081,0.015487393300142243,0.06903527470026312,supported,EfficientNetB0,sigma4_dil7,blur,4.0,7,,
perturbation_sensitivity,od_oc_proxy_minus_matched_random_od_oc,od_oc_proxy_minus_matched_random_od_oc,image,overall,overall,745,284,0.3812080536912752,-0.06036759148578588,-0.0367924474229468,0.43866191592191756,-0.09278310180155817,-0.02913483162946322,not_supported,EfficientNetB0,sigma4_dil7,gaussian_noise,4.0,7,,
perturbation_sensitivity,od_oc_proxy_minus_matched_random_od_oc,od_oc_proxy_minus_matched_random_od_oc,image,overall,overall,745,474,0.636241610738255,0.1638555646648748,0.05120953172445289,0.4040198719425291,0.1347042291124763,0.1919243310726511,supported,EfficientNetB0,sigma4_dil7,mean_fill,4.0,7,,
perturbation_sensitivity,od_oc_proxy_minus_matched_random_od_oc,od_oc_proxy_minus_matched_random_od_oc,image,overall,overall,745,317,0.425503355704698,-0.030123483451329956,-0.0028908674721606063,0.35941199768276716,-0.05531234749580229,-0.005128597978481953,not_supported,EfficientNetB0,sigma8_dil0,blur,8.0,0,,
perturbation_sensitivity,od_oc_proxy_minus_matched_random_od_oc,od_oc_proxy_minus_matched_random_od_oc,image,overall,overall,745,270,0.3624161073825503,-0.05708770774505927,-0.0326612829812801,0.39771628257038366,-0.08401496072243454,-0.02754092045627505,not_supported,EfficientNetB0,sigma8_dil0,gaussian_noise,8.0,0,,
perturbation_sensitivity,od_oc_proxy_minus_matched_random_od_oc,od_oc_proxy_minus_matched_random_od_oc,image,overall,overall,745,431,0.5785234899328859,0.136432535658352,0.011535748839378385,0.3784622267602668,0.10834862952941432,0.16346055185578073,supported,EfficientNetB0,sigma8_dil0,mean_fill,8.0,0,,
perturbation_sensitivity,od_oc_proxy_minus_matched_random_od_oc,od_oc_proxy_minus_matched_random_od_oc,image,overall,overall,745,282,0.3785234899328859,-0.047968164960902046,-0.02835248410701749,0.425941027922405,-0.07852725358842341,-0.017887201626025737,not_supported,EfficientNetB0,sigma8_dil14,blur,8.0,14,,
perturbation_sensitivity,od_oc_proxy_minus_matched_random_od_oc,od_oc_proxy_minus_matched_random_od_oc,image,overall,overall,745,282,0.3785234899328859,-0.07262771129856177,-0.04541067028642448,0.43544433855462855,-0.10307618911437393,-0.04334335612425191,not_supported,EfficientNetB0,sigma8_dil14,gaussian_noise,8.0,14,,
perturbation_sensitivity,od_oc_proxy_minus_matched_random_od_oc,od_oc_proxy_minus_matched_random_od_oc,image,overall,overall,745,453,0.6080536912751678,0.1169770643885182,0.0434239804744721,0.39007032325651647,0.08941857042725315,0.14450398206336415,supported,EfficientNetB0,sigma8_dil14,mean_fill,8.0,14,,
perturbation_sensitivity,od_oc_proxy_minus_matched_random_od_oc,od_oc_proxy_minus_matched_random_od_oc,image,overall,overall,745,291,0.3906040268456376,-0.047951837096042026,-0.013364851474761907,0.4022491941616829,-0.07645299262992418,-0.0192840434289835,not_supported,EfficientNetB0,sigma8_dil7,blur,8.0,7,,
perturbation_sensitivity,od_oc_proxy_minus_matched_random_od_oc,od_oc_proxy_minus_matched_random_od_oc,image,overall,overall,745,288,0.3865771812080537,-0.06486445496482256,-0.0378873852168908,0.43293302682899504,-0.09749586579864726,-0.034240989096231425,not_supported,EfficientNetB0,sigma8_dil7,gaussian_noise,8.0,7,,
perturbation_sensitivity,od_oc_proxy_minus_matched_random_od_oc,od_oc_proxy_minus_matched_random_od_oc,image,overall,overall,745,475,0.6375838926174496,0.161953581289764,0.0538683445192873,0.40243658783677805,0.13337452767473587,0.19254167477464287,supported,EfficientNetB0,sigma8_dil7,mean_fill,8.0,7,,
perturbation_sensitivity,od_oc_proxy_minus_matched_random_od_oc,od_oc_proxy_minus_matched_random_od_oc,patient,overall,overall,288,246,0.8541666666666666,0.40685944783663763,0.45628392629805603,0.3787136106441963,0.3642050534211849,0.44996553149814794,supported,ConvNeXtTiny,sigma12_dil0,blur,12.0,0,,
perturbation_sensitivity,od_oc_proxy_minus_matched_random_od_oc,od_oc_proxy_minus_matched_random_od_oc,patient,overall,overall,288,140,0.4861111111111111,-0.0538884283499122,-0.00026032514870162854,0.3957097347111647,-0.10053772965652992,-0.008344700512935437,not_supported,ConvNeXtTiny,sigma12_dil0,gaussian_noise,12.0,0,,
perturbation_sensitivity,od_oc_proxy_minus_matched_random_od_oc,od_oc_proxy_minus_matched_random_od_oc,patient,overall,overall,288,163,0.5659722222222222,0.09930834892677126,0.007231259951367964,0.4272555752972204,0.04793392215122446,0.14731721215461346,supported,ConvNeXtTiny,sigma12_dil0,mean_fill,12.0,0,,
perturbation_sensitivity,od_oc_proxy_minus_matched_random_od_oc,od_oc_proxy_minus_matched_random_od_oc,patient,overall,overall,288,245,0.8506944444444444,0.4810211194899278,0.48837575688958174,0.3693138348568551,0.4399633558613578,0.5231660907662482,supported,ConvNeXtTiny,sigma12_dil14,blur,12.0,14,,
perturbation_sensitivity,od_oc_proxy_minus_matched_random_od_oc,od_oc_proxy_minus_matched_random_od_oc,patient,overall,overall,288,13,0.04513888888888889,-0.5372898331697188,-0.5037449180192197,0.38778559289450415,-0.5830296109424139,-0.49131636522783984,not_supported,ConvNeXtTiny,sigma12_dil14,gaussian_noise,12.0,14,,
perturbation_sensitivity,od_oc_proxy_minus_matched_random_od_oc,od_oc_proxy_minus_matched_random_od_oc,patient,overall,overall,288,33,0.11458333333333333,-0.5294761393090823,-0.5845364670579631,0.40230986179917533,-0.5743553158980008,-0.4820200553707679,not_supported,ConvNeXtTiny,sigma12_dil14,mean_fill,12.0,14,,
perturbation_sensitivity,od_oc_proxy_minus_matched_random_od_oc,od_oc_proxy_minus_matched_random_od_oc,patient,overall,overall,288,237,0.8229166666666666,0.374853864054156,0.36555752400045094,0.3695458756064726,0.332614471709787,0.416982942989373,supported,ConvNeXtTiny,sigma12_dil7,blur,12.0,7,,
perturbation_sensitivity,od_oc_proxy_minus_matched_random_od_oc,od_oc_proxy_minus_matched_random_od_oc,patient,overall,overall,288,19,0.06597222222222222,-0.4107591620654746,-0.38614633179531666,0.39461958280629955,-0.4558737084110381,-0.36596139911129355,not_supported,ConvNeXtTiny,sigma12_dil7,gaussian_noise,12.0,7,,
perturbation_sensitivity,od_oc_proxy_minus_matched_random_od_oc,od_oc_proxy_minus_matched_random_od_oc,patient,overall,overall,288,63,0.21875,-0.31880330238128257,-0.31563439014522987,0.3984505776579138,-0.36578447610301573,-0.2719593759353281,not_supported,ConvNeXtTiny,sigma12_dil7,mean_fill,12.0,7,,
perturbation_sensitivity,od_oc_proxy_minus_matched_random_od_oc,od_oc_proxy_minus_matched_random_od_oc,patient,overall,overall,288,236,0.8194444444444444,0.3035555466692857,0.2622554097661123,0.33484649786633436,0.2635148731286036,0.3406881258399964,supported,ConvNeXtTiny,sigma4_dil0,blur,4.0,0,,
perturbation_sensitivity,od_oc_proxy_minus_matched_random_od_oc,od_oc_proxy_minus_matched_random_od_oc,patient,overall,overall,288,132,0.4583333333333333,-0.05825375873470709,-0.0013536661863326653,0.40393548837038834,-0.10562423158356017,-0.010189749278154775,not_supported,ConvNeXtTiny,sigma4_dil0,gaussian_noise,4.0,0,,
perturbation_sensitivity,od_oc_proxy_minus_matched_random_od_oc,od_oc_proxy_minus_matched_random_od_oc,patient,overall,overall,288,161,0.5590277777777778,0.10502360985014288,0.010663479566574005,0.4382388393307299,0.054593838147176214,0.15489050747296584,supported,ConvNeXtTiny,sigma4_dil0,mean_fill,4.0,0,,
perturbation_sensitivity,od_oc_proxy_minus_matched_random_od_oc,od_oc_proxy_minus_matched_random_od_oc,patient,overall,overall,288,254,0.8819444444444444,0.5320401862026727,0.5089809992544663,0.3679232345538702,0.49052912351332395,0.5746311977726287,supported,ConvNeXtTiny,sigma4_dil14,blur,4.0,14,,
perturbation_sensitivity,od_oc_proxy_minus_matched_random_od_oc,od_oc_proxy_minus_matched_random_od_oc,patient,overall,overall,288,24,0.08333333333333333,-0.4911675064038865,-0.5188364361056301,0.39151882066648824,-0.5362067665641954,-0.444977858365034,not_supported,ConvNeXtTiny,sigma4_dil14,gaussian_noise,4.0,14,,
perturbation_sensitivity,od_oc_proxy_minus_matched_random_od_oc,od_oc_proxy_minus_matched_random_od_oc,patient,overall,overall,288,33,0.11458333333333333,-0.5355950492145651,-0.577264061042418,0.37842027803504324,-0.5795330302214214,-0.4922100567432151,not_supported,ConvNeXtTiny,sigma4_dil14,mean_fill,4.0,14,,
perturbation_sensitivity,od_oc_proxy_minus_matched_random_od_oc,od_oc_proxy_minus_matched_random_od_oc,patient,overall,overall,288,249,0.8645833333333334,0.48567650400198986,0.4873078525997699,0.37713715884070337,0.4423998744556371,0.5301677423639845,supported,ConvNeXtTiny,sigma4_dil7,blur,4.0,7,,
perturbation_sensitivity,od_oc_proxy_minus_matched_random_od_oc,od_oc_proxy_minus_matched_random_od_oc,patient,overall,overall,288,27,0.09375,-0.40564821756179303,-0.394853883702308,0.38076275463359777,-0.4488634022158861,-0.363403584742418,not_supported,ConvNeXtTiny,sigma4_dil7,gaussian_noise,4.0,7,,
perturbation_sensitivity,od_oc_proxy_minus_matched_random_od_oc,od_oc_proxy_minus_matched_random_od_oc,patient,overall,overall,288,63,0.21875,-0.31924385800044314,-0.34491839772090316,0.41672562256324985,-0.36691316697966175,-0.2736531491657773,not_supported,ConvNeXtTiny,sigma4_dil7,mean_fill,4.0,7,,
perturbation_sensitivity,od_oc_proxy_minus_matched_random_od_oc,od_oc_proxy_minus_matched_random_od_oc,patient,overall,overall,288,235,0.8159722222222222,0.3061282859173145,0.25823873309756595,0.3516642518107437,0.2631211887751677,0.34686093128474266,supported,ConvNeXtTiny,sigma8_dil0,blur,8.0,0,,
perturbation_sensitivity,od_oc_proxy_minus_matched_random_od_oc,od_oc_proxy_minus_matched_random_od_oc,patient,overall,overall,288,130,0.4513888888888889,-0.06408350068919923,-0.0013432651758193393,0.38975087390761737,-0.1092726481739349,-0.020414680544624732,not_supported,ConvNeXtTiny,sigma8_dil0,gaussian_noise,8.0,0,,
perturbation_sensitivity,od_oc_proxy_minus_matched_random_od_oc,od_oc_proxy_minus_matched_random_od_oc,patient,overall,overall,288,163,0.5659722222222222,0.095646037002051,0.011415997985750471,0.40999679627503555,0.047691924613168644,0.14352569497902595,supported,ConvNeXtTiny,sigma8_dil0,mean_fill,8.0,0,,
perturbation_sensitivity,od_oc_proxy_minus_matched_random_od_oc,od_oc_proxy_minus_matched_random_od_oc,patient,overall,overall,288,251,0.8715277777777778,0.5300484698537014,0.5416708664076093,0.3801520344333445,0.4867856545092409,0.5715389471485665,supported,ConvNeXtTiny,sigma8_dil14,blur,8.0,14,,
perturbation_sensitivity,od_oc_proxy_minus_matched_random_od_oc,od_oc_proxy_minus_matched_random_od_oc,patient,overall,overall,288,11,0.03819444444444445,-0.5130419989452959,-0.500105935963802,0.37943356561827135,-0.5561661543828037,-0.4678191988468151,not_supported,ConvNeXtTiny,sigma8_dil14,gaussian_noise,8.0,14,,
perturbation_sensitivity,od_oc_proxy_minus_matched_random_od_oc,od_oc_proxy_minus_matched_random_od_oc,patient,overall,overall,288,33,0.11458333333333333,-0.530837092539579,-0.6141858047007449,0.4048147327286683,-0.5764705857235068,-0.4842442277493843,not_supported,ConvNeXtTiny,sigma8_dil14,mean_fill,8.0,14,,
perturbation_sensitivity,od_oc_proxy_minus_matched_random_od_oc,od_oc_proxy_minus_matched_random_od_oc,patient,overall,overall,288,245,0.8506944444444444,0.43721077300415395,0.4594033011235297,0.3740879288799713,0.3945559158058406,0.4796957192778582,supported,ConvNeXtTiny,sigma8_dil7,blur,8.0,7,,
perturbation_sensitivity,od_oc_proxy_minus_matched_random_od_oc,od_oc_proxy_minus_matched_random_od_oc,patient,overall,overall,288,22,0.0763888888888889,-0.4270058124376669,-0.4167266344822046,0.39336467355715177,-0.47245473917525793,-0.3816266062971371,not_supported,ConvNeXtTiny,sigma8_dil7,gaussian_noise,8.0,7,,
perturbation_sensitivity,od_oc_proxy_minus_matched_random_od_oc,od_oc_proxy_minus_matched_random_od_oc,patient,overall,overall,288,58,0.2013888888888889,-0.3272451861497786,-0.3491314414422959,0.4123680431216528,-0.3749607885001037,-0.28036246023731864,not_supported,ConvNeXtTiny,sigma8_dil7,mean_fill,8.0,7,,
perturbation_sensitivity,od_oc_proxy_minus_matched_random_od_oc,od_oc_proxy_minus_matched_random_od_oc,patient,overall,overall,288,126,0.4375,0.002445201804946318,-0.0048570020621191085,0.2905169749046227,-0.03160616090491883,0.03499847290718291,directional_only,EfficientNetB0,sigma12_dil0,blur,12.0,0,,
perturbation_sensitivity,od_oc_proxy_minus_matched_random_od_oc,od_oc_proxy_minus_matched_random_od_oc,patient,overall,overall,288,99,0.34375,-0.0696291586588908,-0.05019680575060182,0.3056165091820403,-0.10236300576410015,-0.03436006856532818,not_supported,EfficientNetB0,sigma12_dil0,gaussian_noise,12.0,0,,
perturbation_sensitivity,od_oc_proxy_minus_matched_random_od_oc,od_oc_proxy_minus_matched_random_od_oc,patient,overall,overall,288,180,0.625,0.12272771436425739,0.04256326874634883,0.2765388425827117,0.09203660044175103,0.15422867885424565,supported,EfficientNetB0,sigma12_dil0,mean_fill,12.0,0,,
perturbation_sensitivity,od_oc_proxy_minus_matched_random_od_oc,od_oc_proxy_minus_matched_random_od_oc,patient,overall,overall,288,101,0.3506944444444444,-0.10350540483822834,-0.0691196610875228,0.3445848502987093,-0.1427468564285487,-0.06505744126930121,not_supported,EfficientNetB0,sigma12_dil14,blur,12.0,14,,
perturbation_sensitivity,od_oc_proxy_minus_matched_random_od_oc,od_oc_proxy_minus_matched_random_od_oc,patient,overall,overall,288,94,0.3263888888888889,-0.08596084426618687,-0.08888923217410685,0.33560257002550653,-0.12408315706407025,-0.04721482647938844,not_supported,EfficientNetB0,sigma12_dil14,gaussian_noise,12.0,14,,
perturbation_sensitivity,od_oc_proxy_minus_matched_random_od_oc,od_oc_proxy_minus_matched_random_od_oc,patient,overall,overall,288,182,0.6319444444444444,0.11527308672165197,0.0667453948408365,0.30599653474227984,0.07912752273814831,0.14922558567384855,supported,EfficientNetB0,sigma12_dil14,mean_fill,12.0,14,,
perturbation_sensitivity,od_oc_proxy_minus_matched_random_od_oc,od_oc_proxy_minus_matched_random_od_oc,patient,overall,overall,288,107,0.3715277777777778,-0.07798808572971698,-0.041592661047980393,0.3372744581008858,-0.11830551974260645,-0.03993804811703253,not_supported,EfficientNetB0,sigma12_dil7,blur,12.0,7,,
perturbation_sensitivity,od_oc_proxy_minus_matched_random_od_oc,od_oc_proxy_minus_matched_random_od_oc,patient,overall,overall,288,99,0.34375,-0.07807643720743768,-0.0857365662342317,0.3424268988454894,-0.11602305729749343,-0.036716151441375314,not_supported,EfficientNetB0,sigma12_dil7,gaussian_noise,12.0,7,,
perturbation_sensitivity,od_oc_proxy_minus_matched_random_od_oc,od_oc_proxy_minus_matched_random_od_oc,patient,overall,overall,288,192,0.6666666666666666,0.13743804785028602,0.08656788803637028,0.31058454120185913,0.10197868122382649,0.17299511950880977,supported,EfficientNetB0,sigma12_dil7,mean_fill,12.0,7,,
perturbation_sensitivity,od_oc_proxy_minus_matched_random_od_oc,od_oc_proxy_minus_matched_random_od_oc,patient,overall,overall,288,140,0.4861111111111111,0.0018259093349200953,-4.441058174502188e-05,0.239727921880488,-0.025300399538051965,0.03072394131915451,directional_only,EfficientNetB0,sigma4_dil0,blur,4.0,0,,
perturbation_sensitivity,od_oc_proxy_minus_matched_random_od_oc,od_oc_proxy_minus_matched_random_od_oc,patient,overall,overall,288,102,0.3541666666666667,-0.07836363135506963,-0.0571246336912736,0.3099136958345369,-0.11147776047878659,-0.043172873538098414,not_supported,EfficientNetB0,sigma4_dil0,gaussian_noise,4.0,0,,
perturbation_sensitivity,od_oc_proxy_minus_matched_random_od_oc,od_oc_proxy_minus_matched_random_od_oc,patient,overall,overall,288,170,0.5902777777777778,0.11604083168391083,0.030462850598269142,0.2968691840693703,0.08252538470054688,0.15112332136028073,supported,EfficientNetB0,sigma4_dil0,mean_fill,4.0,0,,
perturbation_sensitivity,od_oc_proxy_minus_matched_random_od_oc,od_oc_proxy_minus_matched_random_od_oc,patient,overall,overall,288,107,0.3715277777777778,-0.013483454247725755,-0.02727517488786841,0.2956509590633196,-0.047057743512027,0.021525634512148416,not_supported,EfficientNetB0,sigma4_dil14,blur,4.0,14,,
perturbation_sensitivity,od_oc_proxy_minus_matched_random_od_oc,od_oc_proxy_minus_matched_random_od_oc,patient,overall,overall,288,94,0.3263888888888889,-0.06893651694521852,-0.08676543936599049,0.3219777005053254,-0.10536771578849753,-0.030136993368229673,not_supported,EfficientNetB0,sigma4_dil14,gaussian_noise,4.0,14,,
perturbation_sensitivity,od_oc_proxy_minus_matched_random_od_oc,od_oc_proxy_minus_matched_random_od_oc,patient,overall,overall,288,184,0.6388888888888888,0.11194944330769828,0.051030975766479955,0.3092357111132159,0.07600918749806884,0.1485756818144979,supported,EfficientNetB0,sigma4_dil14,mean_fill,4.0,14,,
perturbation_sensitivity,od_oc_proxy_minus_matched_random_od_oc,od_oc_proxy_minus_matched_random_od_oc,patient,overall,overall,288,132,0.4583333333333333,0.026635471276670132,-0.004586849468527791,0.2765919146156456,-0.004645985341564115,0.06018711980333609,directional_only,EfficientNetB0,sigma4_dil7,blur,4.0,7,,
perturbation_sensitivity,od_oc_proxy_minus_matched_random_od_oc,od_oc_proxy_minus_matched_random_od_oc,patient,overall,overall,288,101,0.3506944444444444,-0.04700247657542895,-0.051400224401731955,0.33888485627552467,-0.08384191619845892,-0.009419013416170165,not_supported,EfficientNetB0,sigma4_dil7,gaussian_noise,4.0,7,,
perturbation_sensitivity,od_oc_proxy_minus_matched_random_od_oc,od_oc_proxy_minus_matched_random_od_oc,patient,overall,overall,288,200,0.6944444444444444,0.14670538863492205,0.09536854077032325,0.32667413047888033,0.10659686733058922,0.18528702321191878,supported,EfficientNetB0,sigma4_dil7,mean_fill,4.0,7,,
perturbation_sensitivity,od_oc_proxy_minus_matched_random_od_oc,od_oc_proxy_minus_matched_random_od_oc,patient,overall,overall,288,118,0.4097222222222222,-0.03504776818042912,-0.01134011420435855,0.27974277507508644,-0.06787535469097203,-0.005643745153991259,not_supported,EfficientNetB0,sigma8_dil0,blur,8.0,0,,
perturbation_sensitivity,od_oc_proxy_minus_matched_random_od_oc,od_oc_proxy_minus_matched_random_od_oc,patient,overall,overall,288,94,0.3263888888888889,-0.06473501434847445,-0.0462959049738961,0.3165747510758032,-0.10162099682725713,-0.027715403579439624,not_supported,EfficientNetB0,sigma8_dil0,gaussian_noise,8.0,0,,
perturbation_sensitivity,od_oc_proxy_minus_matched_random_od_oc,od_oc_proxy_minus_matched_random_od_oc,patient,overall,overall,288,176,0.6111111111111112,0.12992762396669358,0.049892143993929425,0.3009575838552256,0.09623018733801107,0.16349733264616495,supported,EfficientNetB0,sigma8_dil0,mean_fill,8.0,0,,
perturbation_sensitivity,od_oc_proxy_minus_matched_random_od_oc,od_oc_proxy_minus_matched_random_od_oc,patient,overall,overall,288,109,0.3784722222222222,-0.05748700457865294,-0.044171600351374185,0.33409839544934694,-0.09631088500735524,-0.020060008389514092,not_supported,EfficientNetB0,sigma8_dil14,blur,8.0,14,,
perturbation_sensitivity,od_oc_proxy_minus_matched_random_od_oc,od_oc_proxy_minus_matched_random_od_oc,patient,overall,overall,288,104,0.3611111111111111,-0.07316487862598117,-0.07045319125433028,0.3200875663868795,-0.11150763983935415,-0.03575215561129822,not_supported,EfficientNetB0,sigma8_dil14,gaussian_noise,8.0,14,,
perturbation_sensitivity,od_oc_proxy_minus_matched_random_od_oc,od_oc_proxy_minus_matched_random_od_oc,patient,overall,overall,288,182,0.6319444444444444,0.10996387389366867,0.08019323136125293,0.2823591328265012,0.07808064630967425,0.14384617996503626,supported,EfficientNetB0,sigma8_dil14,mean_fill,8.0,14,,
perturbation_sensitivity,od_oc_proxy_minus_matched_random_od_oc,od_oc_proxy_minus_matched_random_od_oc,patient,overall,overall,288,109,0.3784722222222222,-0.054314221732154944,-0.03554047150464612,0.3137572893031787,-0.08936299865229641,-0.018005036351037007,not_supported,EfficientNetB0,sigma8_dil7,blur,8.0,7,,
perturbation_sensitivity,od_oc_proxy_minus_matched_random_od_oc,od_oc_proxy_minus_matched_random_od_oc,patient,overall,overall,288,101,0.3506944444444444,-0.07020959319911896,-0.07920975701199498,0.31876311158379045,-0.10484999168156552,-0.03139571810554121,not_supported,EfficientNetB0,sigma8_dil7,gaussian_noise,8.0,7,,
perturbation_sensitivity,od_oc_proxy_minus_matched_random_od_oc,od_oc_proxy_minus_matched_random_od_oc,patient,overall,overall,288,200,0.6944444444444444,0.142667476292992,0.09929669233679302,0.31201834467902007,0.10830113783378277,0.180126129156156,supported,EfficientNetB0,sigma8_dil7,mean_fill,8.0,7,,
perturbation_sensitivity,od_oc_proxy_minus_matched_random_od_oc,od_oc_proxy_minus_matched_random_od_oc,image,label,gon_label=GON+,547,433,0.7915904936014625,0.4596095725282162,0.4180584076129889,0.47572814471547087,0.41959106303801585,0.499781335619148,supported,ConvNeXtTiny,sigma12_dil0,blur,12.0,0,GON+,
perturbation_sensitivity,od_oc_proxy_minus_matched_random_od_oc,od_oc_proxy_minus_matched_random_od_oc,image,label,gon_label=GON-,198,139,0.702020202020202,0.34431939515172066,0.11416531214490533,0.48970919660190015,0.27787936021566834,0.4113024401692703,supported,ConvNeXtTiny,sigma12_dil0,blur,12.0,0,GON-,
perturbation_sensitivity,od_oc_proxy_minus_matched_random_od_oc,od_oc_proxy_minus_matched_random_od_oc,image,label,gon_label=GON+,547,306,0.5594149908592322,0.024798484997245566,8.362531661989999e-05,0.46869582807239324,-0.015024003992031913,0.06226139825949828,directional_only,ConvNeXtTiny,sigma12_dil0,gaussian_noise,12.0,0,GON+,
perturbation_sensitivity,od_oc_proxy_minus_matched_random_od_oc,od_oc_proxy_minus_matched_random_od_oc,image,label,gon_label=GON-,198,65,0.3282828282828283,-0.1729714053254712,-0.010887444674153849,0.48636149501568154,-0.2431423700616878,-0.10653459312348294,not_supported,ConvNeXtTiny,sigma12_dil0,gaussian_noise,12.0,0,GON-,
perturbation_sensitivity,od_oc_proxy_minus_matched_random_od_oc,od_oc_proxy_minus_matched_random_od_oc,image,label,gon_label=GON+,547,314,0.5740402193784278,0.1168137773694624,0.0018475651741027633,0.545412874016257,0.07517957060549359,0.16192396436540962,supported,ConvNeXtTiny,sigma12_dil0,mean_fill,12.0,0,GON+,
perturbation_sensitivity,od_oc_proxy_minus_matched_random_od_oc,od_oc_proxy_minus_matched_random_od_oc,image,label,gon_label=GON-,198,107,0.5404040404040404,0.05225500589990083,0.0004871264100074294,0.562868892254396,-0.022573110741237676,0.13291448190421018,directional_only,ConvNeXtTiny,sigma12_dil0,mean_fill,12.0,0,GON-,
perturbation_sensitivity,od_oc_proxy_minus_matched_random_od_oc,od_oc_proxy_minus_matched_random_od_oc,image,label,gon_label=GON+,547,437,0.7989031078610603,0.5419507790282552,0.7913131676614283,0.45511908695084907,0.5031438928743274,0.5784597650579664,supported,ConvNeXtTiny,sigma12_dil14,blur,12.0,14,GON+,
perturbation_sensitivity,od_oc_proxy_minus_matched_random_od_oc,od_oc_proxy_minus_matched_random_od_oc,image,label,gon_label=GON-,198,145,0.7323232323232324,0.4032202878007236,0.2323642075061798,0.44962494937798414,0.3434663382013806,0.46267569527115093,supported,ConvNeXtTiny,sigma12_dil14,blur,12.0,14,GON-,
perturbation_sensitivity,od_oc_proxy_minus_matched_random_od_oc,od_oc_proxy_minus_matched_random_od_oc,image,label,gon_label=GON+,547,47,0.08592321755027423,-0.50997225363555,-0.6722490191459656,0.4783860065258564,-0.550334542725539,-0.4705177077823539,not_supported,ConvNeXtTiny,sigma12_dil14,gaussian_noise,12.0,14,GON+,
perturbation_sensitivity,od_oc_proxy_minus_matched_random_od_oc,od_oc_proxy_minus_matched_random_od_oc,image,label,gon_label=GON-,198,13,0.06565656565656566,-0.5412901271647478,-0.7880354560911655,0.45247644349135535,-0.6013081096071328,-0.4809596201815495,not_supported,ConvNeXtTiny,sigma12_dil14,gaussian_noise,12.0,14,GON-,
perturbation_sensitivity,od_oc_proxy_minus_matched_random_od_oc,od_oc_proxy_minus_matched_random_od_oc,image,label,gon_label=GON+,547,92,0.16819012797074953,-0.5766617044905058,-0.8967749252915382,0.49535333336683074,-0.6190376488395607,-0.5312995476459147,not_supported,ConvNeXtTiny,sigma12_dil14,mean_fill,12.0,14,GON+,
perturbation_sensitivity,od_oc_proxy_minus_matched_random_od_oc,od_oc_proxy_minus_matched_random_od_oc,image,label,gon_label=GON-,198,39,0.19696969696969696,-0.463169353272199,-0.7887906525284052,0.5587580605558942,-0.5406746206462683,-0.38315358452743403,not_supported,ConvNeXtTiny,sigma12_dil14,mean_fill,12.0,14,GON-,
perturbation_sensitivity,od_oc_proxy_minus_matched_random_od_oc,od_oc_proxy_minus_matched_random_od_oc,image,label,gon_label=GON+,547,412,0.753199268738574,0.4292272058180278,0.3724325895309447,0.5033240812098096,0.38687504994453153,0.47146014455386953,supported,ConvNeXtTiny,sigma12_dil7,blur,12.0,7,GON+,
perturbation_sensitivity,od_oc_proxy_minus_matched_random_od_oc,od_oc_proxy_minus_matched_random_od_oc,image,label,gon_label=GON-,198,132,0.6666666666666666,0.3146357081838384,0.07263460196554655,0.44811076663448196,0.2505098882096357,0.3754824907680394,supported,ConvNeXtTiny,sigma12_dil7,blur,12.0,7,GON-,
perturbation_sensitivity,od_oc_proxy_minus_matched_random_od_oc,od_oc_proxy_minus_matched_random_od_oc,image,label,gon_label=GON+,547,82,0.14990859232175502,-0.3950069639683768,-0.1222837567329406,0.4879095832025182,-0.43778073454879085,-0.35365034398788453,not_supported,ConvNeXtTiny,sigma12_dil7,gaussian_noise,12.0,7,GON+,
perturbation_sensitivity,od_oc_proxy_minus_matched_random_od_oc,od_oc_proxy_minus_matched_random_od_oc,image,label,gon_label=GON-,198,21,0.10606060606060606,-0.4323788072670967,-0.259200632572174,0.4766021752693018,-0.49956020068870216,-0.36638249315289595,not_supported,ConvNeXtTiny,sigma12_dil7,gaussian_noise,12.0,7,GON-,
perturbation_sensitivity,od_oc_proxy_minus_matched_random_od_oc,od_oc_proxy_minus_matched_random_od_oc,image,label,gon_label=GON+,547,172,0.31444241316270566,-0.315234709358042,-0.1885553002357483,0.5554378080095517,-0.35964419320761737,-0.2689340789396224,not_supported,ConvNeXtTiny,sigma12_dil7,mean_fill,12.0,7,GON+,
perturbation_sensitivity,od_oc_proxy_minus_matched_random_od_oc,od_oc_proxy_minus_matched_random_od_oc,image,label,gon_label=GON-,198,56,0.2828282828282828,-0.29765182748142804,-0.18620261690557527,0.5712097638562659,-0.3783877024179196,-0.21967609552804626,not_supported,ConvNeXtTiny,sigma12_dil7,mean_fill,12.0,7,GON-,
perturbation_sensitivity,od_oc_proxy_minus_matched_random_od_oc,od_oc_proxy_minus_matched_random_od_oc,image,label,gon_label=GON+,547,433,0.7915904936014625,0.30971950111904767,0.0668512868578546,0.42410594749148717,0.27489915564820083,0.3454193004033659,supported,ConvNeXtTiny,sigma4_dil0,blur,4.0,0,GON+,
perturbation_sensitivity,od_oc_proxy_minus_matched_random_od_oc,od_oc_proxy_minus_matched_random_od_oc,image,label,gon_label=GON-,198,133,0.6717171717171717,0.2884750081437398,0.03402961324900375,0.45210032067800426,0.22583114309215244,0.3499080239493343,supported,ConvNeXtTiny,sigma4_dil0,blur,4.0,0,GON-,
perturbation_sensitivity,od_oc_proxy_minus_matched_random_od_oc,od_oc_proxy_minus_matched_random_od_oc,image,label,gon_label=GON+,547,304,0.5557586837294333,0.029018685161465843,0.0001787580549716004,0.49052905752033515,-0.010088515046834981,0.07007086592768853,directional_only,ConvNeXtTiny,sigma4_dil0,gaussian_noise,4.0,0,GON+,
perturbation_sensitivity,od_oc_proxy_minus_matched_random_od_oc,od_oc_proxy_minus_matched_random_od_oc,image,label,gon_label=GON-,198,58,0.29292929292929293,-0.23092856277822887,-0.014145927780191452,0.4913102169011381,-0.2970940106638581,-0.16734173953307163,not_supported,ConvNeXtTiny,sigma4_dil0,gaussian_noise,4.0,0,GON-,
perturbation_sensitivity,od_oc_proxy_minus_matched_random_od_oc,od_oc_proxy_minus_matched_random_od_oc,image,label,gon_label=GON+,547,334,0.6106032906764168,0.13690154386575265,0.003732522949576378,0.539188128362244,0.09295048537630216,0.18094294512778183,supported,ConvNeXtTiny,sigma4_dil0,mean_fill,4.0,0,GON+,
perturbation_sensitivity,od_oc_proxy_minus_matched_random_od_oc,od_oc_proxy_minus_matched_random_od_oc,image,label,gon_label=GON-,198,88,0.4444444444444444,0.041736488706329976,-0.0002914499491453048,0.5487795746049905,-0.03310775032503218,0.1171743950201976,directional_only,ConvNeXtTiny,sigma4_dil0,mean_fill,4.0,0,GON-,
perturbation_sensitivity,od_oc_proxy_minus_matched_random_od_oc,od_oc_proxy_minus_matched_random_od_oc,image,label,gon_label=GON+,547,447,0.8171846435100548,0.5962953796891352,0.9294658489525319,0.44257738858126483,0.5584292861987695,0.6343773277030709,supported,ConvNeXtTiny,sigma4_dil14,blur,4.0,14,GON+,
perturbation_sensitivity,od_oc_proxy_minus_matched_random_od_oc,od_oc_proxy_minus_matched_random_od_oc,image,label,gon_label=GON-,198,138,0.696969696969697,0.44891338536721875,0.37088229041546583,0.4343166472753995,0.38798849400991964,0.5064324204163154,supported,ConvNeXtTiny,sigma4_dil14,blur,4.0,14,GON-,
perturbation_sensitivity,od_oc_proxy_minus_matched_random_od_oc,od_oc_proxy_minus_matched_random_od_oc,image,label,gon_label=GON+,547,62,0.113345521023766,-0.4900238099976768,-0.5939865708351135,0.4812985316166303,-0.5293047083912377,-0.4485782723519093,not_supported,ConvNeXtTiny,sigma4_dil14,gaussian_noise,4.0,14,GON+,
perturbation_sensitivity,od_oc_proxy_minus_matched_random_od_oc,od_oc_proxy_minus_matched_random_od_oc,image,label,gon_label=GON-,198,18,0.09090909090909091,-0.48788043469700615,-0.47980833943438483,0.48128842078753675,-0.5502788084380713,-0.4203434572266985,not_supported,ConvNeXtTiny,sigma4_dil14,gaussian_noise,4.0,14,GON-,
perturbation_sensitivity,od_oc_proxy_minus_matched_random_od_oc,od_oc_proxy_minus_matched_random_od_oc,image,label,gon_label=GON+,547,80,0.14625228519195613,-0.597041037026818,-0.920876555144787,0.4821557216073585,-0.6378528937160876,-0.5556248596728369,not_supported,ConvNeXtTiny,sigma4_dil14,mean_fill,4.0,14,GON+,
perturbation_sensitivity,od_oc_proxy_minus_matched_random_od_oc,od_oc_proxy_minus_matched_random_od_oc,image,label,gon_label=GON-,198,45,0.22727272727272727,-0.43474630074798376,-0.4444805532693863,0.5322301171036442,-0.5107795109668458,-0.3544943177289047,not_supported,ConvNeXtTiny,sigma4_dil14,mean_fill,4.0,14,GON-,
perturbation_sensitivity,od_oc_proxy_minus_matched_random_od_oc,od_oc_proxy_minus_matched_random_od_oc,image,label,gon_label=GON+,547,456,0.8336380255941499,0.5634758725315275,0.8299568388611079,0.4584582101058992,0.5256842882054235,0.6008586902088986,supported,ConvNeXtTiny,sigma4_dil7,blur,4.0,7,GON+,
perturbation_sensitivity,od_oc_proxy_minus_matched_random_od_oc,od_oc_proxy_minus_matched_random_od_oc,image,label,gon_label=GON-,198,138,0.696969696969697,0.3872142081133342,0.15188335906714195,0.45724061498571356,0.3254340903913597,0.4532045529643016,supported,ConvNeXtTiny,sigma4_dil7,blur,4.0,7,GON-,
perturbation_sensitivity,od_oc_proxy_minus_matched_random_od_oc,od_oc_proxy_minus_matched_random_od_oc,image,label,gon_label=GON+,547,89,0.16270566727605118,-0.36681717829687877,-0.1363273710012436,0.4799588537000421,-0.40627005444529185,-0.32724721112803423,not_supported,ConvNeXtTiny,sigma4_dil7,gaussian_noise,4.0,7,GON+,
perturbation_sensitivity,od_oc_proxy_minus_matched_random_od_oc,od_oc_proxy_minus_matched_random_od_oc,image,label,gon_label=GON-,198,18,0.09090909090909091,-0.46881817424069927,-0.5092751383781433,0.4792871509325294,-0.5360237329963882,-0.4002047691279708,not_supported,ConvNeXtTiny,sigma4_dil7,gaussian_noise,4.0,7,GON-,
perturbation_sensitivity,od_oc_proxy_minus_matched_random_od_oc,od_oc_proxy_minus_matched_random_od_oc,image,label,gon_label=GON+,547,162,0.2961608775137112,-0.3344994958861008,-0.21358829736709595,0.5585383493895208,-0.3821114522710278,-0.28893836659282085,not_supported,ConvNeXtTiny,sigma4_dil7,mean_fill,4.0,7,GON+,
perturbation_sensitivity,od_oc_proxy_minus_matched_random_od_oc,od_oc_proxy_minus_matched_random_od_oc,image,label,gon_label=GON-,198,56,0.2828282828282828,-0.2822834598917215,-0.11060725105926389,0.5332028643856238,-0.35592725365346417,-0.20885053793809547,not_supported,ConvNeXtTiny,sigma4_dil7,mean_fill,4.0,7,GON-,
perturbation_sensitivity,od_oc_proxy_minus_matched_random_od_oc,od_oc_proxy_minus_matched_random_od_oc,image,label,gon_label=GON+,547,416,0.7605118829981719,0.3172424042171191,0.05972611904144293,0.46452090992063655,0.27963531630800986,0.3540273610115706,supported,ConvNeXtTiny,sigma8_dil0,blur,8.0,0,GON+,
perturbation_sensitivity,od_oc_proxy_minus_matched_random_od_oc,od_oc_proxy_minus_matched_random_od_oc,image,label,gon_label=GON-,198,133,0.6717171717171717,0.27900062386397806,0.06034985743463045,0.46057850818467017,0.21614820605441767,0.3433851912902915,supported,ConvNeXtTiny,sigma8_dil0,blur,8.0,0,GON-,
perturbation_sensitivity,od_oc_proxy_minus_matched_random_od_oc,od_oc_proxy_minus_matched_random_od_oc,image,label,gon_label=GON+,547,295,0.5393053016453382,0.027081724572309042,6.592273712158203e-05,0.47227151137533885,-0.009841864033554137,0.06456666830673936,directional_only,ConvNeXtTiny,sigma8_dil0,gaussian_noise,8.0,0,GON+,
perturbation_sensitivity,od_oc_proxy_minus_matched_random_od_oc,od_oc_proxy_minus_matched_random_od_oc,image,label,gon_label=GON-,198,63,0.3181818181818182,-0.20413879227196205,-0.013657856732606815,0.4841976697792847,-0.2732497067949115,-0.13640353912360964,not_supported,ConvNeXtTiny,sigma8_dil0,gaussian_noise,8.0,0,GON-,
perturbation_sensitivity,od_oc_proxy_minus_matched_random_od_oc,od_oc_proxy_minus_matched_random_od_oc,image,label,gon_label=GON+,547,322,0.5886654478976234,0.11817893159625814,0.0024672746658324796,0.5289962547020355,0.07270598977395154,0.16183757834767395,supported,ConvNeXtTiny,sigma8_dil0,mean_fill,8.0,0,GON+,
perturbation_sensitivity,od_oc_proxy_minus_matched_random_od_oc,od_oc_proxy_minus_matched_random_od_oc,image,label,gon_label=GON-,198,104,0.5252525252525253,0.08313459680889398,0.0003847740590571727,0.5733230534089977,0.002248028085828402,0.16366224496149917,supported,ConvNeXtTiny,sigma8_dil0,mean_fill,8.0,0,GON-,
perturbation_sensitivity,od_oc_proxy_minus_matched_random_od_oc,od_oc_proxy_minus_matched_random_od_oc,image,label,gon_label=GON+,547,452,0.8263254113345521,0.5879432636344226,0.9085877239704133,0.45421517810401546,0.5494428864115426,0.6255372978601061,supported,ConvNeXtTiny,sigma8_dil14,blur,8.0,14,GON+,
perturbation_sensitivity,od_oc_proxy_minus_matched_random_od_oc,od_oc_proxy_minus_matched_random_od_oc,image,label,gon_label=GON-,198,137,0.6919191919191919,0.43838759908594327,0.3610882554203272,0.45380008012913264,0.37066510175024603,0.5027755900850163,supported,ConvNeXtTiny,sigma8_dil14,blur,8.0,14,GON-,
perturbation_sensitivity,od_oc_proxy_minus_matched_random_od_oc,od_oc_proxy_minus_matched_random_od_oc,image,label,gon_label=GON+,547,52,0.09506398537477148,-0.4962870552102706,-0.6535630226135254,0.4835768503336893,-0.5377823866836284,-0.456704904778498,not_supported,ConvNeXtTiny,sigma8_dil14,gaussian_noise,8.0,14,GON+,
perturbation_sensitivity,od_oc_proxy_minus_matched_random_od_oc,od_oc_proxy_minus_matched_random_od_oc,image,label,gon_label=GON-,198,12,0.06060606060606061,-0.5003024700808597,-0.5824553817510605,0.46305770134531515,-0.5660128254873986,-0.4360160623660929,not_supported,ConvNeXtTiny,sigma8_dil14,gaussian_noise,8.0,14,GON-,
perturbation_sensitivity,od_oc_proxy_minus_matched_random_od_oc,od_oc_proxy_minus_matched_random_od_oc,image,label,gon_label=GON+,547,90,0.16453382084095064,-0.5699527745866488,-0.8926033824682237,0.5028721122580792,-0.6105045046387533,-0.5264088600819847,not_supported,ConvNeXtTiny,sigma8_dil14,mean_fill,8.0,14,GON+,
perturbation_sensitivity,od_oc_proxy_minus_matched_random_od_oc,od_oc_proxy_minus_matched_random_od_oc,image,label,gon_label=GON-,198,37,0.18686868686868688,-0.49440853973224286,-0.7892681928351521,0.5341558923484284,-0.5667784561089669,-0.41433552192396783,not_supported,ConvNeXtTiny,sigma8_dil14,mean_fill,8.0,14,GON-,
perturbation_sensitivity,od_oc_proxy_minus_matched_random_od_oc,od_oc_proxy_minus_matched_random_od_oc,image,label,gon_label=GON+,547,433,0.7915904936014625,0.4948460806823723,0.6433358788490297,0.47973131140215153,0.45420866236543844,0.5354169543541292,supported,ConvNeXtTiny,sigma8_dil7,blur,8.0,7,GON+,
perturbation_sensitivity,od_oc_proxy_minus_matched_random_od_oc,od_oc_proxy_minus_matched_random_od_oc,image,label,gon_label=GON-,198,131,0.6616161616161617,0.3512871634775457,0.09215429611504077,0.46483541236764764,0.28461053527388286,0.415311456764963,supported,ConvNeXtTiny,sigma8_dil7,blur,8.0,7,GON-,
perturbation_sensitivity,od_oc_proxy_minus_matched_random_od_oc,od_oc_proxy_minus_matched_random_od_oc,image,label,gon_label=GON+,547,81,0.1480804387568556,-0.3990722338741755,-0.1137070655822753,0.46788479278150225,-0.43861731439617685,-0.35875489487884277,not_supported,ConvNeXtTiny,sigma8_dil7,gaussian_noise,8.0,7,GON+,
perturbation_sensitivity,od_oc_proxy_minus_matched_random_od_oc,od_oc_proxy_minus_matched_random_od_oc,image,label,gon_label=GON-,198,19,0.09595959595959595,-0.4744606556812483,-0.3736603856086731,0.4603519803767376,-0.5361024978675778,-0.4086669356312302,not_supported,ConvNeXtTiny,sigma8_dil7,gaussian_noise,8.0,7,GON-,
perturbation_sensitivity,od_oc_proxy_minus_matched_random_od_oc,od_oc_proxy_minus_matched_random_od_oc,image,label,gon_label=GON+,547,166,0.30347349177330896,-0.31147681389046583,-0.15524104237556458,0.5615563209007224,-0.3589779658983976,-0.26419763739771496,not_supported,ConvNeXtTiny,sigma8_dil7,mean_fill,8.0,7,GON+,
perturbation_sensitivity,od_oc_proxy_minus_matched_random_od_oc,od_oc_proxy_minus_matched_random_od_oc,image,label,gon_label=GON-,198,53,0.2676767676767677,-0.3221671781857918,-0.1673788148909807,0.5467833529529188,-0.4020749431918378,-0.245913856494285,not_supported,ConvNeXtTiny,sigma8_dil7,mean_fill,8.0,7,GON-,
perturbation_sensitivity,od_oc_proxy_minus_matched_random_od_oc,od_oc_proxy_minus_matched_random_od_oc,image,label,gon_label=GON+,547,295,0.5393053016453382,0.05553075278528823,0.00015173613792290007,0.37569125504180506,0.02576119283088428,0.08686385816650319,supported,EfficientNetB0,sigma12_dil0,blur,12.0,0,GON+,
perturbation_sensitivity,od_oc_proxy_minus_matched_random_od_oc,od_oc_proxy_minus_matched_random_od_oc,image,label,gon_label=GON-,198,56,0.2828282828282828,-0.11332042570863249,-0.02932355615121185,0.2907133139086481,-0.1523344717429508,-0.07211590020699342,not_supported,EfficientNetB0,sigma12_dil0,blur,12.0,0,GON-,
perturbation_sensitivity,od_oc_proxy_minus_matched_random_od_oc,od_oc_proxy_minus_matched_random_od_oc,image,label,gon_label=GON+,547,229,0.4186471663619744,-0.027640803989279712,-0.0211363732814788,0.4081123023100425,-0.06097174837314331,0.005525087613158147,not_supported,EfficientNetB0,sigma12_dil0,gaussian_noise,12.0,0,GON+,
perturbation_sensitivity,od_oc_proxy_minus_matched_random_od_oc,od_oc_proxy_minus_matched_random_od_oc,image,label,gon_label=GON-,198,48,0.24242424242424243,-0.13409088784001905,-0.07143406160230362,0.3308297431610159,-0.17991167896780594,-0.0893603349325167,not_supported,EfficientNetB0,sigma12_dil0,gaussian_noise,12.0,0,GON-,
perturbation_sensitivity,od_oc_proxy_minus_matched_random_od_oc,od_oc_proxy_minus_matched_random_od_oc,image,label,gon_label=GON+,547,351,0.6416819012797075,0.17664194977974443,0.0393873788416384,0.3783486660576767,0.14508572650783524,0.20793850534099764,supported,EfficientNetB0,sigma12_dil0,mean_fill,12.0,0,GON+,
perturbation_sensitivity,od_oc_proxy_minus_matched_random_od_oc,od_oc_proxy_minus_matched_random_od_oc,image,label,gon_label=GON-,198,88,0.4444444444444444,0.029212524160568815,-0.00053794043294171,0.26682442797839107,-0.00728623794599443,0.06546600325262693,directional_only,EfficientNetB0,sigma12_dil0,mean_fill,12.0,0,GON-,
perturbation_sensitivity,od_oc_proxy_minus_matched_random_od_oc,od_oc_proxy_minus_matched_random_od_oc,image,label,gon_label=GON+,547,242,0.4424131627056673,-0.0439633670119863,-0.015915632247924798,0.44494045032781404,-0.0802349855688353,-0.0065997467515441395,not_supported,EfficientNetB0,sigma12_dil14,blur,12.0,14,GON+,
perturbation_sensitivity,od_oc_proxy_minus_matched_random_od_oc,od_oc_proxy_minus_matched_random_od_oc,image,label,gon_label=GON-,198,40,0.20202020202020202,-0.25203306662705915,-0.15613049827516073,0.35420768800792646,-0.29914068611881245,-0.2047577477925882,not_supported,EfficientNetB0,sigma12_dil14,blur,12.0,14,GON-,
perturbation_sensitivity,od_oc_proxy_minus_matched_random_od_oc,od_oc_proxy_minus_matched_random_od_oc,image,label,gon_label=GON+,547,226,0.41316270566727603,-0.05714956193401677,-0.040987469023093595,0.46418512268629164,-0.0950026297030161,-0.019525751370809873,not_supported,EfficientNetB0,sigma12_dil14,gaussian_noise,12.0,14,GON+,
perturbation_sensitivity,od_oc_proxy_minus_matched_random_od_oc,od_oc_proxy_minus_matched_random_od_oc,image,label,gon_label=GON-,198,52,0.26262626262626265,-0.16002948363264663,-0.06550379328473355,0.3953735659314934,-0.2161268377368329,-0.10562971237867526,not_supported,EfficientNetB0,sigma12_dil14,gaussian_noise,12.0,14,GON-,
perturbation_sensitivity,od_oc_proxy_minus_matched_random_od_oc,od_oc_proxy_minus_matched_random_od_oc,image,label,gon_label=GON+,547,341,0.623400365630713,0.15746518557342168,0.09656685590744021,0.4160712496730437,0.12532032464323417,0.19348132982017277,supported,EfficientNetB0,sigma12_dil14,mean_fill,12.0,14,GON+,
perturbation_sensitivity,od_oc_proxy_minus_matched_random_od_oc,od_oc_proxy_minus_matched_random_od_oc,image,label,gon_label=GON-,198,98,0.494949494949495,0.02797782314354307,-5.012340113805456e-05,0.3305262026471807,-0.0165588563090535,0.07393721773086524,directional_only,EfficientNetB0,sigma12_dil14,mean_fill,12.0,14,GON-,
perturbation_sensitivity,od_oc_proxy_minus_matched_random_od_oc,od_oc_proxy_minus_matched_random_od_oc,image,label,gon_label=GON+,547,250,0.4570383912248629,-0.03395067318717785,-0.005118571847560699,0.43612863443563055,-0.07142928899892989,0.002682237731870161,not_supported,EfficientNetB0,sigma12_dil7,blur,12.0,7,GON+,
perturbation_sensitivity,od_oc_proxy_minus_matched_random_od_oc,od_oc_proxy_minus_matched_random_od_oc,image,label,gon_label=GON-,198,51,0.25757575757575757,-0.1984031022006648,-0.08096011381530838,0.3356572711840664,-0.2467792871061723,-0.15544968083967048,not_supported,EfficientNetB0,sigma12_dil7,blur,12.0,7,GON-,
perturbation_sensitivity,od_oc_proxy_minus_matched_random_od_oc,od_oc_proxy_minus_matched_random_od_oc,image,label,gon_label=GON+,547,220,0.40219378427787933,-0.05549414015617218,-0.0483009815216065,0.45862987386535226,-0.09428195520808696,-0.01591356723057481,not_supported,EfficientNetB0,sigma12_dil7,gaussian_noise,12.0,7,GON+,
perturbation_sensitivity,od_oc_proxy_minus_matched_random_od_oc,od_oc_proxy_minus_matched_random_od_oc,image,label,gon_label=GON-,198,53,0.2676767676767677,-0.12809486978668397,-0.06221265525527995,0.3770807752251633,-0.1809864572329199,-0.07491076155732926,not_supported,EfficientNetB0,sigma12_dil7,gaussian_noise,12.0,7,GON-,
perturbation_sensitivity,od_oc_proxy_minus_matched_random_od_oc,od_oc_proxy_minus_matched_random_od_oc,image,label,gon_label=GON+,547,368,0.6727605118829981,0.19648517436010288,0.0920296940312255,0.4072309968074404,0.1629546918907871,0.23046724102518276,supported,EfficientNetB0,sigma12_dil7,mean_fill,12.0,7,GON+,
perturbation_sensitivity,od_oc_proxy_minus_matched_random_od_oc,od_oc_proxy_minus_matched_random_od_oc,image,label,gon_label=GON-,198,102,0.5151515151515151,0.04727593879763411,0.0002157269033915325,0.3402766981874715,0.002942007006215181,0.09346979230074604,supported,EfficientNetB0,sigma12_dil7,mean_fill,12.0,7,GON-,
perturbation_sensitivity,od_oc_proxy_minus_matched_random_od_oc,od_oc_proxy_minus_matched_random_od_oc,image,label,gon_label=GON+,547,278,0.5082266910420475,0.04204165177640415,4.647357854992151e-06,0.332879692370956,0.014251358757588501,0.07035637379776,supported,EfficientNetB0,sigma4_dil0,blur,4.0,0,GON+,
perturbation_sensitivity,od_oc_proxy_minus_matched_random_od_oc,od_oc_proxy_minus_matched_random_od_oc,image,label,gon_label=GON-,198,69,0.3484848484848485,-0.06643518326625138,-0.007078602764522586,0.24148358888796456,-0.10010007138741311,-0.0336699229587717,not_supported,EfficientNetB0,sigma4_dil0,blur,4.0,0,GON-,
perturbation_sensitivity,od_oc_proxy_minus_matched_random_od_oc,od_oc_proxy_minus_matched_random_od_oc,image,label,gon_label=GON+,547,230,0.42047531992687387,-0.03136758710293165,-0.017774060368537896,0.4132383780557631,-0.06709616061776465,0.0030720866327610687,not_supported,EfficientNetB0,sigma4_dil0,gaussian_noise,4.0,0,GON+,
perturbation_sensitivity,od_oc_proxy_minus_matched_random_od_oc,od_oc_proxy_minus_matched_random_od_oc,image,label,gon_label=GON-,198,46,0.23232323232323232,-0.15838008901289993,-0.08429431449621919,0.3111959395615285,-0.20346398380094471,-0.11723042793569159,not_supported,EfficientNetB0,sigma4_dil0,gaussian_noise,4.0,0,GON-,
perturbation_sensitivity,od_oc_proxy_minus_matched_random_od_oc,od_oc_proxy_minus_matched_random_od_oc,image,label,gon_label=GON+,547,359,0.6563071297989032,0.1726278079509913,0.0603087171912193,0.38842636985543955,0.13989736646024398,0.20395972507240667,supported,EfficientNetB0,sigma4_dil0,mean_fill,4.0,0,GON+,
perturbation_sensitivity,od_oc_proxy_minus_matched_random_od_oc,od_oc_proxy_minus_matched_random_od_oc,image,label,gon_label=GON-,198,89,0.4494949494949495,0.023326171254167177,-0.0006192765413288664,0.30213197635520866,-0.01783308745032746,0.06496144131010424,directional_only,EfficientNetB0,sigma4_dil0,mean_fill,4.0,0,GON-,
perturbation_sensitivity,od_oc_proxy_minus_matched_random_od_oc,od_oc_proxy_minus_matched_random_od_oc,image,label,gon_label=GON+,547,245,0.44789762340036565,0.04296278320963637,-0.0025375159457326005,0.4054151200431088,0.007944490150881223,0.07722171929361801,supported,EfficientNetB0,sigma4_dil14,blur,4.0,14,GON+,
perturbation_sensitivity,od_oc_proxy_minus_matched_random_od_oc,od_oc_proxy_minus_matched_random_od_oc,image,label,gon_label=GON-,198,48,0.24242424242424243,-0.12169854663400523,-0.0463026380166411,0.30707636786038034,-0.1647183672032695,-0.07981340307824483,not_supported,EfficientNetB0,sigma4_dil14,blur,4.0,14,GON-,
perturbation_sensitivity,od_oc_proxy_minus_matched_random_od_oc,od_oc_proxy_minus_matched_random_od_oc,image,label,gon_label=GON+,547,223,0.4076782449725777,-0.0586260304548203,-0.0517459313221024,0.4546096758835344,-0.09812302135744967,-0.019271131576347685,not_supported,EfficientNetB0,sigma4_dil14,gaussian_noise,4.0,14,GON+,
perturbation_sensitivity,od_oc_proxy_minus_matched_random_od_oc,od_oc_proxy_minus_matched_random_od_oc,image,label,gon_label=GON-,198,55,0.2777777777777778,-0.1336180267794934,-0.063371866941452,0.41457974763562927,-0.19194524838249255,-0.07698812955637192,not_supported,EfficientNetB0,sigma4_dil14,gaussian_noise,4.0,14,GON-,
perturbation_sensitivity,od_oc_proxy_minus_matched_random_od_oc,od_oc_proxy_minus_matched_random_od_oc,image,label,gon_label=GON+,547,345,0.6307129798903108,0.15071543364505854,0.07294187694787979,0.41026535233101796,0.11517495970199725,0.18543820253213905,supported,EfficientNetB0,sigma4_dil14,mean_fill,4.0,14,GON+,
perturbation_sensitivity,od_oc_proxy_minus_matched_random_od_oc,od_oc_proxy_minus_matched_random_od_oc,image,label,gon_label=GON-,198,109,0.5505050505050505,0.04755981033233728,0.0176937591168098,0.35616830960803664,-0.002262784728123968,0.09752128053317446,directional_only,EfficientNetB0,sigma4_dil14,mean_fill,4.0,14,GON-,
perturbation_sensitivity,od_oc_proxy_minus_matched_random_od_oc,od_oc_proxy_minus_matched_random_od_oc,image,label,gon_label=GON+,547,281,0.5137111517367459,0.08341599119509159,0.0005951457715127999,0.380187086630888,0.05230222412734014,0.11580553130663593,supported,EfficientNetB0,sigma4_dil7,blur,4.0,7,GON+,
perturbation_sensitivity,od_oc_proxy_minus_matched_random_od_oc,od_oc_proxy_minus_matched_random_od_oc,image,label,gon_label=GON-,198,59,0.29797979797979796,-0.07305016213938408,-0.023110271261025127,0.28690250523742467,-0.1145898308622341,-0.0330069128250418,not_supported,EfficientNetB0,sigma4_dil7,blur,4.0,7,GON-,
perturbation_sensitivity,od_oc_proxy_minus_matched_random_od_oc,od_oc_proxy_minus_matched_random_od_oc,image,label,gon_label=GON+,547,237,0.43327239488117003,-0.030217955038907892,-0.02502677848679,0.450692876067029,-0.06873741364605349,0.005857715479672179,not_supported,EfficientNetB0,sigma4_dil7,gaussian_noise,4.0,7,GON+,
perturbation_sensitivity,od_oc_proxy_minus_matched_random_od_oc,od_oc_proxy_minus_matched_random_od_oc,image,label,gon_label=GON-,198,47,0.23737373737373738,-0.14365976894256494,-0.06340265806217438,0.39274547609910376,-0.20070836589016822,-0.09050919746023996,not_supported,EfficientNetB0,sigma4_dil7,gaussian_noise,4.0,7,GON-,
perturbation_sensitivity,od_oc_proxy_minus_matched_random_od_oc,od_oc_proxy_minus_matched_random_od_oc,image,label,gon_label=GON+,547,377,0.6892138939670932,0.21265884149430267,0.11537180468440039,0.4157602070528192,0.17589862632349326,0.24745680575762227,supported,EfficientNetB0,sigma4_dil7,mean_fill,4.0,7,GON+,
perturbation_sensitivity,od_oc_proxy_minus_matched_random_od_oc,od_oc_proxy_minus_matched_random_od_oc,image,label,gon_label=GON-,198,97,0.4898989898989899,0.029030350393677663,-0.00017914914462828515,0.3354135226946633,-0.016554475416242137,0.07257321043866788,directional_only,EfficientNetB0,sigma4_dil7,mean_fill,4.0,7,GON-,
perturbation_sensitivity,od_oc_proxy_minus_matched_random_od_oc,od_oc_proxy_minus_matched_random_od_oc,image,label,gon_label=GON+,547,259,0.473491773308958,0.002964516332108657,-0.00017890767765038225,0.37973964553166867,-0.028280496244737267,0.03557808968585056,directional_only,EfficientNetB0,sigma8_dil0,blur,8.0,0,GON+,
perturbation_sensitivity,od_oc_proxy_minus_matched_random_od_oc,od_oc_proxy_minus_matched_random_od_oc,image,label,gon_label=GON-,198,58,0.29292929292929293,-0.12153326063082955,-0.03709211610839705,0.27703995251409774,-0.1621399702321116,-0.08395474225544383,not_supported,EfficientNetB0,sigma8_dil0,blur,8.0,0,GON-,
perturbation_sensitivity,od_oc_proxy_minus_matched_random_od_oc,od_oc_proxy_minus_matched_random_od_oc,image,label,gon_label=GON+,547,220,0.40219378427787933,-0.026520661369287775,-0.0218542814254759,0.41520361728762195,-0.058987884908003274,0.008504284267079847,not_supported,EfficientNetB0,sigma8_dil0,gaussian_noise,8.0,0,GON+,
perturbation_sensitivity,od_oc_proxy_minus_matched_random_od_oc,od_oc_proxy_minus_matched_random_od_oc,image,label,gon_label=GON-,198,50,0.25252525252525254,-0.14153303283368052,-0.062289093679282745,0.33139021727501994,-0.1884172816664656,-0.0963703533679565,not_supported,EfficientNetB0,sigma8_dil0,gaussian_noise,8.0,0,GON-,
perturbation_sensitivity,od_oc_proxy_minus_matched_random_od_oc,od_oc_proxy_minus_matched_random_od_oc,image,label,gon_label=GON+,547,335,0.6124314442413162,0.16568714985928648,0.026411771774292003,0.3954354237964645,0.13108881656704802,0.19860508428115214,supported,EfficientNetB0,sigma8_dil0,mean_fill,8.0,0,GON+,
perturbation_sensitivity,od_oc_proxy_minus_matched_random_od_oc,od_oc_proxy_minus_matched_random_od_oc,image,label,gon_label=GON-,198,96,0.48484848484848486,0.05561297016385119,-1.097672793546997e-05,0.31402766272020327,0.012971133411999377,0.1010917677579257,supported,EfficientNetB0,sigma8_dil0,mean_fill,8.0,0,GON-,
perturbation_sensitivity,od_oc_proxy_minus_matched_random_od_oc,od_oc_proxy_minus_matched_random_od_oc,image,label,gon_label=GON+,547,235,0.4296160877513711,0.002733495015038384,-0.014907557517290095,0.4435006445071085,-0.03291832414116928,0.03947627508081428,directional_only,EfficientNetB0,sigma8_dil14,blur,8.0,14,GON+,
perturbation_sensitivity,od_oc_proxy_minus_matched_random_od_oc,od_oc_proxy_minus_matched_random_od_oc,image,label,gon_label=GON-,198,47,0.23737373737373738,-0.18803790236918197,-0.09037159394802076,0.33641637054130086,-0.23654646759529682,-0.14209499678650717,not_supported,EfficientNetB0,sigma8_dil14,blur,8.0,14,GON-,
perturbation_sensitivity,od_oc_proxy_minus_matched_random_od_oc,od_oc_proxy_minus_matched_random_od_oc,image,label,gon_label=GON+,547,228,0.41681901279707495,-0.046911819863873896,-0.0384856015443802,0.44200037068535347,-0.08475283842420547,-0.00917684842701989,not_supported,EfficientNetB0,sigma8_dil14,gaussian_noise,8.0,14,GON+,
perturbation_sensitivity,od_oc_proxy_minus_matched_random_od_oc,od_oc_proxy_minus_matched_random_od_oc,image,label,gon_label=GON-,198,54,0.2727272727272727,-0.1436711083428762,-0.07232453904919108,0.40953831839031035,-0.2007146378528603,-0.08853916904549566,not_supported,EfficientNetB0,sigma8_dil14,gaussian_noise,8.0,14,GON-,
perturbation_sensitivity,od_oc_proxy_minus_matched_random_od_oc,od_oc_proxy_minus_matched_random_od_oc,image,label,gon_label=GON+,547,346,0.6325411334552102,0.14505069471956158,0.06753171549644321,0.3995631059877168,0.11106694253914542,0.1779274290060819,supported,EfficientNetB0,sigma8_dil14,mean_fill,8.0,14,GON+,
perturbation_sensitivity,od_oc_proxy_minus_matched_random_od_oc,od_oc_proxy_minus_matched_random_od_oc,image,label,gon_label=GON-,198,107,0.5404040404040404,0.03942011594871654,0.0137617672517081,0.3520199323646469,-0.009838874470216448,0.09010460848499462,directional_only,EfficientNetB0,sigma8_dil14,mean_fill,8.0,14,GON-,
perturbation_sensitivity,od_oc_proxy_minus_matched_random_od_oc,od_oc_proxy_minus_matched_random_od_oc,image,label,gon_label=GON+,547,244,0.4460694698354662,-0.008661814604629729,-0.0057234987616539,0.4238138146310215,-0.04400949764695743,0.027451352183057963,not_supported,EfficientNetB0,sigma8_dil7,blur,8.0,7,GON+,
perturbation_sensitivity,od_oc_proxy_minus_matched_random_od_oc,od_oc_proxy_minus_matched_random_od_oc,image,label,gon_label=GON-,198,47,0.23737373737373738,-0.1564954850899942,-0.06507646493306643,0.3116501535703463,-0.19663666440531455,-0.11470235519584931,not_supported,EfficientNetB0,sigma8_dil7,blur,8.0,7,GON-,
perturbation_sensitivity,od_oc_proxy_minus_matched_random_od_oc,od_oc_proxy_minus_matched_random_od_oc,image,label,gon_label=GON+,547,229,0.4186471663619744,-0.03467542694720836,-0.0295268960176144,0.4476576637487559,-0.07248332121681732,0.0023223459276404796,not_supported,EfficientNetB0,sigma8_dil7,gaussian_noise,8.0,7,GON+,
perturbation_sensitivity,od_oc_proxy_minus_matched_random_od_oc,od_oc_proxy_minus_matched_random_od_oc,image,label,gon_label=GON-,198,59,0.29797979797979796,-0.1482654566094436,-0.060282238759100396,0.37805231040995896,-0.2011116980556377,-0.09700771116701615,not_supported,EfficientNetB0,sigma8_dil7,gaussian_noise,8.0,7,GON-,
perturbation_sensitivity,od_oc_proxy_minus_matched_random_od_oc,od_oc_proxy_minus_matched_random_od_oc,image,label,gon_label=GON+,547,373,0.6819012797074955,0.20294717860185782,0.0966279763088096,0.41398157420926834,0.16781735032587136,0.23703012417524785,supported,EfficientNetB0,sigma8_dil7,mean_fill,8.0,7,GON+,
perturbation_sensitivity,od_oc_proxy_minus_matched_random_od_oc,od_oc_proxy_minus_matched_random_od_oc,image,label,gon_label=GON-,198,102,0.5151515151515151,0.04870359275584831,0.0026184832677245496,0.3451043201021223,0.0019823925566986996,0.0964774918488274,supported,EfficientNetB0,sigma8_dil7,mean_fill,8.0,7,GON-,
perturbation_sensitivity,od_oc_proxy_minus_matched_random_od_oc,od_oc_proxy_minus_matched_random_od_oc,patient,label,gon_label=GON+,186,167,0.8978494623655914,0.43743383363765315,0.47859631961910054,0.34818516520502224,0.38735166517111463,0.4887817671551384,supported,ConvNeXtTiny,sigma12_dil0,blur,12.0,0,GON+,
perturbation_sensitivity,od_oc_proxy_minus_matched_random_od_oc,od_oc_proxy_minus_matched_random_od_oc,patient,label,gon_label=GON-,102,79,0.7745098039215687,0.35110615608184453,0.2891708791721612,0.4250063265943111,0.26581305340919614,0.4315857070212519,supported,ConvNeXtTiny,sigma12_dil0,blur,12.0,0,GON-,
perturbation_sensitivity,od_oc_proxy_minus_matched_random_od_oc,od_oc_proxy_minus_matched_random_od_oc,patient,label,gon_label=GON+,186,108,0.5806451612903226,0.015327573548018007,0.0013298685662448053,0.36555566637943027,-0.035381706891014476,0.0684021242774892,directional_only,ConvNeXtTiny,sigma12_dil0,gaussian_noise,12.0,0,GON+,
perturbation_sensitivity,od_oc_proxy_minus_matched_random_od_oc,od_oc_proxy_minus_matched_random_od_oc,patient,label,gon_label=GON-,102,32,0.3137254901960784,-0.18010584357554962,-0.04921035899800093,0.41865494873647274,-0.2622626375238246,-0.0982374189271223,not_supported,ConvNeXtTiny,sigma12_dil0,gaussian_noise,12.0,0,GON-,
perturbation_sensitivity,od_oc_proxy_minus_matched_random_od_oc,od_oc_proxy_minus_matched_random_od_oc,patient,label,gon_label=GON+,186,110,0.5913978494623656,0.1096589133530341,0.011127531528472874,0.4169141863286613,0.04913215090555037,0.17121146352940442,supported,ConvNeXtTiny,sigma12_dil0,mean_fill,12.0,0,GON+,
perturbation_sensitivity,od_oc_proxy_minus_matched_random_od_oc,od_oc_proxy_minus_matched_random_od_oc,patient,label,gon_label=GON-,102,53,0.5196078431372549,0.08043379026711549,0.0004634875804185208,0.44697655615627385,-0.005118844434881988,0.16885599172973667,directional_only,ConvNeXtTiny,sigma12_dil0,mean_fill,12.0,0,GON-,
perturbation_sensitivity,od_oc_proxy_minus_matched_random_od_oc,od_oc_proxy_minus_matched_random_od_oc,patient,label,gon_label=GON+,186,165,0.8870967741935484,0.5212279824022972,0.49659903754945844,0.3688144040732738,0.46884980676281834,0.5742332378529507,supported,ConvNeXtTiny,sigma12_dil14,blur,12.0,14,GON+,
perturbation_sensitivity,od_oc_proxy_minus_matched_random_od_oc,od_oc_proxy_minus_matched_random_od_oc,patient,label,gon_label=GON-,102,80,0.7843137254901961,0.40770272241443073,0.4406164549291134,0.36057241926795686,0.3340307957943715,0.47749246015118596,supported,ConvNeXtTiny,sigma12_dil14,blur,12.0,14,GON-,
perturbation_sensitivity,od_oc_proxy_minus_matched_random_od_oc,od_oc_proxy_minus_matched_random_od_oc,patient,label,gon_label=GON+,186,9,0.04838709677419355,-0.5325571294015222,-0.500998885370791,0.3945785631423856,-0.5903169514340849,-0.47492559361503073,not_supported,ConvNeXtTiny,sigma12_dil14,gaussian_noise,12.0,14,GON+,
perturbation_sensitivity,od_oc_proxy_minus_matched_random_od_oc,od_oc_proxy_minus_matched_random_od_oc,patient,label,gon_label=GON-,102,4,0.0392156862745098,-0.5459200576881946,-0.5201402837745566,0.37684939529325107,-0.6178039245781897,-0.4747354645352696,not_supported,ConvNeXtTiny,sigma12_dil14,gaussian_noise,12.0,14,GON-,
perturbation_sensitivity,od_oc_proxy_minus_matched_random_od_oc,od_oc_proxy_minus_matched_random_od_oc,patient,label,gon_label=GON+,186,16,0.08602150537634409,-0.5790580524276685,-0.6399788460694253,0.3649354123827503,-0.6320840418386733,-0.5237487943542992,not_supported,ConvNeXtTiny,sigma12_dil14,mean_fill,12.0,14,GON+,
perturbation_sensitivity,od_oc_proxy_minus_matched_random_od_oc,od_oc_proxy_minus_matched_random_od_oc,patient,label,gon_label=GON-,102,17,0.16666666666666666,-0.43906206244577795,-0.5014025683049113,0.45077377145541253,-0.5250344041562176,-0.3480138881320804,not_supported,ConvNeXtTiny,sigma12_dil14,mean_fill,12.0,14,GON-,
perturbation_sensitivity,od_oc_proxy_minus_matched_random_od_oc,od_oc_proxy_minus_matched_random_od_oc,patient,label,gon_label=GON+,186,158,0.8494623655913979,0.4088629178767346,0.4350697194049644,0.3728533092297638,0.35769689227500395,0.4618002773011383,supported,ConvNeXtTiny,sigma12_dil7,blur,12.0,7,GON+,
perturbation_sensitivity,od_oc_proxy_minus_matched_random_od_oc,od_oc_proxy_minus_matched_random_od_oc,patient,label,gon_label=GON-,102,79,0.7745098039215687,0.3128373541423951,0.23857688251882786,0.356937755454945,0.24720813185697338,0.38194603340123623,supported,ConvNeXtTiny,sigma12_dil7,blur,12.0,7,GON-,
perturbation_sensitivity,od_oc_proxy_minus_matched_random_od_oc,od_oc_proxy_minus_matched_random_od_oc,patient,label,gon_label=GON+,186,14,0.07526881720430108,-0.4053975569924954,-0.38614633179531666,0.4044844762328944,-0.4627214974836989,-0.3486136884139298,not_supported,ConvNeXtTiny,sigma12_dil7,gaussian_noise,12.0,7,GON+,
perturbation_sensitivity,od_oc_proxy_minus_matched_random_od_oc,od_oc_proxy_minus_matched_random_od_oc,patient,label,gon_label=GON-,102,5,0.049019607843137254,-0.42053620661031904,-0.3927018465474248,0.37772697544513917,-0.49361608792025813,-0.34839569721952773,not_supported,ConvNeXtTiny,sigma12_dil7,gaussian_noise,12.0,7,GON-,
perturbation_sensitivity,od_oc_proxy_minus_matched_random_od_oc,od_oc_proxy_minus_matched_random_od_oc,patient,label,gon_label=GON+,186,39,0.20967741935483872,-0.33574455972166145,-0.35989611339755356,0.37966732406462844,-0.38941324524328425,-0.2804268194253484,not_supported,ConvNeXtTiny,sigma12_dil7,mean_fill,12.0,7,GON+,
perturbation_sensitivity,od_oc_proxy_minus_matched_random_od_oc,od_oc_proxy_minus_matched_random_od_oc,patient,label,gon_label=GON-,102,24,0.23529411764705882,-0.28791042134882705,-0.1996823909576051,0.43082888671654435,-0.37297282208637983,-0.1988084955911791,not_supported,ConvNeXtTiny,sigma12_dil7,mean_fill,12.0,7,GON-,
perturbation_sensitivity,od_oc_proxy_minus_matched_random_od_oc,od_oc_proxy_minus_matched_random_od_oc,patient,label,gon_label=GON+,186,165,0.8870967741935484,0.30757185649283864,0.27456343974918124,0.3077112914862381,0.26353560662186576,0.35114306712181403,supported,ConvNeXtTiny,sigma4_dil0,blur,4.0,0,GON+,
perturbation_sensitivity,od_oc_proxy_minus_matched_random_od_oc,od_oc_proxy_minus_matched_random_od_oc,patient,label,gon_label=GON-,102,71,0.696078431372549,0.2962316875792775,0.23186109500481206,0.38090095320955936,0.22588179364453626,0.37027996380192485,supported,ConvNeXtTiny,sigma4_dil0,blur,4.0,0,GON-,
perturbation_sensitivity,od_oc_proxy_minus_matched_random_od_oc,od_oc_proxy_minus_matched_random_od_oc,patient,label,gon_label=GON+,186,106,0.5698924731182796,0.03608530910197444,0.0015905471518635889,0.3710188174010785,-0.01508091589397632,0.08739982593601091,directional_only,ConvNeXtTiny,sigma4_dil0,gaussian_noise,4.0,0,GON+,
perturbation_sensitivity,od_oc_proxy_minus_matched_random_od_oc,od_oc_proxy_minus_matched_random_od_oc,patient,label,gon_label=GON-,102,26,0.2549019607843137,-0.2302838236133616,-0.07464696187525986,0.40648052525748873,-0.3068897950454276,-0.1506485034183181,not_supported,ConvNeXtTiny,sigma4_dil0,gaussian_noise,4.0,0,GON-,
perturbation_sensitivity,od_oc_proxy_minus_matched_random_od_oc,od_oc_proxy_minus_matched_random_od_oc,patient,label,gon_label=GON+,186,115,0.6182795698924731,0.12761570690210983,0.0287275478642966,0.42266548571201107,0.06867280549523609,0.19150834768338973,supported,ConvNeXtTiny,sigma4_dil0,mean_fill,4.0,0,GON+,
perturbation_sensitivity,od_oc_proxy_minus_matched_random_od_oc,od_oc_proxy_minus_matched_random_od_oc,patient,label,gon_label=GON-,102,46,0.45098039215686275,0.06382625640243847,-0.0007229051552713264,0.4646057522599331,-0.02627613429263593,0.15714998023507157,directional_only,ConvNeXtTiny,sigma4_dil0,mean_fill,4.0,0,GON-,
perturbation_sensitivity,od_oc_proxy_minus_matched_random_od_oc,od_oc_proxy_minus_matched_random_od_oc,patient,label,gon_label=GON+,186,170,0.9139784946236559,0.5756164068754579,0.6093740954046705,0.3590846670915773,0.5272075144976668,0.6267349589133979,supported,ConvNeXtTiny,sigma4_dil14,blur,4.0,14,GON+,
perturbation_sensitivity,od_oc_proxy_minus_matched_random_od_oc,od_oc_proxy_minus_matched_random_od_oc,patient,label,gon_label=GON-,102,84,0.8235294117647058,0.4525776661523,0.439754024031572,0.3722954078274927,0.3796362934199484,0.5243997228822477,supported,ConvNeXtTiny,sigma4_dil14,blur,4.0,14,GON-,
perturbation_sensitivity,od_oc_proxy_minus_matched_random_od_oc,od_oc_proxy_minus_matched_random_od_oc,patient,label,gon_label=GON+,186,16,0.08602150537634409,-0.5083532857648282,-0.5547526021643232,0.37913685468367664,-0.5617452262912418,-0.4550532651439762,not_supported,ConvNeXtTiny,sigma4_dil14,gaussian_noise,4.0,14,GON+,
perturbation_sensitivity,od_oc_proxy_minus_matched_random_od_oc,od_oc_proxy_minus_matched_random_od_oc,patient,label,gon_label=GON-,102,8,0.0784313725490196,-0.4598287322751106,-0.48459091037511826,0.41321576665769466,-0.5343988722800792,-0.3788868089410908,not_supported,ConvNeXtTiny,sigma4_dil14,gaussian_noise,4.0,14,GON-,
perturbation_sensitivity,od_oc_proxy_minus_matched_random_od_oc,od_oc_proxy_minus_matched_random_od_oc,patient,label,gon_label=GON+,186,16,0.08602150537634409,-0.6051263554568265,-0.6484631968584532,0.3344433893560369,-0.6504848302745994,-0.5552560546544942,not_supported,ConvNeXtTiny,sigma4_dil14,mean_fill,4.0,14,GON+,
perturbation_sensitivity,od_oc_proxy_minus_matched_random_od_oc,od_oc_proxy_minus_matched_random_od_oc,patient,label,gon_label=GON-,102,17,0.16666666666666666,-0.408802667243383,-0.4838324072989053,0.42059878733190426,-0.48949356455424076,-0.3289394842002242,not_supported,ConvNeXtTiny,sigma4_dil14,mean_fill,4.0,14,GON-,
perturbation_sensitivity,od_oc_proxy_minus_matched_random_od_oc,od_oc_proxy_minus_matched_random_od_oc,patient,label,gon_label=GON+,186,171,0.9193548387096774,0.5375697579084237,0.5557405005674809,0.35774973387093945,0.4861520962327009,0.5879779460615571,supported,ConvNeXtTiny,sigma4_dil7,blur,4.0,7,GON+,
perturbation_sensitivity,od_oc_proxy_minus_matched_random_od_oc,od_oc_proxy_minus_matched_random_od_oc,patient,label,gon_label=GON-,102,78,0.7647058823529411,0.39104762923143427,0.3790192967871917,0.39463299277242536,0.3146252380323406,0.466902306431001,supported,ConvNeXtTiny,sigma4_dil7,blur,4.0,7,GON-,
perturbation_sensitivity,od_oc_proxy_minus_matched_random_od_oc,od_oc_proxy_minus_matched_random_od_oc,patient,label,gon_label=GON+,186,22,0.11827956989247312,-0.37542474945435206,-0.3447327864622431,0.3780982176474855,-0.43231430099661333,-0.3209462770900618,not_supported,ConvNeXtTiny,sigma4_dil7,gaussian_noise,4.0,7,GON+,
perturbation_sensitivity,od_oc_proxy_minus_matched_random_od_oc,od_oc_proxy_minus_matched_random_od_oc,patient,label,gon_label=GON-,102,5,0.049019607843137254,-0.46076160058124416,-0.48858443833887577,0.38127371018127393,-0.534713054173104,-0.3888460202182682,not_supported,ConvNeXtTiny,sigma4_dil7,gaussian_noise,4.0,7,GON-,
perturbation_sensitivity,od_oc_proxy_minus_matched_random_od_oc,od_oc_proxy_minus_matched_random_od_oc,patient,label,gon_label=GON+,186,38,0.20430107526881722,-0.3481271547509428,-0.3678871685018142,0.4062365640079361,-0.40349638929789516,-0.2908545123917741,not_supported,ConvNeXtTiny,sigma4_dil7,mean_fill,4.0,7,GON+,
perturbation_sensitivity,od_oc_proxy_minus_matched_random_od_oc,od_oc_proxy_minus_matched_random_od_oc,patient,label,gon_label=GON-,102,25,0.24509803921568626,-0.266574316867179,-0.24935879973539463,0.43226501562801334,-0.34746554803346374,-0.17937387666506874,not_supported,ConvNeXtTiny,sigma4_dil7,mean_fill,4.0,7,GON-,
perturbation_sensitivity,od_oc_proxy_minus_matched_random_od_oc,od_oc_proxy_minus_matched_random_od_oc,patient,label,gon_label=GON+,186,159,0.8548387096774194,0.3168791455757364,0.2694088312675831,0.33380807519452893,0.2668361100089722,0.3650347466022377,supported,ConvNeXtTiny,sigma8_dil0,blur,8.0,0,GON+,
perturbation_sensitivity,od_oc_proxy_minus_matched_random_od_oc,od_oc_proxy_minus_matched_random_od_oc,patient,label,gon_label=GON-,102,76,0.7450980392156863,0.2865237771284276,0.22599010750612555,0.3830284990882875,0.21557864173244276,0.3604388311937051,supported,ConvNeXtTiny,sigma8_dil0,blur,8.0,0,GON-,
perturbation_sensitivity,od_oc_proxy_minus_matched_random_od_oc,od_oc_proxy_minus_matched_random_od_oc,patient,label,gon_label=GON+,186,101,0.543010752688172,0.012227852065157783,0.0017486219294369216,0.3748227712133799,-0.042485763877310165,0.06355134218385751,directional_only,ConvNeXtTiny,sigma8_dil0,gaussian_noise,8.0,0,GON+,
perturbation_sensitivity,od_oc_proxy_minus_matched_random_od_oc,od_oc_proxy_minus_matched_random_od_oc,patient,label,gon_label=GON-,102,29,0.28431372549019607,-0.20323949688832083,-0.048295199871063205,0.3795200672002223,-0.2771405258359237,-0.13180738476670922,not_supported,ConvNeXtTiny,sigma8_dil0,gaussian_noise,8.0,0,GON-,
perturbation_sensitivity,od_oc_proxy_minus_matched_random_od_oc,od_oc_proxy_minus_matched_random_od_oc,patient,label,gon_label=GON+,186,109,0.5860215053763441,0.09858080805208708,0.015379730146378279,0.38781246928140967,0.0450689255524321,0.1552943396541792,supported,ConvNeXtTiny,sigma8_dil0,mean_fill,8.0,0,GON+,
perturbation_sensitivity,od_oc_proxy_minus_matched_random_od_oc,od_oc_proxy_minus_matched_random_od_oc,patient,label,gon_label=GON-,102,54,0.5294117647058824,0.09029439567551462,0.0057018771985895556,0.4495949569822359,0.0024821629276246832,0.17510248055830177,supported,ConvNeXtTiny,sigma8_dil0,mean_fill,8.0,0,GON-,
perturbation_sensitivity,od_oc_proxy_minus_matched_random_od_oc,od_oc_proxy_minus_matched_random_od_oc,patient,label,gon_label=GON+,186,170,0.9139784946236559,0.5706169544560047,0.6049106915791829,0.3692669412623428,0.518105060659087,0.6237318655283655,supported,ConvNeXtTiny,sigma8_dil14,blur,8.0,14,GON+,
perturbation_sensitivity,od_oc_proxy_minus_matched_random_od_oc,od_oc_proxy_minus_matched_random_od_oc,patient,label,gon_label=GON-,102,81,0.7941176470588235,0.45607064499067773,0.47616562433540816,0.39029549931790686,0.3767714020613701,0.5320714835598804,supported,ConvNeXtTiny,sigma8_dil14,blur,8.0,14,GON-,
perturbation_sensitivity,od_oc_proxy_minus_matched_random_od_oc,od_oc_proxy_minus_matched_random_od_oc,patient,label,gon_label=GON+,186,9,0.04838709677419355,-0.5136917878929634,-0.4983653927774867,0.38222625754302464,-0.5689453101331808,-0.45901420474991655,not_supported,ConvNeXtTiny,sigma8_dil14,gaussian_noise,8.0,14,GON+,
perturbation_sensitivity,od_oc_proxy_minus_matched_random_od_oc,od_oc_proxy_minus_matched_random_od_oc,patient,label,gon_label=GON-,102,2,0.0196078431372549,-0.5118570896877844,-0.5014366226454512,0.37616079036851807,-0.5868293690482491,-0.4363491987818608,not_supported,ConvNeXtTiny,sigma8_dil14,gaussian_noise,8.0,14,GON-,
perturbation_sensitivity,od_oc_proxy_minus_matched_random_od_oc,od_oc_proxy_minus_matched_random_od_oc,patient,label,gon_label=GON+,186,19,0.10215053763440861,-0.5711087346356116,-0.6314490178599954,0.3753249994836538,-0.6264369003016383,-0.5186950680556018,not_supported,ConvNeXtTiny,sigma8_dil14,mean_fill,8.0,14,GON+,
perturbation_sensitivity,od_oc_proxy_minus_matched_random_od_oc,od_oc_proxy_minus_matched_random_od_oc,patient,label,gon_label=GON-,102,14,0.13725490196078433,-0.4574005687174017,-0.5041425840827286,0.4463231928615324,-0.543417917530629,-0.36672519991868413,not_supported,ConvNeXtTiny,sigma8_dil14,mean_fill,8.0,14,GON-,
perturbation_sensitivity,od_oc_proxy_minus_matched_random_od_oc,od_oc_proxy_minus_matched_random_od_oc,patient,label,gon_label=GON+,186,169,0.9086021505376344,0.47669492096933375,0.48504933901131153,0.36106131006878706,0.42326302686806494,0.5327375117349776,supported,ConvNeXtTiny,sigma8_dil7,blur,8.0,7,GON+,
perturbation_sensitivity,od_oc_proxy_minus_matched_random_od_oc,od_oc_proxy_minus_matched_random_od_oc,patient,label,gon_label=GON-,102,76,0.7450980392156863,0.365210267891179,0.3503867608184616,0.38828088385921333,0.2877494093429894,0.4368070163877296,supported,ConvNeXtTiny,sigma8_dil7,blur,8.0,7,GON-,
perturbation_sensitivity,od_oc_proxy_minus_matched_random_od_oc,od_oc_proxy_minus_matched_random_od_oc,patient,label,gon_label=GON+,186,19,0.10215053763440861,-0.39983757819776555,-0.3582924420801039,0.3974660093291418,-0.4571823670346277,-0.3419542980997392,not_supported,ConvNeXtTiny,sigma8_dil7,gaussian_noise,8.0,7,GON+,
perturbation_sensitivity,od_oc_proxy_minus_matched_random_od_oc,od_oc_proxy_minus_matched_random_od_oc,patient,label,gon_label=GON-,102,3,0.029411764705882353,-0.4765478866398398,-0.4921261523850262,0.3827385442262467,-0.5515605095346059,-0.40653129345297667,not_supported,ConvNeXtTiny,sigma8_dil7,gaussian_noise,8.0,7,GON-,
perturbation_sensitivity,od_oc_proxy_minus_matched_random_od_oc,od_oc_proxy_minus_matched_random_od_oc,patient,label,gon_label=GON+,186,38,0.20430107526881722,-0.3366748212034319,-0.3630503922700882,0.38806368743618774,-0.3929845949697198,-0.2782420616652495,not_supported,ConvNeXtTiny,sigma8_dil7,mean_fill,8.0,7,GON+,
perturbation_sensitivity,od_oc_proxy_minus_matched_random_od_oc,od_oc_proxy_minus_matched_random_od_oc,patient,label,gon_label=GON-,102,20,0.19607843137254902,-0.3100499692872344,-0.342247085449344,0.454865046773112,-0.39430502835075726,-0.2209711176276536,not_supported,ConvNeXtTiny,sigma8_dil7,mean_fill,8.0,7,GON-,
perturbation_sensitivity,od_oc_proxy_minus_matched_random_od_oc,od_oc_proxy_minus_matched_random_od_oc,patient,label,gon_label=GON+,186,101,0.543010752688172,0.05674795550549889,0.012562339984901881,0.3010111916239781,0.012026344867213004,0.1010547370725744,supported,EfficientNetB0,sigma12_dil0,blur,12.0,0,GON+,
perturbation_sensitivity,od_oc_proxy_minus_matched_random_od_oc,od_oc_proxy_minus_matched_random_od_oc,patient,label,gon_label=GON-,102,25,0.24509803921568626,-0.09657746670782599,-0.05543699261140719,0.24193457674754476,-0.1440228117638064,-0.050932233470092694,not_supported,EfficientNetB0,sigma12_dil0,blur,12.0,0,GON-,
perturbation_sensitivity,od_oc_proxy_minus_matched_random_od_oc,od_oc_proxy_minus_matched_random_od_oc,patient,label,gon_label=GON+,186,75,0.4032258064516129,-0.039538885073771984,-0.03362770456788765,0.3170663883473359,-0.08496908922441332,0.0059408670804352234,not_supported,EfficientNetB0,sigma12_dil0,gaussian_noise,12.0,0,GON+,
perturbation_sensitivity,od_oc_proxy_minus_matched_random_od_oc,od_oc_proxy_minus_matched_random_od_oc,patient,label,gon_label=GON-,102,24,0.23529411764705882,-0.12449965754940161,-0.09478117981281065,0.2766929199093586,-0.17851499348429134,-0.06965364670025698,not_supported,EfficientNetB0,sigma12_dil0,gaussian_noise,12.0,0,GON-,
perturbation_sensitivity,od_oc_proxy_minus_matched_random_od_oc,od_oc_proxy_minus_matched_random_od_oc,patient,label,gon_label=GON+,186,129,0.6935483870967742,0.1691484079887967,0.1327838145677348,0.2966069516181846,0.1273935836530662,0.2110657766120543,supported,EfficientNetB0,sigma12_dil0,mean_fill,12.0,0,GON+,
perturbation_sensitivity,od_oc_proxy_minus_matched_random_od_oc,od_oc_proxy_minus_matched_random_od_oc,patient,label,gon_label=GON-,102,51,0.5,0.038078214225391545,9.424276377244692e-05,0.21203322043668543,-0.0013051178749039685,0.08079229912106654,directional_only,EfficientNetB0,sigma12_dil0,mean_fill,12.0,0,GON-,
perturbation_sensitivity,od_oc_proxy_minus_matched_random_od_oc,od_oc_proxy_minus_matched_random_od_oc,patient,label,gon_label=GON+,186,84,0.45161290322580644,-0.03379745385225737,-0.028298820163437377,0.3585213358920421,-0.08509682118703257,0.01612791244117247,not_supported,EfficientNetB0,sigma12_dil14,blur,12.0,14,GON+,
perturbation_sensitivity,od_oc_proxy_minus_matched_random_od_oc,od_oc_proxy_minus_matched_random_od_oc,patient,label,gon_label=GON-,102,17,0.16666666666666666,-0.2306199036949989,-0.1916828405228443,0.27694638387305004,-0.2851893319852042,-0.17742881134690752,not_supported,EfficientNetB0,sigma12_dil14,blur,12.0,14,GON-,
perturbation_sensitivity,od_oc_proxy_minus_matched_random_od_oc,od_oc_proxy_minus_matched_random_od_oc,patient,label,gon_label=GON+,186,72,0.3870967741935484,-0.056043817779010185,-0.08399255573749548,0.3513988724707545,-0.1064051268792545,-0.0057169953913176925,not_supported,EfficientNetB0,sigma12_dil14,gaussian_noise,12.0,14,GON+,
perturbation_sensitivity,od_oc_proxy_minus_matched_random_od_oc,od_oc_proxy_minus_matched_random_od_oc,patient,label,gon_label=GON-,102,22,0.21568627450980393,-0.1405154219780973,-0.13564108585711662,0.2986849643551406,-0.19260801643010364,-0.08345961734463558,not_supported,EfficientNetB0,sigma12_dil14,gaussian_noise,12.0,14,GON-,
perturbation_sensitivity,od_oc_proxy_minus_matched_random_od_oc,od_oc_proxy_minus_matched_random_od_oc,patient,label,gon_label=GON+,186,129,0.6935483870967742,0.16340713823544206,0.14883651185277813,0.321697324052511,0.11764530166107454,0.21053577192431341,supported,EfficientNetB0,sigma12_dil14,mean_fill,12.0,14,GON+,
perturbation_sensitivity,od_oc_proxy_minus_matched_random_od_oc,od_oc_proxy_minus_matched_random_od_oc,patient,label,gon_label=GON-,102,53,0.5196078431372549,0.02749922807885827,0.008282138244624059,0.2538934976473293,-0.0192940421369735,0.07714626586163188,directional_only,EfficientNetB0,sigma12_dil14,mean_fill,12.0,14,GON-,
perturbation_sensitivity,od_oc_proxy_minus_matched_random_od_oc,od_oc_proxy_minus_matched_random_od_oc,patient,label,gon_label=GON+,186,84,0.45161290322580644,-0.027610898333263776,-0.017763366381765462,0.3626747235962079,-0.08118795292948178,0.022831660842902297,not_supported,EfficientNetB0,sigma12_dil7,blur,12.0,7,GON+,
perturbation_sensitivity,od_oc_proxy_minus_matched_random_od_oc,od_oc_proxy_minus_matched_random_od_oc,patient,label,gon_label=GON-,102,23,0.22549019607843138,-0.16985236862913164,-0.08221785965524829,0.2629044485704781,-0.2190924150798774,-0.12012567768093246,not_supported,EfficientNetB0,sigma12_dil7,blur,12.0,7,GON-,
perturbation_sensitivity,od_oc_proxy_minus_matched_random_od_oc,od_oc_proxy_minus_matched_random_od_oc,patient,label,gon_label=GON+,186,72,0.3870967741935484,-0.05975119292994811,-0.06737326823713372,0.3650504455793311,-0.11004131888077269,-0.0077039044871700536,not_supported,EfficientNetB0,sigma12_dil7,gaussian_noise,12.0,7,GON+,
perturbation_sensitivity,od_oc_proxy_minus_matched_random_od_oc,od_oc_proxy_minus_matched_random_od_oc,patient,label,gon_label=GON-,102,27,0.2647058823529412,-0.11149305912521282,-0.11371536546842738,0.29555659693494357,-0.16469982356630156,-0.05471981701900163,not_supported,EfficientNetB0,sigma12_dil7,gaussian_noise,12.0,7,GON-,
perturbation_sensitivity,od_oc_proxy_minus_matched_random_od_oc,od_oc_proxy_minus_matched_random_od_oc,patient,label,gon_label=GON+,186,134,0.7204301075268817,0.1831549039748573,0.1354809906799347,0.31653561017300036,0.13785350371867092,0.2305613181022984,supported,EfficientNetB0,sigma12_dil7,mean_fill,12.0,7,GON+,
perturbation_sensitivity,od_oc_proxy_minus_matched_random_od_oc,od_oc_proxy_minus_matched_random_od_oc,patient,label,gon_label=GON-,102,58,0.5686274509803921,0.05407201609371479,0.029768171877549297,0.28233712807469197,-0.0017035136243871002,0.1101040961726552,directional_only,EfficientNetB0,sigma12_dil7,mean_fill,12.0,7,GON-,
perturbation_sensitivity,od_oc_proxy_minus_matched_random_od_oc,od_oc_proxy_minus_matched_random_od_oc,patient,label,gon_label=GON+,186,105,0.5645161290322581,0.03865175318730551,0.010847188333476272,0.25180542788774285,0.005305797449384429,0.07467908018416042,supported,EfficientNetB0,sigma4_dil0,blur,4.0,0,GON+,
perturbation_sensitivity,od_oc_proxy_minus_matched_random_od_oc,od_oc_proxy_minus_matched_random_od_oc,patient,label,gon_label=GON-,102,35,0.3431372549019608,-0.0653271000429592,-0.013618035436882283,0.2002824833643839,-0.1049203107152672,-0.02461246208368711,not_supported,EfficientNetB0,sigma4_dil0,blur,4.0,0,GON-,
perturbation_sensitivity,od_oc_proxy_minus_matched_random_od_oc,od_oc_proxy_minus_matched_random_od_oc,patient,label,gon_label=GON+,186,77,0.41397849462365593,-0.04345433933688153,-0.05147371720522645,0.3255870003329377,-0.08884066940827562,0.004885885790626305,not_supported,EfficientNetB0,sigma4_dil0,gaussian_noise,4.0,0,GON+,
perturbation_sensitivity,od_oc_proxy_minus_matched_random_od_oc,od_oc_proxy_minus_matched_random_od_oc,patient,label,gon_label=GON-,102,25,0.24509803921568626,-0.14202175209411852,-0.13150791334919631,0.2691029980658285,-0.18941392062764098,-0.08941670858302954,not_supported,EfficientNetB0,sigma4_dil0,gaussian_noise,4.0,0,GON-,
perturbation_sensitivity,od_oc_proxy_minus_matched_random_od_oc,od_oc_proxy_minus_matched_random_od_oc,patient,label,gon_label=GON+,186,124,0.6666666666666666,0.16578262914286085,0.1376855436259916,0.3036619259903135,0.12175131387821846,0.20962052921893526,supported,EfficientNetB0,sigma4_dil0,mean_fill,4.0,0,GON+,
perturbation_sensitivity,od_oc_proxy_minus_matched_random_od_oc,od_oc_proxy_minus_matched_random_od_oc,patient,label,gon_label=GON-,102,46,0.45098039215686275,0.025335201023472517,-0.0008643176178110708,0.262042927744311,-0.024604793979290288,0.07734577067095616,directional_only,EfficientNetB0,sigma4_dil0,mean_fill,4.0,0,GON-,
perturbation_sensitivity,od_oc_proxy_minus_matched_random_od_oc,od_oc_proxy_minus_matched_random_od_oc,patient,label,gon_label=GON+,186,85,0.45698924731182794,0.03677289665774358,-0.007041832325514032,0.3119021403593268,-0.00859258863748707,0.08310552554289159,directional_only,EfficientNetB0,sigma4_dil14,blur,4.0,14,GON+,
perturbation_sensitivity,od_oc_proxy_minus_matched_random_od_oc,od_oc_proxy_minus_matched_random_od_oc,patient,label,gon_label=GON-,102,22,0.21568627450980393,-0.1051273882518169,-0.04949752221682499,0.23886571943031848,-0.14969800565118827,-0.05955975876725948,not_supported,EfficientNetB0,sigma4_dil14,blur,4.0,14,GON-,
perturbation_sensitivity,od_oc_proxy_minus_matched_random_od_oc,od_oc_proxy_minus_matched_random_od_oc,patient,label,gon_label=GON+,186,68,0.3655913978494624,-0.0489861393190934,-0.06894114951834732,0.3265987173483067,-0.09595797964076683,-0.003116800918567679,not_supported,EfficientNetB0,sigma4_dil14,gaussian_noise,4.0,14,GON+,
perturbation_sensitivity,od_oc_proxy_minus_matched_random_od_oc,od_oc_proxy_minus_matched_random_od_oc,patient,label,gon_label=GON-,102,26,0.2549019607843137,-0.1053166173222702,-0.1223621442914009,0.31166771954926914,-0.1647717516585421,-0.04547046778533849,not_supported,EfficientNetB0,sigma4_dil14,gaussian_noise,4.0,14,GON-,
perturbation_sensitivity,od_oc_proxy_minus_matched_random_od_oc,od_oc_proxy_minus_matched_random_od_oc,patient,label,gon_label=GON+,186,129,0.6935483870967742,0.14731888830629566,0.11899576830910517,0.31699673656510213,0.10087309040666417,0.1934643631494115,supported,EfficientNetB0,sigma4_dil14,mean_fill,4.0,14,GON+,
perturbation_sensitivity,od_oc_proxy_minus_matched_random_od_oc,od_oc_proxy_minus_matched_random_od_oc,patient,label,gon_label=GON-,102,55,0.5392156862745098,0.04745222007496183,0.011411145213060095,0.28489694722284126,-0.0065060312638956265,0.10613405514667534,directional_only,EfficientNetB0,sigma4_dil14,mean_fill,4.0,14,GON-,
perturbation_sensitivity,od_oc_proxy_minus_matched_random_od_oc,od_oc_proxy_minus_matched_random_od_oc,patient,label,gon_label=GON+,186,102,0.5483870967741935,0.07471594229620873,0.01360311647492839,0.28867722134636464,0.03464088456101236,0.1179006305622714,supported,EfficientNetB0,sigma4_dil7,blur,4.0,7,GON+,
perturbation_sensitivity,od_oc_proxy_minus_matched_random_od_oc,od_oc_proxy_minus_matched_random_od_oc,patient,label,gon_label=GON-,102,30,0.29411764705882354,-0.061040681758959076,-0.022999518768932796,0.22962365659596112,-0.10591753215557681,-0.01576268721679364,not_supported,EfficientNetB0,sigma4_dil7,blur,4.0,7,GON-,
perturbation_sensitivity,od_oc_proxy_minus_matched_random_od_oc,od_oc_proxy_minus_matched_random_od_oc,patient,label,gon_label=GON+,186,77,0.41397849462365593,-0.00998104855464625,-0.04109902130204274,0.34866557177823176,-0.06228149894021849,0.041891541790060986,not_supported,EfficientNetB0,sigma4_dil7,gaussian_noise,4.0,7,GON+,
perturbation_sensitivity,od_oc_proxy_minus_matched_random_od_oc,od_oc_proxy_minus_matched_random_od_oc,patient,label,gon_label=GON-,102,24,0.23529411764705882,-0.11451213943685619,-0.08489233036137497,0.31070193423944376,-0.17460288077866462,-0.05264954237359068,not_supported,EfficientNetB0,sigma4_dil7,gaussian_noise,4.0,7,GON-,
perturbation_sensitivity,od_oc_proxy_minus_matched_random_od_oc,od_oc_proxy_minus_matched_random_od_oc,patient,label,gon_label=GON+,186,144,0.7741935483870968,0.2111336372350819,0.17843613718869164,0.3270144060489224,0.1635041240904362,0.2578988820696486,supported,EfficientNetB0,sigma4_dil7,mean_fill,4.0,7,GON+,
perturbation_sensitivity,od_oc_proxy_minus_matched_random_od_oc,od_oc_proxy_minus_matched_random_od_oc,patient,label,gon_label=GON-,102,56,0.5490196078431373,0.029218582364042397,0.014933410075173036,0.2928838054776031,-0.027179139518436958,0.08754553606778004,directional_only,EfficientNetB0,sigma4_dil7,mean_fill,4.0,7,GON-,
perturbation_sensitivity,od_oc_proxy_minus_matched_random_od_oc,od_oc_proxy_minus_matched_random_od_oc,patient,label,gon_label=GON+,186,92,0.4946236559139785,0.004998392299128494,-0.0005901306867600049,0.2968444195070528,-0.037070025258289424,0.04653819428213067,directional_only,EfficientNetB0,sigma8_dil0,blur,8.0,0,GON+,
perturbation_sensitivity,od_oc_proxy_minus_matched_random_od_oc,od_oc_proxy_minus_matched_random_od_oc,patient,label,gon_label=GON-,102,26,0.2549019607843137,-0.10807311964315182,-0.0572055145506359,0.22941341898645634,-0.15605698164495563,-0.06567645590172785,not_supported,EfficientNetB0,sigma8_dil0,blur,8.0,0,GON-,
perturbation_sensitivity,od_oc_proxy_minus_matched_random_od_oc,od_oc_proxy_minus_matched_random_od_oc,patient,label,gon_label=GON+,186,71,0.3817204301075269,-0.030611901092934206,-0.039776405086740796,0.3301578901188434,-0.07622334142104852,0.016187136672963256,not_supported,EfficientNetB0,sigma8_dil0,gaussian_noise,8.0,0,GON+,
perturbation_sensitivity,od_oc_proxy_minus_matched_random_od_oc,od_oc_proxy_minus_matched_random_od_oc,patient,label,gon_label=GON-,102,23,0.22549019607843138,-0.1269595149909302,-0.06306756625186517,0.2811878249044521,-0.1803206115700266,-0.07065908881970066,not_supported,EfficientNetB0,sigma8_dil0,gaussian_noise,8.0,0,GON-,
perturbation_sensitivity,od_oc_proxy_minus_matched_random_od_oc,od_oc_proxy_minus_matched_random_od_oc,patient,label,gon_label=GON+,186,121,0.6505376344086021,0.16836692042593604,0.10248282599345998,0.31892914388039534,0.1248504676925199,0.21521629870598277,supported,EfficientNetB0,sigma8_dil0,mean_fill,8.0,0,GON+,
perturbation_sensitivity,od_oc_proxy_minus_matched_random_od_oc,od_oc_proxy_minus_matched_random_od_oc,patient,label,gon_label=GON-,102,55,0.5392156862745098,0.059832436305722055,0.005763015963991161,0.25176105155459094,0.012775497482944445,0.10927134794867525,supported,EfficientNetB0,sigma8_dil0,mean_fill,8.0,0,GON-,
perturbation_sensitivity,od_oc_proxy_minus_matched_random_od_oc,od_oc_proxy_minus_matched_random_od_oc,patient,label,gon_label=GON+,186,88,0.4731182795698925,0.005609149201804573,-0.01771549267314752,0.3545908328175245,-0.04358035087425658,0.0561314594587468,directional_only,EfficientNetB0,sigma8_dil14,blur,8.0,14,GON+,
perturbation_sensitivity,od_oc_proxy_minus_matched_random_od_oc,od_oc_proxy_minus_matched_random_od_oc,patient,label,gon_label=GON-,102,21,0.20588235294117646,-0.17254469676654607,-0.15874073097676789,0.2572461532554687,-0.22404348718817477,-0.12484756597535619,not_supported,EfficientNetB0,sigma8_dil14,blur,8.0,14,GON-,
perturbation_sensitivity,od_oc_proxy_minus_matched_random_od_oc,od_oc_proxy_minus_matched_random_od_oc,patient,label,gon_label=GON+,186,77,0.41397849462365593,-0.042356740856591156,-0.033757380741917586,0.3282200048795918,-0.0866689869449775,0.006123028302938999,not_supported,EfficientNetB0,sigma8_dil14,gaussian_noise,8.0,14,GON+,
perturbation_sensitivity,od_oc_proxy_minus_matched_random_od_oc,od_oc_proxy_minus_matched_random_od_oc,patient,label,gon_label=GON-,102,27,0.2647058823529412,-0.12934442397016296,-0.14102123967450095,0.2981240180219165,-0.18673107747411527,-0.07165544808251399,not_supported,EfficientNetB0,sigma8_dil14,gaussian_noise,8.0,14,GON-,
perturbation_sensitivity,od_oc_proxy_minus_matched_random_od_oc,od_oc_proxy_minus_matched_random_od_oc,patient,label,gon_label=GON+,186,129,0.6935483870967742,0.14795124800528828,0.12770107867739475,0.28783254649312207,0.10598071912899146,0.18891400078962298,supported,EfficientNetB0,sigma8_dil14,mean_fill,8.0,14,GON+,
perturbation_sensitivity,od_oc_proxy_minus_matched_random_od_oc,od_oc_proxy_minus_matched_random_od_oc,patient,label,gon_label=GON-,102,53,0.5196078431372549,0.040692779925421155,0.016640347411339483,0.2594148942223421,-0.008472952507260562,0.09234857498606404,directional_only,EfficientNetB0,sigma8_dil14,mean_fill,8.0,14,GON-,
perturbation_sensitivity,od_oc_proxy_minus_matched_random_od_oc,od_oc_proxy_minus_matched_random_od_oc,patient,label,gon_label=GON+,186,88,0.4731182795698925,-0.009194484032567347,-0.014680744212346528,0.33740728145761484,-0.05682820150541371,0.03943231318891891,not_supported,EfficientNetB0,sigma8_dil7,blur,8.0,7,GON+,
perturbation_sensitivity,od_oc_proxy_minus_matched_random_od_oc,od_oc_proxy_minus_matched_random_od_oc,patient,label,gon_label=GON-,102,21,0.20588235294117646,-0.13659139047846172,-0.09314536465717532,0.2462208358100789,-0.1870448143827227,-0.09072795526275226,not_supported,EfficientNetB0,sigma8_dil7,blur,8.0,7,GON-,
perturbation_sensitivity,od_oc_proxy_minus_matched_random_od_oc,od_oc_proxy_minus_matched_random_od_oc,patient,label,gon_label=GON+,186,74,0.3978494623655914,-0.03909362801163625,-0.06519050935276027,0.33701330957224357,-0.08750119714562846,0.011297030701525766,not_supported,EfficientNetB0,sigma8_dil7,gaussian_noise,8.0,7,GON+,
perturbation_sensitivity,od_oc_proxy_minus_matched_random_od_oc,od_oc_proxy_minus_matched_random_od_oc,patient,label,gon_label=GON-,102,27,0.2647058823529412,-0.12695047089394038,-0.0904110298588421,0.2750633630915132,-0.1782724456667118,-0.07166450480555948,not_supported,EfficientNetB0,sigma8_dil7,gaussian_noise,8.0,7,GON-,
perturbation_sensitivity,od_oc_proxy_minus_matched_random_od_oc,od_oc_proxy_minus_matched_random_od_oc,patient,label,gon_label=GON+,186,140,0.7526881720430108,0.19020213247686665,0.14681574329733849,0.31188336453481463,0.14563624292279256,0.2309763388199011,supported,EfficientNetB0,sigma8_dil7,mean_fill,8.0,7,GON+,
perturbation_sensitivity,od_oc_proxy_minus_matched_random_od_oc,od_oc_proxy_minus_matched_random_od_oc,patient,label,gon_label=GON-,102,60,0.5882352941176471,0.05598663266357354,0.046021388086955994,0.29449026592448824,0.0004902810514934012,0.1145756855498701,supported,EfficientNetB0,sigma8_dil7,mean_fill,8.0,7,GON-,
perturbation_sensitivity,od_oc_proxy_minus_matched_random_od_oc,od_oc_proxy_minus_matched_random_od_oc,image,quality,quality_group=high,247,206,0.8340080971659919,0.47508621075475704,0.4662549570202828,0.4729663391645645,0.4197617710055687,0.5335078818296165,supported,ConvNeXtTiny,sigma12_dil0,blur,12.0,0,,high
perturbation_sensitivity,od_oc_proxy_minus_matched_random_od_oc,od_oc_proxy_minus_matched_random_od_oc,image,quality,quality_group=low,247,182,0.7368421052631579,0.40387923980296203,0.10499276220798492,0.49138194186598927,0.34246314712711307,0.4643983855890447,supported,ConvNeXtTiny,sigma12_dil0,blur,12.0,0,,low
perturbation_sensitivity,od_oc_proxy_minus_matched_random_od_oc,od_oc_proxy_minus_matched_random_od_oc,image,quality,quality_group=medium,251,184,0.7330677290836654,0.40827573755067065,0.262871442362666,0.4797045579895481,0.34943031192026924,0.4662368310703166,supported,ConvNeXtTiny,sigma12_dil0,blur,12.0,0,,medium
perturbation_sensitivity,od_oc_proxy_minus_matched_random_od_oc,od_oc_proxy_minus_matched_random_od_oc,image,quality,quality_group=high,247,126,0.5101214574898786,-0.02570415636171541,4.649162292480469e-06,0.4173108684136111,-0.07844047087455544,0.025980230433988404,not_supported,ConvNeXtTiny,sigma12_dil0,gaussian_noise,12.0,0,,high
perturbation_sensitivity,od_oc_proxy_minus_matched_random_od_oc,od_oc_proxy_minus_matched_random_od_oc,image,quality,quality_group=low,247,118,0.4777327935222672,-0.032175371800078595,-0.00012390315532675344,0.5269968438018257,-0.09736329318464539,0.03323669862915705,not_supported,ConvNeXtTiny,sigma12_dil0,gaussian_noise,12.0,0,,low
perturbation_sensitivity,od_oc_proxy_minus_matched_random_od_oc,od_oc_proxy_minus_matched_random_od_oc,image,quality,quality_group=medium,251,127,0.5059760956175299,-0.025447504003931677,1.3113021850585938e-06,0.4942094582430448,-0.08534383970571277,0.033260323527998355,not_supported,ConvNeXtTiny,sigma12_dil0,gaussian_noise,12.0,0,,medium
perturbation_sensitivity,od_oc_proxy_minus_matched_random_od_oc,od_oc_proxy_minus_matched_random_od_oc,image,quality,quality_group=high,247,160,0.6477732793522267,0.21718954901462353,0.02586012915708119,0.5688621454223567,0.14970205137020856,0.2863834872168484,supported,ConvNeXtTiny,sigma12_dil0,mean_fill,12.0,0,,high
perturbation_sensitivity,od_oc_proxy_minus_matched_random_od_oc,od_oc_proxy_minus_matched_random_od_oc,image,quality,quality_group=low,247,135,0.5465587044534413,0.04325704856573388,0.0003461539745329978,0.5453166652023317,-0.02508815350730486,0.10818901781714386,directional_only,ConvNeXtTiny,sigma12_dil0,mean_fill,12.0,0,,low
perturbation_sensitivity,od_oc_proxy_minus_matched_random_od_oc,od_oc_proxy_minus_matched_random_od_oc,image,quality,quality_group=medium,251,126,0.50199203187251,0.03949528998776103,5.115941166880002e-05,0.5199048860263115,-0.027393893267258117,0.1003439647499623,directional_only,ConvNeXtTiny,sigma12_dil0,mean_fill,12.0,0,,medium
perturbation_sensitivity,od_oc_proxy_minus_matched_random_od_oc,od_oc_proxy_minus_matched_random_od_oc,image,quality,quality_group=high,247,201,0.8137651821862348,0.5765314850629255,0.8910168579022866,0.4549557129145467,0.5191869843936258,0.6328222830662625,supported,ConvNeXtTiny,sigma12_dil14,blur,12.0,14,,high
perturbation_sensitivity,od_oc_proxy_minus_matched_random_od_oc,od_oc_proxy_minus_matched_random_od_oc,image,quality,quality_group=low,247,185,0.7489878542510121,0.44212482910880063,0.3161577843129635,0.4489277202760586,0.3842434419453624,0.49755449607735003,supported,ConvNeXtTiny,sigma12_dil14,blur,12.0,14,,low
perturbation_sensitivity,od_oc_proxy_minus_matched_random_od_oc,od_oc_proxy_minus_matched_random_od_oc,image,quality,quality_group=medium,251,196,0.7808764940239044,0.49671945622542835,0.6042123138904572,0.4602833358567199,0.4393296585149762,0.5533745615009915,supported,ConvNeXtTiny,sigma12_dil14,blur,12.0,14,,medium
perturbation_sensitivity,od_oc_proxy_minus_matched_random_od_oc,od_oc_proxy_minus_matched_random_od_oc,image,quality,quality_group=high,247,18,0.0728744939271255,-0.415991227734789,-0.1240094304084777,0.45836092007057855,-0.4760022262207436,-0.3610289715354439,not_supported,ConvNeXtTiny,sigma12_dil14,gaussian_noise,12.0,14,,high
perturbation_sensitivity,od_oc_proxy_minus_matched_random_od_oc,od_oc_proxy_minus_matched_random_od_oc,image,quality,quality_group=low,247,18,0.0728744939271255,-0.5962235721425776,-0.9600879214704038,0.4694848107645817,-0.6528593555415853,-0.542059001678256,not_supported,ConvNeXtTiny,sigma12_dil14,gaussian_noise,12.0,14,,low
perturbation_sensitivity,od_oc_proxy_minus_matched_random_od_oc,od_oc_proxy_minus_matched_random_od_oc,image,quality,quality_group=medium,251,24,0.09561752988047809,-0.5422837145320969,-0.8408897966146469,0.4702935626229977,-0.6034943526282084,-0.48511309073202696,not_supported,ConvNeXtTiny,sigma12_dil14,gaussian_noise,12.0,14,,medium
perturbation_sensitivity,od_oc_proxy_minus_matched_random_od_oc,od_oc_proxy_minus_matched_random_od_oc,image,quality,quality_group=high,247,41,0.1659919028340081,-0.5763782244746187,-0.9115253016352652,0.5159197342301498,-0.6394170779760325,-0.5135533063005994,not_supported,ConvNeXtTiny,sigma12_dil14,mean_fill,12.0,14,,high
perturbation_sensitivity,od_oc_proxy_minus_matched_random_od_oc,od_oc_proxy_minus_matched_random_od_oc,image,quality,quality_group=low,247,53,0.2145748987854251,-0.5050048209909563,-0.7798850350081921,0.5236262124658663,-0.5688245136114501,-0.44066586061616764,not_supported,ConvNeXtTiny,sigma12_dil14,mean_fill,12.0,14,,low
perturbation_sensitivity,od_oc_proxy_minus_matched_random_od_oc,od_oc_proxy_minus_matched_random_od_oc,image,quality,quality_group=medium,251,37,0.14741035856573706,-0.557927777188068,-0.8979842811822891,0.5049601323407978,-0.6219835504887093,-0.49452843233365135,not_supported,ConvNeXtTiny,sigma12_dil14,mean_fill,12.0,14,,medium
perturbation_sensitivity,od_oc_proxy_minus_matched_random_od_oc,od_oc_proxy_minus_matched_random_od_oc,image,quality,quality_group=high,247,188,0.7611336032388664,0.45324012728656365,0.58172407746315,0.5287592962038445,0.3885331728308191,0.5183384268105388,supported,ConvNeXtTiny,sigma12_dil7,blur,12.0,7,,high
perturbation_sensitivity,od_oc_proxy_minus_matched_random_od_oc,od_oc_proxy_minus_matched_random_od_oc,image,quality,quality_group=low,247,179,0.7246963562753036,0.35965244659989554,0.059543609619140535,0.477727640944829,0.3005474485871058,0.415401597704507,supported,ConvNeXtTiny,sigma12_dil7,blur,12.0,7,,low
perturbation_sensitivity,od_oc_proxy_minus_matched_random_od_oc,od_oc_proxy_minus_matched_random_od_oc,image,quality,quality_group=medium,251,177,0.7051792828685259,0.3836680719239275,0.2140268813818692,0.4634603379050292,0.32714852816451007,0.440688305296702,supported,ConvNeXtTiny,sigma12_dil7,blur,12.0,7,,medium
perturbation_sensitivity,od_oc_proxy_minus_matched_random_od_oc,od_oc_proxy_minus_matched_random_od_oc,image,quality,quality_group=high,247,32,0.12955465587044535,-0.3503894484095765,-0.0330451726913452,0.469217122548159,-0.4105737769221256,-0.2943417873460504,not_supported,ConvNeXtTiny,sigma12_dil7,gaussian_noise,12.0,7,,high
perturbation_sensitivity,od_oc_proxy_minus_matched_random_od_oc,od_oc_proxy_minus_matched_random_od_oc,image,quality,quality_group=low,247,27,0.10931174089068826,-0.4758146671526193,-0.4702745676040649,0.47946124393976786,-0.5364933610683101,-0.4128547872402748,not_supported,ConvNeXtTiny,sigma12_dil7,gaussian_noise,12.0,7,,low
perturbation_sensitivity,od_oc_proxy_minus_matched_random_od_oc,od_oc_proxy_minus_matched_random_od_oc,image,quality,quality_group=medium,251,44,0.1752988047808765,-0.38887408998296785,-0.13282305002212524,0.4987090271788074,-0.4502654924959179,-0.32604755570207067,not_supported,ConvNeXtTiny,sigma12_dil7,gaussian_noise,12.0,7,,medium
perturbation_sensitivity,od_oc_proxy_minus_matched_random_od_oc,od_oc_proxy_minus_matched_random_od_oc,image,quality,quality_group=high,247,91,0.3684210526315789,-0.2853757351372242,-0.1467644572257996,0.5705113634697255,-0.35648931343713386,-0.21501789874828658,not_supported,ConvNeXtTiny,sigma12_dil7,mean_fill,12.0,7,,high
perturbation_sensitivity,od_oc_proxy_minus_matched_random_od_oc,od_oc_proxy_minus_matched_random_od_oc,image,quality,quality_group=low,247,71,0.2874493927125506,-0.3145711223735297,-0.1885553002357483,0.5559891892269693,-0.381955955618691,-0.24381606362047853,not_supported,ConvNeXtTiny,sigma12_dil7,mean_fill,12.0,7,,low
perturbation_sensitivity,od_oc_proxy_minus_matched_random_od_oc,od_oc_proxy_minus_matched_random_od_oc,image,quality,quality_group=medium,251,66,0.26294820717131473,-0.331400693446277,-0.2460146117955445,0.5527614071056252,-0.4004871278710023,-0.2579729555262158,not_supported,ConvNeXtTiny,sigma12_dil7,mean_fill,12.0,7,,medium
perturbation_sensitivity,od_oc_proxy_minus_matched_random_od_oc,od_oc_proxy_minus_matched_random_od_oc,image,quality,quality_group=high,247,204,0.8259109311740891,0.3272855590792843,0.1403245031833647,0.44137302962055064,0.2726025996869466,0.3815882653937684,supported,ConvNeXtTiny,sigma4_dil0,blur,4.0,0,,high
perturbation_sensitivity,od_oc_proxy_minus_matched_random_od_oc,od_oc_proxy_minus_matched_random_od_oc,image,quality,quality_group=low,247,179,0.7246963562753036,0.3069649586435594,0.046522736549377296,0.44036606626585123,0.2522451599500682,0.3594219601598357,supported,ConvNeXtTiny,sigma4_dil0,blur,4.0,0,,low
perturbation_sensitivity,od_oc_proxy_minus_matched_random_od_oc,od_oc_proxy_minus_matched_random_od_oc,image,quality,quality_group=medium,251,183,0.7290836653386454,0.27838542170134334,0.026063382625579702,0.4128397821010864,0.22674500031571063,0.330729576463115,supported,ConvNeXtTiny,sigma4_dil0,blur,4.0,0,,medium
perturbation_sensitivity,od_oc_proxy_minus_matched_random_od_oc,od_oc_proxy_minus_matched_random_od_oc,image,quality,quality_group=high,247,112,0.4534412955465587,-0.03541276985748916,-4.8160552978515625e-05,0.44587067163006516,-0.09238227967885032,0.019507857024357932,not_supported,ConvNeXtTiny,sigma4_dil0,gaussian_noise,4.0,0,,high
perturbation_sensitivity,od_oc_proxy_minus_matched_random_od_oc,od_oc_proxy_minus_matched_random_od_oc,image,quality,quality_group=low,247,127,0.5141700404858299,-0.04445504751904656,1.013278961181641e-05,0.5238479922134456,-0.10809570405762543,0.019623001931857176,not_supported,ConvNeXtTiny,sigma4_dil0,gaussian_noise,4.0,0,,low
perturbation_sensitivity,od_oc_proxy_minus_matched_random_od_oc,od_oc_proxy_minus_matched_random_od_oc,image,quality,quality_group=medium,251,123,0.4900398406374502,-0.04033180778790111,-6.079673767089844e-06,0.5378949389551473,-0.1074157345027279,0.026147015244810508,not_supported,ConvNeXtTiny,sigma4_dil0,gaussian_noise,4.0,0,,medium
perturbation_sensitivity,od_oc_proxy_minus_matched_random_od_oc,od_oc_proxy_minus_matched_random_od_oc,image,quality,quality_group=high,247,155,0.6275303643724697,0.22640316781032863,0.017412722110748208,0.5451024992443275,0.15727494334161862,0.2932253341342191,supported,ConvNeXtTiny,sigma4_dil0,mean_fill,4.0,0,,high
perturbation_sensitivity,od_oc_proxy_minus_matched_random_od_oc,od_oc_proxy_minus_matched_random_od_oc,image,quality,quality_group=low,247,133,0.5384615384615384,0.04575511221301427,0.00015383958816529968,0.5432215538033291,-0.020340596572379206,0.11270775630489341,directional_only,ConvNeXtTiny,sigma4_dil0,mean_fill,4.0,0,,low
perturbation_sensitivity,od_oc_proxy_minus_matched_random_od_oc,od_oc_proxy_minus_matched_random_od_oc,image,quality,quality_group=medium,251,134,0.5338645418326693,0.06344969758029617,0.0002766679972409397,0.5245349485093551,0.00033385749117943644,0.12858189345569557,supported,ConvNeXtTiny,sigma4_dil0,mean_fill,4.0,0,,medium
perturbation_sensitivity,od_oc_proxy_minus_matched_random_od_oc,od_oc_proxy_minus_matched_random_od_oc,image,quality,quality_group=high,247,206,0.8340080971659919,0.6352638820694058,0.9637811947613953,0.43099380270933657,0.5809929994573153,0.6861479566969921,supported,ConvNeXtTiny,sigma4_dil14,blur,4.0,14,,high
perturbation_sensitivity,od_oc_proxy_minus_matched_random_od_oc,od_oc_proxy_minus_matched_random_od_oc,image,quality,quality_group=low,247,184,0.7449392712550608,0.49432668491193144,0.49330314621329313,0.4466509503279417,0.4387420578461484,0.5496280227902602,supported,ConvNeXtTiny,sigma4_dil14,blur,4.0,14,,low
perturbation_sensitivity,od_oc_proxy_minus_matched_random_od_oc,od_oc_proxy_minus_matched_random_od_oc,image,quality,quality_group=medium,251,195,0.7768924302788844,0.5420300914273942,0.7302817776799202,0.44700857997670157,0.4870769101809316,0.5960432972842186,supported,ConvNeXtTiny,sigma4_dil14,blur,4.0,14,,medium
perturbation_sensitivity,od_oc_proxy_minus_matched_random_od_oc,od_oc_proxy_minus_matched_random_od_oc,image,quality,quality_group=high,247,18,0.0728744939271255,-0.4130850174732907,-0.1552343368530273,0.46884923296806214,-0.4700002754250078,-0.35540709308472057,not_supported,ConvNeXtTiny,sigma4_dil14,gaussian_noise,4.0,14,,high
perturbation_sensitivity,od_oc_proxy_minus_matched_random_od_oc,od_oc_proxy_minus_matched_random_od_oc,image,quality,quality_group=low,247,32,0.12955465587044535,-0.5478669951745813,-0.8544967621564865,0.48098182297740466,-0.6125693395244219,-0.48761588497425085,not_supported,ConvNeXtTiny,sigma4_dil14,gaussian_noise,4.0,14,,low
perturbation_sensitivity,od_oc_proxy_minus_matched_random_od_oc,od_oc_proxy_minus_matched_random_od_oc,image,quality,quality_group=medium,251,30,0.11952191235059761,-0.5071243147996496,-0.7417503893375396,0.4848322553193983,-0.5649738145109521,-0.4476106072231499,not_supported,ConvNeXtTiny,sigma4_dil14,gaussian_noise,4.0,14,,medium
perturbation_sensitivity,od_oc_proxy_minus_matched_random_od_oc,od_oc_proxy_minus_matched_random_od_oc,image,quality,quality_group=high,247,44,0.17813765182186234,-0.5617070518051869,-0.8956964313983917,0.4976772344730078,-0.6214065019493381,-0.4995485554736028,not_supported,ConvNeXtTiny,sigma4_dil14,mean_fill,4.0,14,,high
perturbation_sensitivity,od_oc_proxy_minus_matched_random_od_oc,od_oc_proxy_minus_matched_random_od_oc,image,quality,quality_group=low,247,45,0.18218623481781376,-0.5339698291294487,-0.8284624945372343,0.5187075873946999,-0.5969890230098355,-0.4662087878327453,not_supported,ConvNeXtTiny,sigma4_dil14,mean_fill,4.0,14,,low
perturbation_sensitivity,od_oc_proxy_minus_matched_random_od_oc,od_oc_proxy_minus_matched_random_od_oc,image,quality,quality_group=medium,251,36,0.14342629482071714,-0.5658526900833278,-0.8690705541521311,0.487019157091711,-0.6272120498014703,-0.5016096168425644,not_supported,ConvNeXtTiny,sigma4_dil14,mean_fill,4.0,14,,medium
perturbation_sensitivity,od_oc_proxy_minus_matched_random_od_oc,od_oc_proxy_minus_matched_random_od_oc,image,quality,quality_group=high,247,210,0.8502024291497976,0.5807270180218994,0.8721109256148338,0.4565327657957694,0.5219940437154891,0.6372509019781094,supported,ConvNeXtTiny,sigma4_dil7,blur,4.0,7,,high
perturbation_sensitivity,od_oc_proxy_minus_matched_random_od_oc,od_oc_proxy_minus_matched_random_od_oc,image,quality,quality_group=low,247,186,0.7530364372469636,0.47057049252295036,0.6139888167381287,0.4773558270908784,0.41342779771203947,0.5288487579536979,supported,ConvNeXtTiny,sigma4_dil7,blur,4.0,7,,low
perturbation_sensitivity,od_oc_proxy_minus_matched_random_od_oc,od_oc_proxy_minus_matched_random_od_oc,image,quality,quality_group=medium,251,198,0.7888446215139442,0.4988813959227403,0.5725652277469636,0.4539525908677206,0.44457359944288266,0.5554088356188194,supported,ConvNeXtTiny,sigma4_dil7,blur,4.0,7,,medium
perturbation_sensitivity,od_oc_proxy_minus_matched_random_od_oc,od_oc_proxy_minus_matched_random_od_oc,image,quality,quality_group=high,247,35,0.1417004048582996,-0.33547107216011346,-0.0268478393554686,0.4671582340232623,-0.39148602352172873,-0.2772808573826959,not_supported,ConvNeXtTiny,sigma4_dil7,gaussian_noise,4.0,7,,high
perturbation_sensitivity,od_oc_proxy_minus_matched_random_od_oc,od_oc_proxy_minus_matched_random_od_oc,image,quality,quality_group=low,247,34,0.13765182186234817,-0.4491045265847361,-0.4506534337997436,0.49980266632507875,-0.5087113326195455,-0.38959760776901686,not_supported,ConvNeXtTiny,sigma4_dil7,gaussian_noise,4.0,7,,low
perturbation_sensitivity,od_oc_proxy_minus_matched_random_od_oc,od_oc_proxy_minus_matched_random_od_oc,image,quality,quality_group=medium,251,38,0.15139442231075698,-0.39715068580905694,-0.2109274268150329,0.47247050347910025,-0.4601302938667594,-0.338924997251616,not_supported,ConvNeXtTiny,sigma4_dil7,gaussian_noise,4.0,7,,medium
perturbation_sensitivity,od_oc_proxy_minus_matched_random_od_oc,od_oc_proxy_minus_matched_random_od_oc,image,quality,quality_group=high,247,90,0.3643724696356275,-0.27661973327144646,-0.11580109596252447,0.5669307437040499,-0.34395426694310594,-0.20224950658150873,not_supported,ConvNeXtTiny,sigma4_dil7,mean_fill,4.0,7,,high
perturbation_sensitivity,od_oc_proxy_minus_matched_random_od_oc,od_oc_proxy_minus_matched_random_od_oc,image,quality,quality_group=low,247,63,0.2550607287449393,-0.3565494842036214,-0.2592201232910156,0.5455191949419229,-0.4241213237444931,-0.2880518332152567,not_supported,ConvNeXtTiny,sigma4_dil7,mean_fill,4.0,7,,low
perturbation_sensitivity,od_oc_proxy_minus_matched_random_od_oc,od_oc_proxy_minus_matched_random_od_oc,image,quality,quality_group=medium,251,65,0.2589641434262948,-0.328567938613212,-0.1603688001632691,0.5427711596494864,-0.39361133175393753,-0.2612328511211194,not_supported,ConvNeXtTiny,sigma4_dil7,mean_fill,4.0,7,,medium
perturbation_sensitivity,od_oc_proxy_minus_matched_random_od_oc,od_oc_proxy_minus_matched_random_od_oc,image,quality,quality_group=high,247,196,0.7935222672064778,0.32253807218282016,0.0901467399671673,0.4742181729473365,0.2623772104405098,0.38097066708289185,supported,ConvNeXtTiny,sigma8_dil0,blur,8.0,0,,high
perturbation_sensitivity,od_oc_proxy_minus_matched_random_od_oc,od_oc_proxy_minus_matched_random_od_oc,image,quality,quality_group=low,247,177,0.7165991902834008,0.325736832690006,0.037697453051805496,0.4572616085950757,0.2683781012849929,0.3815726498969038,supported,ConvNeXtTiny,sigma8_dil0,blur,8.0,0,,low
perturbation_sensitivity,od_oc_proxy_minus_matched_random_od_oc,od_oc_proxy_minus_matched_random_od_oc,image,quality,quality_group=medium,251,176,0.701195219123506,0.2735052475228834,0.0416786670684814,0.458840291789042,0.21798214224552312,0.33069235994186985,supported,ConvNeXtTiny,sigma8_dil0,blur,8.0,0,,medium
perturbation_sensitivity,od_oc_proxy_minus_matched_random_od_oc,od_oc_proxy_minus_matched_random_od_oc,image,quality,quality_group=high,247,107,0.4331983805668016,-0.04070876625075235,-0.00011932849884029997,0.4516109341772645,-0.09748441210531014,0.017302220668289615,not_supported,ConvNeXtTiny,sigma8_dil0,gaussian_noise,8.0,0,,high
perturbation_sensitivity,od_oc_proxy_minus_matched_random_od_oc,od_oc_proxy_minus_matched_random_od_oc,image,quality,quality_group=low,247,123,0.4979757085020243,-0.05522458362111322,-1.0728836059570312e-06,0.4990076429731639,-0.12019889057779853,0.006850812583643116,not_supported,ConvNeXtTiny,sigma8_dil0,gaussian_noise,8.0,0,,low
perturbation_sensitivity,od_oc_proxy_minus_matched_random_od_oc,od_oc_proxy_minus_matched_random_od_oc,image,quality,quality_group=medium,251,128,0.5099601593625498,-0.007610518368305367,4.649162292480468e-06,0.5060156860919128,-0.07094620529598916,0.052810034147012075,not_supported,ConvNeXtTiny,sigma8_dil0,gaussian_noise,8.0,0,,medium
perturbation_sensitivity,od_oc_proxy_minus_matched_random_od_oc,od_oc_proxy_minus_matched_random_od_oc,image,quality,quality_group=high,247,156,0.631578947368421,0.22244274140829795,0.0391162633895874,0.57662379693695,0.1496390874598377,0.29207994059265785,supported,ConvNeXtTiny,sigma8_dil0,mean_fill,8.0,0,,high
perturbation_sensitivity,od_oc_proxy_minus_matched_random_od_oc,od_oc_proxy_minus_matched_random_od_oc,image,quality,quality_group=low,247,132,0.5344129554655871,0.037845883517072916,0.0002549868077039634,0.5062016328468505,-0.023344634013124657,0.10316802442773296,directional_only,ConvNeXtTiny,sigma8_dil0,mean_fill,8.0,0,,low
perturbation_sensitivity,od_oc_proxy_minus_matched_random_od_oc,od_oc_proxy_minus_matched_random_od_oc,image,quality,quality_group=medium,251,138,0.549800796812749,0.06698500157269963,0.0005497429519890629,0.5216212527001466,0.004539536033304367,0.13470769552577477,supported,ConvNeXtTiny,sigma8_dil0,mean_fill,8.0,0,,medium
perturbation_sensitivity,od_oc_proxy_minus_matched_random_od_oc,od_oc_proxy_minus_matched_random_od_oc,image,quality,quality_group=high,247,207,0.8380566801619433,0.6232772939912039,0.9440190214663743,0.4428593374148367,0.5667897537694894,0.6778543700877138,supported,ConvNeXtTiny,sigma8_dil14,blur,8.0,14,,high
perturbation_sensitivity,od_oc_proxy_minus_matched_random_od_oc,od_oc_proxy_minus_matched_random_od_oc,image,quality,quality_group=low,247,186,0.7530364372469636,0.4924704074720551,0.6582364495843648,0.4657567612767848,0.4358133829551043,0.5501304886993773,supported,ConvNeXtTiny,sigma8_dil14,blur,8.0,14,,low
perturbation_sensitivity,od_oc_proxy_minus_matched_random_od_oc,od_oc_proxy_minus_matched_random_od_oc,image,quality,quality_group=medium,251,196,0.7808764940239044,0.5291475201817568,0.770309330895543,0.4587159025805888,0.47248539414986734,0.5844371819320072,supported,ConvNeXtTiny,sigma8_dil14,blur,8.0,14,,medium
perturbation_sensitivity,od_oc_proxy_minus_matched_random_od_oc,od_oc_proxy_minus_matched_random_od_oc,image,quality,quality_group=high,247,25,0.10121457489878542,-0.4027361320376247,-0.11920827627182,0.4670950802979341,-0.4598642960707217,-0.34225141410953175,not_supported,ConvNeXtTiny,sigma8_dil14,gaussian_noise,8.0,14,,high
perturbation_sensitivity,od_oc_proxy_minus_matched_random_od_oc,od_oc_proxy_minus_matched_random_od_oc,image,quality,quality_group=low,247,21,0.08502024291497975,-0.5765447167865234,-0.9141565430909394,0.47697332382819047,-0.633820555461201,-0.517033449617165,not_supported,ConvNeXtTiny,sigma8_dil14,gaussian_noise,8.0,14,,low
perturbation_sensitivity,od_oc_proxy_minus_matched_random_od_oc,od_oc_proxy_minus_matched_random_od_oc,image,quality,quality_group=medium,251,18,0.07171314741035857,-0.512536010424158,-0.6947731375694274,0.47526020092184473,-0.5709734133816932,-0.453920147121246,not_supported,ConvNeXtTiny,sigma8_dil14,gaussian_noise,8.0,14,,medium
perturbation_sensitivity,od_oc_proxy_minus_matched_random_od_oc,od_oc_proxy_minus_matched_random_od_oc,image,quality,quality_group=high,247,45,0.18218623481781376,-0.5636689636908103,-0.8829102439340203,0.5154952481702014,-0.629001290954515,-0.49750585746939335,not_supported,ConvNeXtTiny,sigma8_dil14,mean_fill,8.0,14,,high
perturbation_sensitivity,od_oc_proxy_minus_matched_random_od_oc,od_oc_proxy_minus_matched_random_od_oc,image,quality,quality_group=low,247,50,0.20242914979757085,-0.5084179617320909,-0.7798451725393534,0.517273262810391,-0.5689714847220774,-0.4427565651929893,not_supported,ConvNeXtTiny,sigma8_dil14,mean_fill,8.0,14,,low
perturbation_sensitivity,od_oc_proxy_minus_matched_random_od_oc,od_oc_proxy_minus_matched_random_od_oc,image,quality,quality_group=medium,251,32,0.12749003984063745,-0.5770979601052766,-0.8942354526370765,0.5030301279508553,-0.6383052374219295,-0.5136951613580595,not_supported,ConvNeXtTiny,sigma8_dil14,mean_fill,8.0,14,,medium
perturbation_sensitivity,od_oc_proxy_minus_matched_random_od_oc,od_oc_proxy_minus_matched_random_od_oc,image,quality,quality_group=high,247,197,0.7975708502024291,0.5163963297464036,0.7504502581432462,0.4914711591007523,0.4580823292400099,0.5768565034833631,supported,ConvNeXtTiny,sigma8_dil7,blur,8.0,7,,high
perturbation_sensitivity,od_oc_proxy_minus_matched_random_od_oc,od_oc_proxy_minus_matched_random_od_oc,image,quality,quality_group=low,247,182,0.7368421052631579,0.41037469900920803,0.2938031814992427,0.48723978828489145,0.3506070488384547,0.4718393574546809,supported,ConvNeXtTiny,sigma8_dil7,blur,8.0,7,,low
perturbation_sensitivity,od_oc_proxy_minus_matched_random_od_oc,od_oc_proxy_minus_matched_random_od_oc,image,quality,quality_group=medium,251,185,0.7370517928286853,0.44351880637121766,0.4146553128957748,0.45582952100355295,0.3865950375734269,0.502148972967108,supported,ConvNeXtTiny,sigma8_dil7,blur,8.0,7,,medium
perturbation_sensitivity,od_oc_proxy_minus_matched_random_od_oc,od_oc_proxy_minus_matched_random_od_oc,image,quality,quality_group=high,247,25,0.10121457489878542,-0.35302865566069963,-0.035273253917694,0.43223005596722675,-0.41109862656590695,-0.3005466536218305,not_supported,ConvNeXtTiny,sigma8_dil7,gaussian_noise,8.0,7,,high
perturbation_sensitivity,od_oc_proxy_minus_matched_random_od_oc,od_oc_proxy_minus_matched_random_od_oc,image,quality,quality_group=low,247,37,0.14979757085020243,-0.4829057958371343,-0.5902977883815765,0.4749610787053605,-0.5430051710885618,-0.4266952038869931,not_supported,ConvNeXtTiny,sigma8_dil7,gaussian_noise,8.0,7,,low
perturbation_sensitivity,od_oc_proxy_minus_matched_random_od_oc,od_oc_proxy_minus_matched_random_od_oc,image,quality,quality_group=medium,251,38,0.15139442231075698,-0.42135423200835137,-0.2576515674591063,0.4840053938452371,-0.48313366663489227,-0.36133676290835204,not_supported,ConvNeXtTiny,sigma8_dil7,gaussian_noise,8.0,7,,medium
perturbation_sensitivity,od_oc_proxy_minus_matched_random_od_oc,od_oc_proxy_minus_matched_random_od_oc,image,quality,quality_group=high,247,84,0.340080971659919,-0.2685036933189143,-0.1034566760063171,0.5790572300823486,-0.34589872786089154,-0.19675115389433295,not_supported,ConvNeXtTiny,sigma8_dil7,mean_fill,8.0,7,,high
perturbation_sensitivity,od_oc_proxy_minus_matched_random_od_oc,od_oc_proxy_minus_matched_random_od_oc,image,quality,quality_group=low,247,69,0.2793522267206478,-0.31603519300101157,-0.12199538946151739,0.5522190359342511,-0.3844434313514321,-0.24367465212132006,not_supported,ConvNeXtTiny,sigma8_dil7,mean_fill,8.0,7,,low
perturbation_sensitivity,od_oc_proxy_minus_matched_random_od_oc,od_oc_proxy_minus_matched_random_od_oc,image,quality,quality_group=medium,251,66,0.26294820717131473,-0.35771240461294784,-0.25742601230740547,0.5388827550113644,-0.4235035642007667,-0.291111810335485,not_supported,ConvNeXtTiny,sigma8_dil7,mean_fill,8.0,7,,medium
perturbation_sensitivity,od_oc_proxy_minus_matched_random_od_oc,od_oc_proxy_minus_matched_random_od_oc,image,quality,quality_group=high,247,130,0.5263157894736842,0.03781480730579869,0.0002496837664694002,0.37647867283873077,-0.008707188699814124,0.08279778571838728,directional_only,EfficientNetB0,sigma12_dil0,blur,12.0,0,,high
perturbation_sensitivity,od_oc_proxy_minus_matched_random_od_oc,od_oc_proxy_minus_matched_random_od_oc,image,quality,quality_group=low,247,111,0.4493927125506073,0.02539439700848738,-0.0014632614329456,0.35229906809536,-0.019495128095960396,0.06840208180899872,directional_only,EfficientNetB0,sigma12_dil0,blur,12.0,0,,low
perturbation_sensitivity,od_oc_proxy_minus_matched_random_od_oc,od_oc_proxy_minus_matched_random_od_oc,image,quality,quality_group=medium,251,110,0.43824701195219123,-0.030576876423845527,-0.0014810005086474017,0.3566332019034997,-0.07353633899588635,0.01301239703632336,not_supported,EfficientNetB0,sigma12_dil0,blur,12.0,0,,medium
perturbation_sensitivity,od_oc_proxy_minus_matched_random_od_oc,od_oc_proxy_minus_matched_random_od_oc,image,quality,quality_group=high,247,91,0.3684210526315789,-0.043125765181238764,-0.028831850737333353,0.383492963729046,-0.09143009252789633,0.0057728518165632145,not_supported,EfficientNetB0,sigma12_dil0,gaussian_noise,12.0,0,,high
perturbation_sensitivity,od_oc_proxy_minus_matched_random_od_oc,od_oc_proxy_minus_matched_random_od_oc,image,quality,quality_group=low,247,96,0.38866396761133604,-0.03990406054748949,-0.026170760584093858,0.3852484119004978,-0.08806766658971081,0.007007362954776677,not_supported,EfficientNetB0,sigma12_dil0,gaussian_noise,12.0,0,,low
perturbation_sensitivity,od_oc_proxy_minus_matched_random_od_oc,od_oc_proxy_minus_matched_random_od_oc,image,quality,quality_group=medium,251,90,0.35856573705179284,-0.08430736501778444,-0.0519113470800221,0.405724743023333,-0.13423448029437665,-0.03489748241031517,not_supported,EfficientNetB0,sigma12_dil0,gaussian_noise,12.0,0,,medium
perturbation_sensitivity,od_oc_proxy_minus_matched_random_od_oc,od_oc_proxy_minus_matched_random_od_oc,image,quality,quality_group=high,247,160,0.6477732793522267,0.18924155980020016,0.039910349994897905,0.36258680875882576,0.14484153216993748,0.23604368099850626,supported,EfficientNetB0,sigma12_dil0,mean_fill,12.0,0,,high
perturbation_sensitivity,od_oc_proxy_minus_matched_random_od_oc,od_oc_proxy_minus_matched_random_od_oc,image,quality,quality_group=low,247,141,0.5708502024291497,0.11624318562336484,0.014809483662247599,0.36604447493699455,0.06834120863278806,0.1610466267898646,supported,EfficientNetB0,sigma12_dil0,mean_fill,12.0,0,,low
perturbation_sensitivity,od_oc_proxy_minus_matched_random_od_oc,od_oc_proxy_minus_matched_random_od_oc,image,quality,quality_group=medium,251,138,0.549800796812749,0.10738045495494927,0.006435703544411701,0.3408270776077536,0.06346039989851844,0.15199581378195112,supported,EfficientNetB0,sigma12_dil0,mean_fill,12.0,0,,medium
perturbation_sensitivity,od_oc_proxy_minus_matched_random_od_oc,od_oc_proxy_minus_matched_random_od_oc,image,quality,quality_group=high,247,103,0.41700404858299595,-0.08823575864016969,-0.0142211318016052,0.43147623027421744,-0.14033640106517598,-0.033939829085181554,not_supported,EfficientNetB0,sigma12_dil14,blur,12.0,14,,high
perturbation_sensitivity,od_oc_proxy_minus_matched_random_od_oc,od_oc_proxy_minus_matched_random_od_oc,image,quality,quality_group=low,247,94,0.3805668016194332,-0.06057889864911632,-0.036955116992993274,0.4000964114346079,-0.10757795877757292,-0.011706445306586384,not_supported,EfficientNetB0,sigma12_dil14,blur,12.0,14,,low
perturbation_sensitivity,od_oc_proxy_minus_matched_random_od_oc,od_oc_proxy_minus_matched_random_od_oc,image,quality,quality_group=medium,251,85,0.3386454183266932,-0.14818043265840863,-0.0953736901283265,0.4601097727348749,-0.20549509523848244,-0.09354217284482966,not_supported,EfficientNetB0,sigma12_dil14,blur,12.0,14,,medium
perturbation_sensitivity,od_oc_proxy_minus_matched_random_od_oc,od_oc_proxy_minus_matched_random_od_oc,image,quality,quality_group=high,247,88,0.3562753036437247,-0.07785811736554916,-0.0499322414398193,0.43953119221749853,-0.13235774147357257,-0.022831509867215608,not_supported,EfficientNetB0,sigma12_dil14,gaussian_noise,12.0,14,,high
perturbation_sensitivity,od_oc_proxy_minus_matched_random_od_oc,od_oc_proxy_minus_matched_random_od_oc,image,quality,quality_group=low,247,92,0.3724696356275304,-0.08314016909601554,-0.04573600738558434,0.4371001931184051,-0.13587081465646064,-0.028112359404514568,not_supported,EfficientNetB0,sigma12_dil14,gaussian_noise,12.0,14,,low
perturbation_sensitivity,od_oc_proxy_minus_matched_random_od_oc,od_oc_proxy_minus_matched_random_od_oc,image,quality,quality_group=medium,251,98,0.3904382470119522,-0.0923508819966722,-0.04843913018703459,0.4708644330808444,-0.1501751112367978,-0.03511220870086093,not_supported,EfficientNetB0,sigma12_dil14,gaussian_noise,12.0,14,,medium
perturbation_sensitivity,od_oc_proxy_minus_matched_random_od_oc,od_oc_proxy_minus_matched_random_od_oc,image,quality,quality_group=high,247,166,0.6720647773279352,0.18840353486614844,0.1126518752425909,0.3986747402027473,0.13615137961545748,0.2392968803551139,supported,EfficientNetB0,sigma12_dil14,mean_fill,12.0,14,,high
perturbation_sensitivity,od_oc_proxy_minus_matched_random_od_oc,od_oc_proxy_minus_matched_random_od_oc,image,quality,quality_group=low,247,131,0.5303643724696356,0.06570300796284409,0.0116479885036824,0.3979146787782729,0.017378259366664664,0.11343370280519045,supported,EfficientNetB0,sigma12_dil14,mean_fill,12.0,14,,low
perturbation_sensitivity,od_oc_proxy_minus_matched_random_od_oc,od_oc_proxy_minus_matched_random_od_oc,image,quality,quality_group=medium,251,142,0.5657370517928287,0.1151743004474981,0.0617675383400638,0.3926684271322312,0.06592821624156464,0.16347741580385175,supported,EfficientNetB0,sigma12_dil14,mean_fill,12.0,14,,medium
perturbation_sensitivity,od_oc_proxy_minus_matched_random_od_oc,od_oc_proxy_minus_matched_random_od_oc,image,quality,quality_group=high,247,105,0.4251012145748988,-0.05655066268642578,-0.008091641822829902,0.42726024208402713,-0.11343986448586954,-0.002362484259986503,not_supported,EfficientNetB0,sigma12_dil7,blur,12.0,7,,high
perturbation_sensitivity,od_oc_proxy_minus_matched_random_od_oc,od_oc_proxy_minus_matched_random_od_oc,image,quality,quality_group=low,247,104,0.42105263157894735,-0.046429738927338426,-0.014397621154785,0.4103832126906404,-0.09930199949913811,0.00661871334506341,not_supported,EfficientNetB0,sigma12_dil7,blur,12.0,7,,low
perturbation_sensitivity,od_oc_proxy_minus_matched_random_od_oc,od_oc_proxy_minus_matched_random_od_oc,image,quality,quality_group=medium,251,92,0.3665338645418327,-0.12915806083871773,-0.0426631266018375,0.412922774319461,-0.18057629994849445,-0.0772821711378907,not_supported,EfficientNetB0,sigma12_dil7,blur,12.0,7,,medium
perturbation_sensitivity,od_oc_proxy_minus_matched_random_od_oc,od_oc_proxy_minus_matched_random_od_oc,image,quality,quality_group=high,247,91,0.3684210526315789,-0.060330389309335715,-0.0376264609221835,0.43045369350568274,-0.11221840355636874,-0.0054289440116798236,not_supported,EfficientNetB0,sigma12_dil7,gaussian_noise,12.0,7,,high
perturbation_sensitivity,od_oc_proxy_minus_matched_random_od_oc,od_oc_proxy_minus_matched_random_od_oc,image,quality,quality_group=low,247,92,0.3724696356275304,-0.07028197123716252,-0.051459359005093595,0.44801396151528167,-0.12363287925054584,-0.015091046255436261,not_supported,EfficientNetB0,sigma12_dil7,gaussian_noise,12.0,7,,low
perturbation_sensitivity,od_oc_proxy_minus_matched_random_od_oc,od_oc_proxy_minus_matched_random_od_oc,image,quality,quality_group=medium,251,90,0.35856573705179284,-0.09345348935539659,-0.0588244954124092,0.4405554296989464,-0.14641349223383038,-0.03630870774668986,not_supported,EfficientNetB0,sigma12_dil7,gaussian_noise,12.0,7,,medium
perturbation_sensitivity,od_oc_proxy_minus_matched_random_od_oc,od_oc_proxy_minus_matched_random_od_oc,image,quality,quality_group=high,247,178,0.7206477732793523,0.2233309833225106,0.1384718008339405,0.40046834026574873,0.1691247974348799,0.2740906288147625,supported,EfficientNetB0,sigma12_dil7,mean_fill,12.0,7,,high
perturbation_sensitivity,od_oc_proxy_minus_matched_random_od_oc,od_oc_proxy_minus_matched_random_od_oc,image,quality,quality_group=low,247,148,0.5991902834008097,0.11199938447956756,0.0443272590637207,0.39350719820356017,0.06347320520338605,0.1617930367120313,supported,EfficientNetB0,sigma12_dil7,mean_fill,12.0,7,,low
perturbation_sensitivity,od_oc_proxy_minus_matched_random_od_oc,od_oc_proxy_minus_matched_random_od_oc,image,quality,quality_group=medium,251,144,0.5737051792828686,0.13550368689161166,0.0233132243156433,0.3865033336898275,0.08690537768376273,0.18388921778031145,supported,EfficientNetB0,sigma12_dil7,mean_fill,12.0,7,,medium
perturbation_sensitivity,od_oc_proxy_minus_matched_random_od_oc,od_oc_proxy_minus_matched_random_od_oc,image,quality,quality_group=high,247,126,0.5101214574898786,0.043424296368455156,1.6091808731700293e-05,0.3235079764963579,0.005322412258519048,0.08473784781026918,supported,EfficientNetB0,sigma4_dil0,blur,4.0,0,,high
perturbation_sensitivity,od_oc_proxy_minus_matched_random_od_oc,od_oc_proxy_minus_matched_random_od_oc,image,quality,quality_group=low,247,111,0.4493927125506073,0.024791665757771184,-0.0003891587257385,0.3228034667198242,-0.014466836419800516,0.06487688551616705,directional_only,EfficientNetB0,sigma4_dil0,blur,4.0,0,,low
perturbation_sensitivity,od_oc_proxy_minus_matched_random_od_oc,od_oc_proxy_minus_matched_random_od_oc,image,quality,quality_group=medium,251,110,0.43824701195219123,-0.027915240678098054,-0.0010356984528953606,0.294195144901622,-0.06474536788121633,0.009210468596782468,not_supported,EfficientNetB0,sigma4_dil0,blur,4.0,0,,medium
perturbation_sensitivity,od_oc_proxy_minus_matched_random_od_oc,od_oc_proxy_minus_matched_random_od_oc,image,quality,quality_group=high,247,89,0.3603238866396761,-0.06285535644417721,-0.0397435978236292,0.39656984155169533,-0.11149279885002741,-0.01662093326665719,not_supported,EfficientNetB0,sigma4_dil0,gaussian_noise,4.0,0,,high
perturbation_sensitivity,od_oc_proxy_minus_matched_random_od_oc,od_oc_proxy_minus_matched_random_od_oc,image,quality,quality_group=low,247,94,0.3805668016194332,-0.03712262418514139,-0.021910279989242498,0.40530087864639286,-0.08584989019233363,0.014031928524106648,not_supported,EfficientNetB0,sigma4_dil0,gaussian_noise,4.0,0,,low
perturbation_sensitivity,od_oc_proxy_minus_matched_random_od_oc,od_oc_proxy_minus_matched_random_od_oc,image,quality,quality_group=medium,251,93,0.3705179282868526,-0.09491142053552235,-0.0260531306266783,0.3749448164577004,-0.13982295868856986,-0.04748405650901453,not_supported,EfficientNetB0,sigma4_dil0,gaussian_noise,4.0,0,,medium
perturbation_sensitivity,od_oc_proxy_minus_matched_random_od_oc,od_oc_proxy_minus_matched_random_od_oc,image,quality,quality_group=high,247,164,0.6639676113360324,0.18856787427356264,0.0561028346419335,0.37696015035181285,0.14001785323450758,0.23476641793743122,supported,EfficientNetB0,sigma4_dil0,mean_fill,4.0,0,,high
perturbation_sensitivity,od_oc_proxy_minus_matched_random_od_oc,od_oc_proxy_minus_matched_random_od_oc,image,quality,quality_group=low,247,138,0.5587044534412956,0.10076868613449005,0.007052347064018194,0.38059379268087185,0.0524084878661578,0.14796080551232016,supported,EfficientNetB0,sigma4_dil0,mean_fill,4.0,0,,low
perturbation_sensitivity,od_oc_proxy_minus_matched_random_od_oc,od_oc_proxy_minus_matched_random_od_oc,image,quality,quality_group=medium,251,146,0.5816733067729084,0.10987993002680614,0.0074735435191542,0.35697605233435564,0.06607331928042269,0.1549124382496763,supported,EfficientNetB0,sigma4_dil0,mean_fill,4.0,0,,medium
perturbation_sensitivity,od_oc_proxy_minus_matched_random_od_oc,od_oc_proxy_minus_matched_random_od_oc,image,quality,quality_group=high,247,105,0.4251012145748988,0.044056059132376965,-0.0026856441982091,0.3977959188015727,-0.005927439980501096,0.09415866215488258,directional_only,EfficientNetB0,sigma4_dil14,blur,4.0,14,,high
perturbation_sensitivity,od_oc_proxy_minus_matched_random_od_oc,od_oc_proxy_minus_matched_random_od_oc,image,quality,quality_group=low,247,94,0.3805668016194332,-0.01422870869597348,-0.011584281921386663,0.36651176881906194,-0.058959975970933505,0.035108181940177674,not_supported,EfficientNetB0,sigma4_dil14,blur,4.0,14,,low
perturbation_sensitivity,od_oc_proxy_minus_matched_random_od_oc,od_oc_proxy_minus_matched_random_od_oc,image,quality,quality_group=medium,251,94,0.3745019920318725,-0.03172520069981516,-0.0291591035202145,0.3975167500608561,-0.08205587838788732,0.018381115221412163,not_supported,EfficientNetB0,sigma4_dil14,blur,4.0,14,,medium
perturbation_sensitivity,od_oc_proxy_minus_matched_random_od_oc,od_oc_proxy_minus_matched_random_od_oc,image,quality,quality_group=high,247,95,0.38461538461538464,-0.06999119950401553,-0.04350935667753215,0.45863657747384184,-0.12435395230113881,-0.011322900128968031,not_supported,EfficientNetB0,sigma4_dil14,gaussian_noise,4.0,14,,high
perturbation_sensitivity,od_oc_proxy_minus_matched_random_od_oc,od_oc_proxy_minus_matched_random_od_oc,image,quality,quality_group=low,247,95,0.38461538461538464,-0.06307125266579199,-0.0470737766445381,0.4207053928432586,-0.11610318401364715,-0.009037808508933261,not_supported,EfficientNetB0,sigma4_dil14,gaussian_noise,4.0,14,,low
perturbation_sensitivity,od_oc_proxy_minus_matched_random_od_oc,od_oc_proxy_minus_matched_random_od_oc,image,quality,quality_group=medium,251,88,0.350597609561753,-0.10222463057842207,-0.0666068196296692,0.4561371976905448,-0.15928664416071509,-0.04547282100723228,not_supported,EfficientNetB0,sigma4_dil14,gaussian_noise,4.0,14,,medium
perturbation_sensitivity,od_oc_proxy_minus_matched_random_od_oc,od_oc_proxy_minus_matched_random_od_oc,image,quality,quality_group=high,247,171,0.6923076923076923,0.198523675833615,0.09100946038961419,0.39098880082441223,0.14828332267292246,0.24600340918991065,supported,EfficientNetB0,sigma4_dil14,mean_fill,4.0,14,,high
perturbation_sensitivity,od_oc_proxy_minus_matched_random_od_oc,od_oc_proxy_minus_matched_random_od_oc,image,quality,quality_group=low,247,137,0.5546558704453441,0.08721759423346165,0.025041224434971802,0.4005698646977862,0.03551873281935035,0.1368059967394695,supported,EfficientNetB0,sigma4_dil14,mean_fill,4.0,14,,low
perturbation_sensitivity,od_oc_proxy_minus_matched_random_od_oc,od_oc_proxy_minus_matched_random_od_oc,image,quality,quality_group=medium,251,146,0.5816733067729084,0.08478123881705926,0.0337128639221191,0.39632590578522664,0.036150981534149765,0.13349460531150648,supported,EfficientNetB0,sigma4_dil14,mean_fill,4.0,14,,medium
perturbation_sensitivity,od_oc_proxy_minus_matched_random_od_oc,od_oc_proxy_minus_matched_random_od_oc,image,quality,quality_group=high,247,123,0.4979757085020243,0.09393105202319389,-4.1734587994390886e-05,0.3583557626845393,0.05048950168452291,0.13737633085542175,supported,EfficientNetB0,sigma4_dil7,blur,4.0,7,,high
perturbation_sensitivity,od_oc_proxy_minus_matched_random_od_oc,od_oc_proxy_minus_matched_random_od_oc,image,quality,quality_group=low,247,111,0.4493927125506073,0.006599223130567544,-0.001271533391584356,0.35384883557588814,-0.03487594215710941,0.05194831298749161,directional_only,EfficientNetB0,sigma4_dil7,blur,4.0,7,,low
perturbation_sensitivity,od_oc_proxy_minus_matched_random_od_oc,od_oc_proxy_minus_matched_random_od_oc,image,quality,quality_group=medium,251,106,0.42231075697211157,0.025233614012501904,-0.0029733290430158004,0.37553239966372226,-0.019965722081110266,0.0741611072383359,directional_only,EfficientNetB0,sigma4_dil7,blur,4.0,7,,medium
perturbation_sensitivity,od_oc_proxy_minus_matched_random_od_oc,od_oc_proxy_minus_matched_random_od_oc,image,quality,quality_group=high,247,91,0.3684210526315789,-0.05453967708007856,-0.03292353451251989,0.41818054386978176,-0.10799229231024994,-0.0052497754622303034,not_supported,EfficientNetB0,sigma4_dil7,gaussian_noise,4.0,7,,high
perturbation_sensitivity,od_oc_proxy_minus_matched_random_od_oc,od_oc_proxy_minus_matched_random_od_oc,image,quality,quality_group=low,247,102,0.41295546558704455,-0.043721008547720736,-0.02502677848679,0.4353564957574303,-0.09739654381477017,0.011649033184928935,not_supported,EfficientNetB0,sigma4_dil7,gaussian_noise,4.0,7,,low
perturbation_sensitivity,od_oc_proxy_minus_matched_random_od_oc,od_oc_proxy_minus_matched_random_od_oc,image,quality,quality_group=medium,251,91,0.36254980079681276,-0.08248392950933886,-0.0443001701496541,0.46181872601629315,-0.14054783460338338,-0.026568036032459726,not_supported,EfficientNetB0,sigma4_dil7,gaussian_noise,4.0,7,,medium
perturbation_sensitivity,od_oc_proxy_minus_matched_random_od_oc,od_oc_proxy_minus_matched_random_od_oc,image,quality,quality_group=high,247,180,0.728744939271255,0.2431039488091066,0.1373444050550461,0.405286707669699,0.19318522817609873,0.29236690444458036,supported,EfficientNetB0,sigma4_dil7,mean_fill,4.0,7,,high
perturbation_sensitivity,od_oc_proxy_minus_matched_random_od_oc,od_oc_proxy_minus_matched_random_od_oc,image,quality,quality_group=low,247,145,0.5870445344129555,0.11372067222127392,0.026405387383420006,0.3899241024260429,0.06519959648348861,0.16153311065660794,supported,EfficientNetB0,sigma4_dil7,mean_fill,4.0,7,,low
perturbation_sensitivity,od_oc_proxy_minus_matched_random_od_oc,od_oc_proxy_minus_matched_random_od_oc,image,quality,quality_group=medium,251,149,0.5936254980079682,0.13520603299134556,0.051075410097837504,0.40623747164205826,0.08275320500700133,0.18667552186949385,supported,EfficientNetB0,sigma4_dil7,mean_fill,4.0,7,,medium
perturbation_sensitivity,od_oc_proxy_minus_matched_random_od_oc,od_oc_proxy_minus_matched_random_od_oc,image,quality,quality_group=high,247,108,0.43724696356275305,-0.016012575928229293,-0.0010424882657389118,0.36345102819842945,-0.059103627310200975,0.027131493351839966,not_supported,EfficientNetB0,sigma8_dil0,blur,8.0,0,,high
perturbation_sensitivity,od_oc_proxy_minus_matched_random_od_oc,od_oc_proxy_minus_matched_random_od_oc,image,quality,quality_group=low,247,104,0.42105263157894735,0.004319146458078287,-0.0043345246813258995,0.3604740650460883,-0.03901283561973092,0.0499279161631354,directional_only,EfficientNetB0,sigma8_dil0,blur,8.0,0,,low
perturbation_sensitivity,od_oc_proxy_minus_matched_random_od_oc,od_oc_proxy_minus_matched_random_od_oc,image,quality,quality_group=medium,251,105,0.41832669322709165,-0.07790325933112954,-0.0051198804285376995,0.35060560212804776,-0.11905301474238489,-0.036624134214735565,not_supported,EfficientNetB0,sigma8_dil0,blur,8.0,0,,medium
perturbation_sensitivity,od_oc_proxy_minus_matched_random_od_oc,od_oc_proxy_minus_matched_random_od_oc,image,quality,quality_group=high,247,88,0.3562753036437247,-0.049378924977013246,-0.0402792245149613,0.38933356248281964,-0.0984175267596014,0.0017356480317121477,not_supported,EfficientNetB0,sigma8_dil0,gaussian_noise,8.0,0,,high
perturbation_sensitivity,od_oc_proxy_minus_matched_random_od_oc,od_oc_proxy_minus_matched_random_od_oc,image,quality,quality_group=low,247,87,0.3522267206477733,-0.034556893623996505,-0.02828615421412903,0.4003074993781305,-0.08346856150903097,0.01702067306389374,not_supported,EfficientNetB0,sigma8_dil0,gaussian_noise,8.0,0,,low
perturbation_sensitivity,od_oc_proxy_minus_matched_random_od_oc,od_oc_proxy_minus_matched_random_od_oc,image,quality,quality_group=medium,251,95,0.3784860557768924,-0.0868453987076484,-0.0326167102903127,0.4030528955284551,-0.1377787931020276,-0.03558730262706177,not_supported,EfficientNetB0,sigma8_dil0,gaussian_noise,8.0,0,,medium
perturbation_sensitivity,od_oc_proxy_minus_matched_random_od_oc,od_oc_proxy_minus_matched_random_od_oc,image,quality,quality_group=high,247,161,0.6518218623481782,0.18009640615672298,0.0613073110580445,0.37868121784214315,0.13413395518194723,0.22797753812315275,supported,EfficientNetB0,sigma8_dil0,mean_fill,8.0,0,,high
perturbation_sensitivity,od_oc_proxy_minus_matched_random_od_oc,od_oc_proxy_minus_matched_random_od_oc,image,quality,quality_group=low,247,134,0.5425101214574899,0.10807297004862679,0.00193789874902,0.4014053490937776,0.06024823893060559,0.15776886145342012,supported,EfficientNetB0,sigma8_dil0,mean_fill,8.0,0,,low
perturbation_sensitivity,od_oc_proxy_minus_matched_random_od_oc,od_oc_proxy_minus_matched_random_od_oc,image,quality,quality_group=medium,251,136,0.5418326693227091,0.12137212407470457,0.0076964033069089,0.35171588495969586,0.07862282465057994,0.1640501078952574,supported,EfficientNetB0,sigma8_dil0,mean_fill,8.0,0,,medium
perturbation_sensitivity,od_oc_proxy_minus_matched_random_od_oc,od_oc_proxy_minus_matched_random_od_oc,image,quality,quality_group=high,247,98,0.3967611336032389,-0.0283206283632825,-0.016825556755065918,0.4218019001082898,-0.07957770429957979,0.02624554671416615,not_supported,EfficientNetB0,sigma8_dil14,blur,8.0,14,,high
perturbation_sensitivity,od_oc_proxy_minus_matched_random_od_oc,od_oc_proxy_minus_matched_random_od_oc,image,quality,quality_group=low,247,95,0.38461538461538464,-0.026502302320152802,-0.024723150505451503,0.39162666484716974,-0.07605450373065395,0.020668974814761227,not_supported,EfficientNetB0,sigma8_dil14,blur,8.0,14,,low
perturbation_sensitivity,od_oc_proxy_minus_matched_random_od_oc,od_oc_proxy_minus_matched_random_od_oc,image,quality,quality_group=medium,251,89,0.3545816733067729,-0.08842637058591041,-0.05791297554969779,0.4598427160596519,-0.14638294191573784,-0.028135246137687493,not_supported,EfficientNetB0,sigma8_dil14,blur,8.0,14,,medium
perturbation_sensitivity,od_oc_proxy_minus_matched_random_od_oc,od_oc_proxy_minus_matched_random_od_oc,image,quality,quality_group=high,247,83,0.3360323886639676,-0.0779890694932055,-0.0652001816779375,0.44639374769262624,-0.13309205203737282,-0.019824921583977178,not_supported,EfficientNetB0,sigma8_dil14,gaussian_noise,8.0,14,,high
perturbation_sensitivity,od_oc_proxy_minus_matched_random_od_oc,od_oc_proxy_minus_matched_random_od_oc,image,quality,quality_group=low,247,105,0.4251012145748988,-0.05040361803824761,-0.040717124938964705,0.40065783704747676,-0.10204298027393366,-0.001092263226382981,not_supported,EfficientNetB0,sigma8_dil14,gaussian_noise,8.0,14,,low
perturbation_sensitivity,od_oc_proxy_minus_matched_random_od_oc,od_oc_proxy_minus_matched_random_od_oc,image,quality,quality_group=medium,251,94,0.3745019920318725,-0.08922171751856411,-0.04527250701128868,0.4576618983636591,-0.14574989759956938,-0.029681657334313424,not_supported,EfficientNetB0,sigma8_dil14,gaussian_noise,8.0,14,,medium
perturbation_sensitivity,od_oc_proxy_minus_matched_random_od_oc,od_oc_proxy_minus_matched_random_od_oc,image,quality,quality_group=high,247,175,0.708502024291498,0.19310085526453058,0.1244668960571288,0.3662487072854219,0.15013729240962118,0.23696740269100836,supported,EfficientNetB0,sigma8_dil14,mean_fill,8.0,14,,high
perturbation_sensitivity,od_oc_proxy_minus_matched_random_od_oc,od_oc_proxy_minus_matched_random_od_oc,image,quality,quality_group=low,247,132,0.5344129554655871,0.0633443145549555,0.007174789905548096,0.397804076385829,0.014874407370132813,0.11380709548895003,supported,EfficientNetB0,sigma8_dil14,mean_fill,8.0,14,,low
perturbation_sensitivity,od_oc_proxy_minus_matched_random_od_oc,od_oc_proxy_minus_matched_random_od_oc,image,quality,quality_group=medium,251,146,0.5816733067729084,0.09484444631088843,0.0209142474923283,0.3950262967751019,0.044335964004111404,0.14422957607220477,supported,EfficientNetB0,sigma8_dil14,mean_fill,8.0,14,,medium
perturbation_sensitivity,od_oc_proxy_minus_matched_random_od_oc,od_oc_proxy_minus_matched_random_od_oc,image,quality,quality_group=high,247,98,0.3967611336032389,-0.02444677703999862,-0.008944451808929499,0.4253749584085358,-0.07362162699867175,0.02861543750689384,not_supported,EfficientNetB0,sigma8_dil7,blur,8.0,7,,high
perturbation_sensitivity,od_oc_proxy_minus_matched_random_od_oc,od_oc_proxy_minus_matched_random_od_oc,image,quality,quality_group=low,247,95,0.38461538461538464,-0.03566762050690068,-0.012317284766243827,0.3762377981808235,-0.0820383507788377,0.012119229266930744,not_supported,EfficientNetB0,sigma8_dil7,blur,8.0,7,,low
perturbation_sensitivity,od_oc_proxy_minus_matched_random_od_oc,od_oc_proxy_minus_matched_random_od_oc,image,quality,quality_group=medium,251,98,0.3904382470119522,-0.08317076670305651,-0.03331695703241159,0.40280379440042907,-0.13550075507929052,-0.036355651925733534,not_supported,EfficientNetB0,sigma8_dil7,blur,8.0,7,,medium
perturbation_sensitivity,od_oc_proxy_minus_matched_random_od_oc,od_oc_proxy_minus_matched_random_od_oc,image,quality,quality_group=high,247,91,0.3684210526315789,-0.05148309347364988,-0.033768615743610904,0.41643483151849553,-0.10274192208760764,0.0014401164963588407,not_supported,EfficientNetB0,sigma8_dil7,gaussian_noise,8.0,7,,high
perturbation_sensitivity,od_oc_proxy_minus_matched_random_od_oc,od_oc_proxy_minus_matched_random_od_oc,image,quality,quality_group=low,247,98,0.3967611336032389,-0.059220417820265533,-0.0489766862010584,0.43538053765181295,-0.11273632565146707,-0.008222138187190035,not_supported,EfficientNetB0,sigma8_dil7,gaussian_noise,8.0,7,,low
perturbation_sensitivity,od_oc_proxy_minus_matched_random_od_oc,od_oc_proxy_minus_matched_random_od_oc,image,quality,quality_group=medium,251,99,0.3944223107569721,-0.08358665999679563,-0.0283211064479474,0.4472893587069617,-0.1391011872511399,-0.027194244313900613,not_supported,EfficientNetB0,sigma8_dil7,gaussian_noise,8.0,7,,medium
perturbation_sensitivity,od_oc_proxy_minus_matched_random_od_oc,od_oc_proxy_minus_matched_random_od_oc,image,quality,quality_group=high,247,178,0.7206477732793523,0.22272985591544067,0.11419394263066351,0.40142766242020395,0.17358527452882103,0.2728613253337283,supported,EfficientNetB0,sigma8_dil7,mean_fill,8.0,7,,high
perturbation_sensitivity,od_oc_proxy_minus_matched_random_od_oc,od_oc_proxy_minus_matched_random_od_oc,image,quality,quality_group=low,247,146,0.5910931174089069,0.09658168708056178,0.023725933919195093,0.38888437518516694,0.05134091802604951,0.14380374898134077,supported,EfficientNetB0,sigma8_dil7,mean_fill,8.0,7,,low
perturbation_sensitivity,od_oc_proxy_minus_matched_random_od_oc,od_oc_proxy_minus_matched_random_od_oc,image,quality,quality_group=medium,251,151,0.601593625498008,0.16647596390781508,0.0433407165110111,0.40830051178284954,0.11759350562465619,0.21834250452536288,supported,EfficientNetB0,sigma8_dil7,mean_fill,8.0,7,,medium
perturbation_sensitivity,od_oc_proxy_minus_matched_random_od_oc,od_oc_proxy_minus_matched_random_od_oc,patient,quality,quality_group=high,139,120,0.8633093525179856,0.4463994419109379,0.4662517686495752,0.4279271049896448,0.3750171323987194,0.5176033225970175,supported,ConvNeXtTiny,sigma12_dil0,blur,12.0,0,,high
perturbation_sensitivity,od_oc_proxy_minus_matched_random_od_oc,od_oc_proxy_minus_matched_random_od_oc,patient,quality,quality_group=low,159,122,0.7672955974842768,0.3756322898395862,0.34279186464846134,0.42890636397490906,0.30834763769523094,0.4427987902636893,supported,ConvNeXtTiny,sigma12_dil0,blur,12.0,0,,low
perturbation_sensitivity,od_oc_proxy_minus_matched_random_od_oc,od_oc_proxy_minus_matched_random_od_oc,patient,quality,quality_group=medium,160,127,0.79375,0.4258536238076317,0.42000602385815,0.42688875719026664,0.36171757341941535,0.4883198959599657,supported,ConvNeXtTiny,sigma12_dil0,blur,12.0,0,,medium
perturbation_sensitivity,od_oc_proxy_minus_matched_random_od_oc,od_oc_proxy_minus_matched_random_od_oc,patient,quality,quality_group=high,139,66,0.4748201438848921,-0.051403117353835154,-0.00011718273162841797,0.37645838645303825,-0.11372989110734989,0.011387710497804682,not_supported,ConvNeXtTiny,sigma12_dil0,gaussian_noise,12.0,0,,high
perturbation_sensitivity,od_oc_proxy_minus_matched_random_od_oc,od_oc_proxy_minus_matched_random_od_oc,patient,quality,quality_group=low,159,74,0.46540880503144655,-0.04878854375891012,-0.0004308051429689,0.4992911158164625,-0.1249456657982896,0.025386626325602832,not_supported,ConvNeXtTiny,sigma12_dil0,gaussian_noise,12.0,0,,low
perturbation_sensitivity,od_oc_proxy_minus_matched_random_od_oc,od_oc_proxy_minus_matched_random_od_oc,patient,quality,quality_group=medium,160,77,0.48125,-0.031429028837325644,-0.00024110078811641323,0.4444733466335913,-0.10082022151716234,0.03555296950814785,not_supported,ConvNeXtTiny,sigma12_dil0,gaussian_noise,12.0,0,,medium
perturbation_sensitivity,od_oc_proxy_minus_matched_random_od_oc,od_oc_proxy_minus_matched_random_od_oc,patient,quality,quality_group=high,139,85,0.6115107913669064,0.18582187615174656,0.04354798793792719,0.5242037482296413,0.0963780717298579,0.268299482755422,supported,ConvNeXtTiny,sigma12_dil0,mean_fill,12.0,0,,high
perturbation_sensitivity,od_oc_proxy_minus_matched_random_od_oc,od_oc_proxy_minus_matched_random_od_oc,patient,quality,quality_group=low,159,86,0.5408805031446541,0.06605112868152141,0.0004878882318734999,0.48226027241585706,-0.010401879528688079,0.14287291870890678,directional_only,ConvNeXtTiny,sigma12_dil0,mean_fill,12.0,0,,low
perturbation_sensitivity,od_oc_proxy_minus_matched_random_od_oc,od_oc_proxy_minus_matched_random_od_oc,patient,quality,quality_group=medium,160,81,0.50625,0.03211579875326047,8.65142792463036e-05,0.4372465875695152,-0.03362428740449783,0.10023265576294944,directional_only,ConvNeXtTiny,sigma12_dil0,mean_fill,12.0,0,,medium
perturbation_sensitivity,od_oc_proxy_minus_matched_random_od_oc,od_oc_proxy_minus_matched_random_od_oc,patient,quality,quality_group=high,139,119,0.8561151079136691,0.555381899149432,0.6474445157994827,0.42241436081915723,0.4840465388117033,0.620362473478118,supported,ConvNeXtTiny,sigma12_dil14,blur,12.0,14,,high
perturbation_sensitivity,od_oc_proxy_minus_matched_random_od_oc,od_oc_proxy_minus_matched_random_od_oc,patient,quality,quality_group=low,159,123,0.7735849056603774,0.4404020301502736,0.45093176886439323,0.40910965154726575,0.37907799490574196,0.504088682883438,supported,ConvNeXtTiny,sigma12_dil14,blur,12.0,14,,low
perturbation_sensitivity,od_oc_proxy_minus_matched_random_od_oc,od_oc_proxy_minus_matched_random_od_oc,patient,quality,quality_group=medium,160,133,0.83125,0.49483279379518363,0.48844326473772526,0.4237546532049219,0.43282918926450636,0.5608142497979572,supported,ConvNeXtTiny,sigma12_dil14,blur,12.0,14,,medium
perturbation_sensitivity,od_oc_proxy_minus_matched_random_od_oc,od_oc_proxy_minus_matched_random_od_oc,patient,quality,quality_group=high,139,10,0.07194244604316546,-0.43215965696160685,-0.3435071346660454,0.4247141135400001,-0.5040217945740202,-0.3656367596872902,not_supported,ConvNeXtTiny,sigma12_dil14,gaussian_noise,12.0,14,,high
perturbation_sensitivity,od_oc_proxy_minus_matched_random_od_oc,od_oc_proxy_minus_matched_random_od_oc,patient,quality,quality_group=low,159,6,0.03773584905660377,-0.6266704507523642,-0.8984292596578598,0.4064285310530013,-0.6904351832121617,-0.5658705899342487,not_supported,ConvNeXtTiny,sigma12_dil14,gaussian_noise,12.0,14,,low
perturbation_sensitivity,od_oc_proxy_minus_matched_random_od_oc,od_oc_proxy_minus_matched_random_od_oc,patient,quality,quality_group=medium,160,12,0.075,-0.5476261294152611,-0.6883338426100636,0.4326976832937619,-0.6166871682523613,-0.4834834632888342,not_supported,ConvNeXtTiny,sigma12_dil14,gaussian_noise,12.0,14,,medium
perturbation_sensitivity,od_oc_proxy_minus_matched_random_od_oc,od_oc_proxy_minus_matched_random_od_oc,patient,quality,quality_group=high,139,18,0.12949640287769784,-0.566781130496241,-0.7850231067665543,0.4715232789211101,-0.6408201833118817,-0.4827949916713595,not_supported,ConvNeXtTiny,sigma12_dil14,mean_fill,12.0,14,,high
perturbation_sensitivity,od_oc_proxy_minus_matched_random_od_oc,od_oc_proxy_minus_matched_random_od_oc,patient,quality,quality_group=low,159,31,0.1949685534591195,-0.49310831525001364,-0.6633222419768572,0.4757826336613739,-0.5691263660887894,-0.4233814160380798,not_supported,ConvNeXtTiny,sigma12_dil14,mean_fill,12.0,14,,low
perturbation_sensitivity,od_oc_proxy_minus_matched_random_od_oc,od_oc_proxy_minus_matched_random_od_oc,patient,quality,quality_group=medium,160,18,0.1125,-0.5595543489221755,-0.7847522501833737,0.4847901073973411,-0.6339859460141505,-0.4866880044582104,not_supported,ConvNeXtTiny,sigma12_dil14,mean_fill,12.0,14,,medium
perturbation_sensitivity,od_oc_proxy_minus_matched_random_od_oc,od_oc_proxy_minus_matched_random_od_oc,patient,quality,quality_group=high,139,113,0.8129496402877698,0.43145808404400526,0.4936988102272153,0.4609037796133704,0.3541593339476055,0.5075847439188127,supported,ConvNeXtTiny,sigma12_dil7,blur,12.0,7,,high
perturbation_sensitivity,od_oc_proxy_minus_matched_random_od_oc,od_oc_proxy_minus_matched_random_od_oc,patient,quality,quality_group=low,159,117,0.7358490566037735,0.3437500464661705,0.24906887300312527,0.4157241118947024,0.28072947273079024,0.409657297025871,supported,ConvNeXtTiny,sigma12_dil7,blur,12.0,7,,low
perturbation_sensitivity,od_oc_proxy_minus_matched_random_od_oc,od_oc_proxy_minus_matched_random_od_oc,patient,quality,quality_group=medium,160,124,0.775,0.37736593515381944,0.31760412408038974,0.4268905409141667,0.3126658116780492,0.44585500804066636,supported,ConvNeXtTiny,sigma12_dil7,blur,12.0,7,,medium
perturbation_sensitivity,od_oc_proxy_minus_matched_random_od_oc,od_oc_proxy_minus_matched_random_od_oc,patient,quality,quality_group=high,139,14,0.10071942446043165,-0.34103978339809765,-0.16519049124326557,0.4323367513815257,-0.41094409512612307,-0.27297379652377673,not_supported,ConvNeXtTiny,sigma12_dil7,gaussian_noise,12.0,7,,high
perturbation_sensitivity,od_oc_proxy_minus_matched_random_od_oc,od_oc_proxy_minus_matched_random_od_oc,patient,quality,quality_group=low,159,13,0.08176100628930817,-0.48198199649279544,-0.4889342207461595,0.45384118471116497,-0.552913063228786,-0.4130222787647919,not_supported,ConvNeXtTiny,sigma12_dil7,gaussian_noise,12.0,7,,low
perturbation_sensitivity,od_oc_proxy_minus_matched_random_od_oc,od_oc_proxy_minus_matched_random_od_oc,patient,quality,quality_group=medium,160,21,0.13125,-0.3927535999669012,-0.22947584558278317,0.441942177867376,-0.45941240408407624,-0.3228236698390902,not_supported,ConvNeXtTiny,sigma12_dil7,gaussian_noise,12.0,7,,medium
perturbation_sensitivity,od_oc_proxy_minus_matched_random_od_oc,od_oc_proxy_minus_matched_random_od_oc,patient,quality,quality_group=high,139,41,0.2949640287769784,-0.30539060216964664,-0.2989744544029236,0.491156329482737,-0.3862191751634131,-0.22327725327258696,not_supported,ConvNeXtTiny,sigma12_dil7,mean_fill,12.0,7,,high
perturbation_sensitivity,od_oc_proxy_minus_matched_random_od_oc,od_oc_proxy_minus_matched_random_od_oc,patient,quality,quality_group=low,159,38,0.2389937106918239,-0.3327887765609008,-0.34483984345570207,0.4961171683936287,-0.41140075235690454,-0.2532893833258635,not_supported,ConvNeXtTiny,sigma12_dil7,mean_fill,12.0,7,,low
perturbation_sensitivity,od_oc_proxy_minus_matched_random_od_oc,od_oc_proxy_minus_matched_random_od_oc,patient,quality,quality_group=medium,160,38,0.2375,-0.34788784151146446,-0.32147300317883487,0.47908188800679097,-0.42184378407383627,-0.2728049463561671,not_supported,ConvNeXtTiny,sigma12_dil7,mean_fill,12.0,7,,medium
perturbation_sensitivity,od_oc_proxy_minus_matched_random_od_oc,od_oc_proxy_minus_matched_random_od_oc,patient,quality,quality_group=high,139,115,0.8273381294964028,0.30539566239173815,0.2214706838130951,0.3862794793365925,0.24151912364853123,0.369008780305581,supported,ConvNeXtTiny,sigma4_dil0,blur,4.0,0,,high
perturbation_sensitivity,od_oc_proxy_minus_matched_random_od_oc,od_oc_proxy_minus_matched_random_od_oc,patient,quality,quality_group=low,159,117,0.7358490566037735,0.28332244109364796,0.0754829812794924,0.38214286371836215,0.2245320728074365,0.34427191640688815,supported,ConvNeXtTiny,sigma4_dil0,blur,4.0,0,,low
perturbation_sensitivity,od_oc_proxy_minus_matched_random_od_oc,od_oc_proxy_minus_matched_random_od_oc,patient,quality,quality_group=medium,160,127,0.79375,0.31003193386778766,0.13483670260757205,0.365340868470313,0.2561064092858912,0.3671088931617912,supported,ConvNeXtTiny,sigma4_dil0,blur,4.0,0,,medium
perturbation_sensitivity,od_oc_proxy_minus_matched_random_od_oc,od_oc_proxy_minus_matched_random_od_oc,patient,quality,quality_group=high,139,58,0.4172661870503597,-0.07636237367663093,-0.0017645955085754002,0.3987790947014203,-0.1429545908349282,-0.011325237978708779,not_supported,ConvNeXtTiny,sigma4_dil0,gaussian_noise,4.0,0,,high
perturbation_sensitivity,od_oc_proxy_minus_matched_random_od_oc,od_oc_proxy_minus_matched_random_od_oc,patient,quality,quality_group=low,159,78,0.49056603773584906,-0.04950736578631877,-2.669263631099872e-05,0.49419433843066113,-0.12623766503442657,0.028379869842102928,not_supported,ConvNeXtTiny,sigma4_dil0,gaussian_noise,4.0,0,,low
perturbation_sensitivity,od_oc_proxy_minus_matched_random_od_oc,od_oc_proxy_minus_matched_random_od_oc,patient,quality,quality_group=medium,160,81,0.50625,-0.05307629203735955,2.5220215320579298e-05,0.45538233902735403,-0.12600698159706658,0.0158308181129978,not_supported,ConvNeXtTiny,sigma4_dil0,gaussian_noise,4.0,0,,medium
perturbation_sensitivity,od_oc_proxy_minus_matched_random_od_oc,od_oc_proxy_minus_matched_random_od_oc,patient,quality,quality_group=high,139,89,0.6402877697841727,0.20518899789042974,0.10550868511199946,0.5225411685227924,0.112817602809104,0.28812456635211564,supported,ConvNeXtTiny,sigma4_dil0,mean_fill,4.0,0,,high
perturbation_sensitivity,od_oc_proxy_minus_matched_random_od_oc,od_oc_proxy_minus_matched_random_od_oc,patient,quality,quality_group=low,159,87,0.5471698113207547,0.06188549516221083,0.00043310411274422034,0.47762882404666746,-0.011550733613399283,0.13563285243939924,directional_only,ConvNeXtTiny,sigma4_dil0,mean_fill,4.0,0,,low
perturbation_sensitivity,od_oc_proxy_minus_matched_random_od_oc,od_oc_proxy_minus_matched_random_od_oc,patient,quality,quality_group=medium,160,86,0.5375,0.0557156600433756,0.0005259020254015862,0.46797179541606904,-0.01834669667343128,0.12547174355959154,directional_only,ConvNeXtTiny,sigma4_dil0,mean_fill,4.0,0,,medium
perturbation_sensitivity,od_oc_proxy_minus_matched_random_od_oc,od_oc_proxy_minus_matched_random_od_oc,patient,quality,quality_group=high,139,124,0.8920863309352518,0.6174600340007884,0.841621357947588,0.39990851976647945,0.5505632722801054,0.68134959668072,supported,ConvNeXtTiny,sigma4_dil14,blur,4.0,14,,high
perturbation_sensitivity,od_oc_proxy_minus_matched_random_od_oc,od_oc_proxy_minus_matched_random_od_oc,patient,quality,quality_group=low,159,121,0.7610062893081762,0.4896776037238235,0.4890382206067443,0.40680715658721395,0.42987402015507115,0.5520553794832749,supported,ConvNeXtTiny,sigma4_dil14,blur,4.0,14,,low
perturbation_sensitivity,od_oc_proxy_minus_matched_random_od_oc,od_oc_proxy_minus_matched_random_od_oc,patient,quality,quality_group=medium,160,133,0.83125,0.5283467649356995,0.5024812472984195,0.4086015521131894,0.4630048788027692,0.5927030682129235,supported,ConvNeXtTiny,sigma4_dil14,blur,4.0,14,,medium
perturbation_sensitivity,od_oc_proxy_minus_matched_random_od_oc,od_oc_proxy_minus_matched_random_od_oc,patient,quality,quality_group=high,139,8,0.05755395683453238,-0.4130806654606451,-0.34681081771850586,0.4442517557792279,-0.4857487053671106,-0.3346419521321957,not_supported,ConvNeXtTiny,sigma4_dil14,gaussian_noise,4.0,14,,high
perturbation_sensitivity,od_oc_proxy_minus_matched_random_od_oc,od_oc_proxy_minus_matched_random_od_oc,patient,quality,quality_group=low,159,16,0.10062893081761007,-0.5590865172589417,-0.6797143183648586,0.43088630288175833,-0.6246328808401979,-0.49481756298208246,not_supported,ConvNeXtTiny,sigma4_dil14,gaussian_noise,4.0,14,,low
perturbation_sensitivity,od_oc_proxy_minus_matched_random_od_oc,od_oc_proxy_minus_matched_random_od_oc,patient,quality,quality_group=medium,160,19,0.11875,-0.5199421620729383,-0.5355184152722359,0.4409022071995153,-0.5865365652875837,-0.453975183455425,not_supported,ConvNeXtTiny,sigma4_dil14,gaussian_noise,4.0,14,,medium
perturbation_sensitivity,od_oc_proxy_minus_matched_random_od_oc,od_oc_proxy_minus_matched_random_od_oc,patient,quality,quality_group=high,139,22,0.15827338129496402,-0.5293229845048453,-0.643420476000756,0.46270918163528046,-0.6070005819583196,-0.4512299597492377,not_supported,ConvNeXtTiny,sigma4_dil14,mean_fill,4.0,14,,high
perturbation_sensitivity,od_oc_proxy_minus_matched_random_od_oc,od_oc_proxy_minus_matched_random_od_oc,patient,quality,quality_group=low,159,21,0.1320754716981132,-0.542119878053506,-0.7230843869037925,0.4624328644217552,-0.6117241767397134,-0.46864068690484934,not_supported,ConvNeXtTiny,sigma4_dil14,mean_fill,4.0,14,,low
perturbation_sensitivity,od_oc_proxy_minus_matched_random_od_oc,od_oc_proxy_minus_matched_random_od_oc,patient,quality,quality_group=medium,160,18,0.1125,-0.5669940718852962,-0.6440926447200278,0.43271155218435076,-0.63434701333201,-0.49732416110434785,not_supported,ConvNeXtTiny,sigma4_dil14,mean_fill,4.0,14,,medium
perturbation_sensitivity,od_oc_proxy_minus_matched_random_od_oc,od_oc_proxy_minus_matched_random_od_oc,patient,quality,quality_group=high,139,123,0.8848920863309353,0.5469628000344726,0.6487974040210247,0.4328588848759366,0.4784477079905262,0.6161578190004052,supported,ConvNeXtTiny,sigma4_dil7,blur,4.0,7,,high
perturbation_sensitivity,od_oc_proxy_minus_matched_random_od_oc,od_oc_proxy_minus_matched_random_od_oc,patient,quality,quality_group=low,159,122,0.7672955974842768,0.4610732300093631,0.4778715036809444,0.4216420039064253,0.3958955326282738,0.5281618396524492,supported,ConvNeXtTiny,sigma4_dil7,blur,4.0,7,,low
perturbation_sensitivity,od_oc_proxy_minus_matched_random_od_oc,od_oc_proxy_minus_matched_random_od_oc,patient,quality,quality_group=medium,160,137,0.85625,0.4913156114700962,0.47572492099425284,0.4021680169509409,0.43342705270898385,0.5554458258379554,supported,ConvNeXtTiny,sigma4_dil7,blur,4.0,7,,medium
perturbation_sensitivity,od_oc_proxy_minus_matched_random_od_oc,od_oc_proxy_minus_matched_random_od_oc,patient,quality,quality_group=high,139,14,0.10071942446043165,-0.35370818816411975,-0.16683475331713757,0.4343127492682461,-0.42456699318708124,-0.2823891316461064,not_supported,ConvNeXtTiny,sigma4_dil7,gaussian_noise,4.0,7,,high
perturbation_sensitivity,od_oc_proxy_minus_matched_random_od_oc,od_oc_proxy_minus_matched_random_od_oc,patient,quality,quality_group=low,159,19,0.11949685534591195,-0.46822583525868017,-0.4918017983436585,0.45278453954304365,-0.5423084035050925,-0.4003028832776409,not_supported,ConvNeXtTiny,sigma4_dil7,gaussian_noise,4.0,7,,low
perturbation_sensitivity,od_oc_proxy_minus_matched_random_od_oc,od_oc_proxy_minus_matched_random_od_oc,patient,quality,quality_group=medium,160,18,0.1125,-0.3943940995588727,-0.3032595949868361,0.3951519477090684,-0.4554560750942583,-0.3371830147339203,not_supported,ConvNeXtTiny,sigma4_dil7,gaussian_noise,4.0,7,,medium
perturbation_sensitivity,od_oc_proxy_minus_matched_random_od_oc,od_oc_proxy_minus_matched_random_od_oc,patient,quality,quality_group=high,139,46,0.33093525179856115,-0.27446907606777254,-0.2054486870765686,0.5034386825929664,-0.3553149421332148,-0.1900632056554512,not_supported,ConvNeXtTiny,sigma4_dil7,mean_fill,4.0,7,,high
perturbation_sensitivity,od_oc_proxy_minus_matched_random_od_oc,od_oc_proxy_minus_matched_random_od_oc,patient,quality,quality_group=low,159,38,0.2389937106918239,-0.3522287016518414,-0.34691002592444425,0.5006507000910596,-0.42740865985381526,-0.27572390150262177,not_supported,ConvNeXtTiny,sigma4_dil7,mean_fill,4.0,7,,low
perturbation_sensitivity,od_oc_proxy_minus_matched_random_od_oc,od_oc_proxy_minus_matched_random_od_oc,patient,quality,quality_group=medium,160,30,0.1875,-0.3427737982455693,-0.3149005374871193,0.46609350605069827,-0.41410868852199695,-0.27097528300769724,not_supported,ConvNeXtTiny,sigma4_dil7,mean_fill,4.0,7,,medium
perturbation_sensitivity,od_oc_proxy_minus_matched_random_od_oc,od_oc_proxy_minus_matched_random_od_oc,patient,quality,quality_group=high,139,111,0.7985611510791367,0.2884599877464054,0.21804893016815172,0.41973566143259367,0.22091165615959876,0.3549613164120497,supported,ConvNeXtTiny,sigma8_dil0,blur,8.0,0,,high
perturbation_sensitivity,od_oc_proxy_minus_matched_random_od_oc,od_oc_proxy_minus_matched_random_od_oc,patient,quality,quality_group=low,159,120,0.7547169811320755,0.3082720341020576,0.11969803956647714,0.40593723603312515,0.24359970839422965,0.3713490963305589,supported,ConvNeXtTiny,sigma8_dil0,blur,8.0,0,,low
perturbation_sensitivity,od_oc_proxy_minus_matched_random_od_oc,od_oc_proxy_minus_matched_random_od_oc,patient,quality,quality_group=medium,160,121,0.75625,0.29933995747331715,0.13370504229897046,0.40619840193457823,0.24054468695395465,0.3630926423402722,supported,ConvNeXtTiny,sigma8_dil0,blur,8.0,0,,medium
perturbation_sensitivity,od_oc_proxy_minus_matched_random_od_oc,od_oc_proxy_minus_matched_random_od_oc,patient,quality,quality_group=high,139,57,0.41007194244604317,-0.06292315119000395,-0.0014274716377257,0.40138197243964513,-0.12900698133942234,0.0014095876954096592,not_supported,ConvNeXtTiny,sigma8_dil0,gaussian_noise,8.0,0,,high
perturbation_sensitivity,od_oc_proxy_minus_matched_random_od_oc,od_oc_proxy_minus_matched_random_od_oc,patient,quality,quality_group=low,159,73,0.4591194968553459,-0.08559007776104399,-0.0004306640475987774,0.4399409306545812,-0.15662977949518217,-0.01665831059590388,not_supported,ConvNeXtTiny,sigma8_dil0,gaussian_noise,8.0,0,,low
perturbation_sensitivity,od_oc_proxy_minus_matched_random_od_oc,od_oc_proxy_minus_matched_random_od_oc,patient,quality,quality_group=medium,160,80,0.5,-0.02074955283194186,-9.560026228427885e-06,0.46035683704215935,-0.09558698741192864,0.04960272237900223,not_supported,ConvNeXtTiny,sigma8_dil0,gaussian_noise,8.0,0,,medium
perturbation_sensitivity,od_oc_proxy_minus_matched_random_od_oc,od_oc_proxy_minus_matched_random_od_oc,patient,quality,quality_group=high,139,86,0.6187050359712231,0.18262582446792788,0.0725526809692382,0.5242598300514887,0.09831395178825124,0.2664058639339021,supported,ConvNeXtTiny,sigma8_dil0,mean_fill,8.0,0,,high
perturbation_sensitivity,od_oc_proxy_minus_matched_random_od_oc,od_oc_proxy_minus_matched_random_od_oc,patient,quality,quality_group=low,159,82,0.5157232704402516,0.060642905197454335,0.0002972539514302996,0.4605640108580034,-0.009580344672885453,0.13291679435523185,directional_only,ConvNeXtTiny,sigma8_dil0,mean_fill,8.0,0,,low
perturbation_sensitivity,od_oc_proxy_minus_matched_random_od_oc,od_oc_proxy_minus_matched_random_od_oc,patient,quality,quality_group=medium,160,88,0.55,0.043564702715901536,0.0011378359049558106,0.4598813051949252,-0.02419201773211606,0.11372317808900474,directional_only,ConvNeXtTiny,sigma8_dil0,mean_fill,8.0,0,,medium
perturbation_sensitivity,od_oc_proxy_minus_matched_random_od_oc,od_oc_proxy_minus_matched_random_od_oc,patient,quality,quality_group=high,139,120,0.8633093525179856,0.6105226511219989,0.8179487395100296,0.4116905333125233,0.5417868229238775,0.6759660669453417,supported,ConvNeXtTiny,sigma8_dil14,blur,8.0,14,,high
perturbation_sensitivity,od_oc_proxy_minus_matched_random_od_oc,od_oc_proxy_minus_matched_random_od_oc,patient,quality,quality_group=low,159,126,0.7924528301886793,0.4880157002739562,0.49128734506666666,0.4181837282703531,0.423139598617861,0.554603262763749,supported,ConvNeXtTiny,sigma8_dil14,blur,8.0,14,,low
perturbation_sensitivity,od_oc_proxy_minus_matched_random_od_oc,od_oc_proxy_minus_matched_random_od_oc,patient,quality,quality_group=medium,160,134,0.8375,0.5106843341327432,0.48815252678468823,0.4172709430347254,0.44944727556184033,0.5768923258452112,supported,ConvNeXtTiny,sigma8_dil14,blur,8.0,14,,medium
perturbation_sensitivity,od_oc_proxy_minus_matched_random_od_oc,od_oc_proxy_minus_matched_random_od_oc,patient,quality,quality_group=high,139,13,0.09352517985611511,-0.40446830799488476,-0.2906938800588249,0.4183478057312469,-0.4721051910391668,-0.33496669963155684,not_supported,ConvNeXtTiny,sigma8_dil14,gaussian_noise,8.0,14,,high
perturbation_sensitivity,od_oc_proxy_minus_matched_random_od_oc,od_oc_proxy_minus_matched_random_od_oc,patient,quality,quality_group=low,159,9,0.05660377358490566,-0.5868302039126654,-0.7658135801553726,0.4350447311469186,-0.6556675719446281,-0.5177023527000346,not_supported,ConvNeXtTiny,sigma8_dil14,gaussian_noise,8.0,14,,low
perturbation_sensitivity,od_oc_proxy_minus_matched_random_od_oc,od_oc_proxy_minus_matched_random_od_oc,patient,quality,quality_group=medium,160,7,0.04375,-0.5461779375939908,-0.6504892936597267,0.4240037997425334,-0.612454137911737,-0.47874860542738623,not_supported,ConvNeXtTiny,sigma8_dil14,gaussian_noise,8.0,14,,medium
perturbation_sensitivity,od_oc_proxy_minus_matched_random_od_oc,od_oc_proxy_minus_matched_random_od_oc,patient,quality,quality_group=high,139,23,0.16546762589928057,-0.5417290629544655,-0.6779859149828553,0.4826711826815727,-0.6262355303008704,-0.4641585455367016,not_supported,ConvNeXtTiny,sigma8_dil14,mean_fill,8.0,14,,high
perturbation_sensitivity,od_oc_proxy_minus_matched_random_od_oc,od_oc_proxy_minus_matched_random_od_oc,patient,quality,quality_group=low,159,27,0.16981132075471697,-0.5047788148749539,-0.5052188681438565,0.44696677276713626,-0.5713734778594325,-0.43456295367650977,not_supported,ConvNeXtTiny,sigma8_dil14,mean_fill,8.0,14,,low
perturbation_sensitivity,od_oc_proxy_minus_matched_random_od_oc,od_oc_proxy_minus_matched_random_od_oc,patient,quality,quality_group=medium,160,17,0.10625,-0.5695749982972129,-0.7894109543412924,0.4809514888271149,-0.6424431851654535,-0.49302005830968376,not_supported,ConvNeXtTiny,sigma8_dil14,mean_fill,8.0,14,,medium
perturbation_sensitivity,od_oc_proxy_minus_matched_random_od_oc,od_oc_proxy_minus_matched_random_od_oc,patient,quality,quality_group=high,139,114,0.8201438848920863,0.48598465270830876,0.5649874276326349,0.44539762793665716,0.4108043978012984,0.5628603843068377,supported,ConvNeXtTiny,sigma8_dil7,blur,8.0,7,,high
perturbation_sensitivity,od_oc_proxy_minus_matched_random_od_oc,od_oc_proxy_minus_matched_random_od_oc,patient,quality,quality_group=low,159,123,0.7735849056603774,0.40546981040448826,0.4145668391138316,0.41069038246911266,0.34175511795437835,0.46770111348847826,supported,ConvNeXtTiny,sigma8_dil7,blur,8.0,7,,low
perturbation_sensitivity,od_oc_proxy_minus_matched_random_od_oc,od_oc_proxy_minus_matched_random_od_oc,patient,quality,quality_group=medium,160,129,0.80625,0.44883086801315175,0.4667148741427809,0.4173029370591392,0.3854180066900922,0.5090708363008795,supported,ConvNeXtTiny,sigma8_dil7,blur,8.0,7,,medium
perturbation_sensitivity,od_oc_proxy_minus_matched_random_od_oc,od_oc_proxy_minus_matched_random_od_oc,patient,quality,quality_group=high,139,11,0.07913669064748201,-0.36371134457074444,-0.18105543032288546,0.3990756374100191,-0.42993893408010675,-0.3003370825949533,not_supported,ConvNeXtTiny,sigma8_dil7,gaussian_noise,8.0,7,,high
perturbation_sensitivity,od_oc_proxy_minus_matched_random_od_oc,od_oc_proxy_minus_matched_random_od_oc,patient,quality,quality_group=low,159,20,0.12578616352201258,-0.4792845774983819,-0.5044403821229935,0.4469513639516012,-0.5476016301821802,-0.40944003717217425,not_supported,ConvNeXtTiny,sigma8_dil7,gaussian_noise,8.0,7,,low
perturbation_sensitivity,od_oc_proxy_minus_matched_random_od_oc,od_oc_proxy_minus_matched_random_od_oc,patient,quality,quality_group=medium,160,19,0.11875,-0.4359355313232435,-0.44160508643835783,0.4287103323444759,-0.501684726490891,-0.37093196581305715,not_supported,ConvNeXtTiny,sigma8_dil7,gaussian_noise,8.0,7,,medium
perturbation_sensitivity,od_oc_proxy_minus_matched_random_od_oc,od_oc_proxy_minus_matched_random_od_oc,patient,quality,quality_group=high,139,38,0.2733812949640288,-0.3035788901209479,-0.28077743645311176,0.5014365843969041,-0.3869439465944539,-0.21856025942535393,not_supported,ConvNeXtTiny,sigma8_dil7,mean_fill,8.0,7,,high
perturbation_sensitivity,od_oc_proxy_minus_matched_random_od_oc,od_oc_proxy_minus_matched_random_od_oc,patient,quality,quality_group=low,159,41,0.2578616352201258,-0.3066547762456942,-0.21757666952908034,0.5195656628507451,-0.38336429125887267,-0.22282163932680388,not_supported,ConvNeXtTiny,sigma8_dil7,mean_fill,8.0,7,,low
perturbation_sensitivity,od_oc_proxy_minus_matched_random_od_oc,od_oc_proxy_minus_matched_random_od_oc,patient,quality,quality_group=medium,160,36,0.225,-0.3713737226846868,-0.34457590654492376,0.47713800642467713,-0.4465520577572594,-0.2943654673877635,not_supported,ConvNeXtTiny,sigma8_dil7,mean_fill,8.0,7,,medium
perturbation_sensitivity,od_oc_proxy_minus_matched_random_od_oc,od_oc_proxy_minus_matched_random_od_oc,patient,quality,quality_group=high,139,67,0.48201438848920863,0.02117088572172755,-0.00011687571270812523,0.3547635076790745,-0.03981356700948079,0.08039965395506675,directional_only,EfficientNetB0,sigma12_dil0,blur,12.0,0,,high
perturbation_sensitivity,od_oc_proxy_minus_matched_random_od_oc,od_oc_proxy_minus_matched_random_od_oc,patient,quality,quality_group=low,159,71,0.44654088050314467,0.016686916694800737,-0.0027175114264537037,0.3190278741577473,-0.032580638539498386,0.06832974459439943,directional_only,EfficientNetB0,sigma12_dil0,blur,12.0,0,,low
perturbation_sensitivity,od_oc_proxy_minus_matched_random_od_oc,od_oc_proxy_minus_matched_random_od_oc,patient,quality,quality_group=medium,160,70,0.4375,-0.028481163979602226,-0.0012527289081844537,0.3178720099598034,-0.07998479952560075,0.016923324122971702,not_supported,EfficientNetB0,sigma12_dil0,blur,12.0,0,,medium
perturbation_sensitivity,od_oc_proxy_minus_matched_random_od_oc,od_oc_proxy_minus_matched_random_od_oc,patient,quality,quality_group=high,139,60,0.4316546762589928,-0.025618160375153864,-0.018002476602198652,0.32340804202311624,-0.07861359566401137,0.028811398953918106,not_supported,EfficientNetB0,sigma12_dil0,gaussian_noise,12.0,0,,high
perturbation_sensitivity,od_oc_proxy_minus_matched_random_od_oc,od_oc_proxy_minus_matched_random_od_oc,patient,quality,quality_group=low,159,62,0.389937106918239,-0.021684693720761674,-0.026170760584093858,0.36863544480538935,-0.07829803309334857,0.0351696290558498,not_supported,EfficientNetB0,sigma12_dil0,gaussian_noise,12.0,0,,low
perturbation_sensitivity,od_oc_proxy_minus_matched_random_od_oc,od_oc_proxy_minus_matched_random_od_oc,patient,quality,quality_group=medium,160,48,0.3,-0.11042114530957284,-0.06246260099821173,0.34982005180984865,-0.16741110114621813,-0.05459665301301584,not_supported,EfficientNetB0,sigma12_dil0,gaussian_noise,12.0,0,,medium
perturbation_sensitivity,od_oc_proxy_minus_matched_random_od_oc,od_oc_proxy_minus_matched_random_od_oc,patient,quality,quality_group=high,139,92,0.6618705035971223,0.1847029410274084,0.10462240554350911,0.31210492207237894,0.1343320733350799,0.23363237896722905,supported,EfficientNetB0,sigma12_dil0,mean_fill,12.0,0,,high
perturbation_sensitivity,od_oc_proxy_minus_matched_random_od_oc,od_oc_proxy_minus_matched_random_od_oc,patient,quality,quality_group=low,159,96,0.6037735849056604,0.13234068656494313,0.025958468516667697,0.33859190879312434,0.08164099312774915,0.18518220345846526,supported,EfficientNetB0,sigma12_dil0,mean_fill,12.0,0,,low
perturbation_sensitivity,od_oc_proxy_minus_matched_random_od_oc,od_oc_proxy_minus_matched_random_od_oc,patient,quality,quality_group=medium,160,90,0.5625,0.09334565592853261,0.0084083107285551,0.28766593653448785,0.049644592984425126,0.1397787519640379,supported,EfficientNetB0,sigma12_dil0,mean_fill,12.0,0,,medium
perturbation_sensitivity,od_oc_proxy_minus_matched_random_od_oc,od_oc_proxy_minus_matched_random_od_oc,patient,quality,quality_group=high,139,53,0.381294964028777,-0.08917804487820458,-0.056732494384050404,0.41325978105803923,-0.15429780562666925,-0.018608943241998147,not_supported,EfficientNetB0,sigma12_dil14,blur,12.0,14,,high
perturbation_sensitivity,od_oc_proxy_minus_matched_random_od_oc,od_oc_proxy_minus_matched_random_od_oc,patient,quality,quality_group=low,159,68,0.4276729559748428,-0.055082592195825376,-0.033530141159644616,0.37153475598340624,-0.11264138654996086,-0.001051197462669764,not_supported,EfficientNetB0,sigma12_dil14,blur,12.0,14,,low
perturbation_sensitivity,od_oc_proxy_minus_matched_random_od_oc,od_oc_proxy_minus_matched_random_od_oc,patient,quality,quality_group=medium,160,51,0.31875,-0.1483893751115291,-0.0938114283781033,0.41877570574776507,-0.21352665596008816,-0.08099184168396602,not_supported,EfficientNetB0,sigma12_dil14,blur,12.0,14,,medium
perturbation_sensitivity,od_oc_proxy_minus_matched_random_od_oc,od_oc_proxy_minus_matched_random_od_oc,patient,quality,quality_group=high,139,48,0.34532374100719426,-0.07674167304946956,-0.08809032384306195,0.39106180896619275,-0.1389595934267404,-0.015075977875564249,not_supported,EfficientNetB0,sigma12_dil14,gaussian_noise,12.0,14,,high
perturbation_sensitivity,od_oc_proxy_minus_matched_random_od_oc,od_oc_proxy_minus_matched_random_od_oc,patient,quality,quality_group=low,159,60,0.37735849056603776,-0.06325426755174328,-0.04133567214012146,0.4056121567094424,-0.12552561886579672,-0.002819322758158229,not_supported,EfficientNetB0,sigma12_dil14,gaussian_noise,12.0,14,,low
perturbation_sensitivity,od_oc_proxy_minus_matched_random_od_oc,od_oc_proxy_minus_matched_random_od_oc,patient,quality,quality_group=medium,160,58,0.3625,-0.10292212424118936,-0.08910215832293025,0.40914637771099777,-0.1653250417270802,-0.03983701984487575,not_supported,EfficientNetB0,sigma12_dil14,gaussian_noise,12.0,14,,medium
perturbation_sensitivity,od_oc_proxy_minus_matched_random_od_oc,od_oc_proxy_minus_matched_random_od_oc,patient,quality,quality_group=high,139,96,0.6906474820143885,0.16311999386577417,0.1235703993588686,0.3546500417773704,0.10355140037851053,0.2243915502239859,supported,EfficientNetB0,sigma12_dil14,mean_fill,12.0,14,,high
perturbation_sensitivity,od_oc_proxy_minus_matched_random_od_oc,od_oc_proxy_minus_matched_random_od_oc,patient,quality,quality_group=low,159,83,0.5220125786163522,0.07803473435409197,0.0116479885036824,0.3525711700018082,0.022287991322621846,0.13393431719591029,supported,EfficientNetB0,sigma12_dil14,mean_fill,12.0,14,,low
perturbation_sensitivity,od_oc_proxy_minus_matched_random_od_oc,od_oc_proxy_minus_matched_random_od_oc,patient,quality,quality_group=medium,160,92,0.575,0.09743266975201156,0.05622194008901719,0.3599478022145397,0.040861507385711524,0.15420872418103784,supported,EfficientNetB0,sigma12_dil14,mean_fill,12.0,14,,medium
perturbation_sensitivity,od_oc_proxy_minus_matched_random_od_oc,od_oc_proxy_minus_matched_random_od_oc,patient,quality,quality_group=high,139,57,0.41007194244604317,-0.049200517215242996,-0.019328223746924694,0.39516772082170964,-0.1134194032737932,0.015536301979053655,not_supported,EfficientNetB0,sigma12_dil7,blur,12.0,7,,high
perturbation_sensitivity,od_oc_proxy_minus_matched_random_od_oc,od_oc_proxy_minus_matched_random_od_oc,patient,quality,quality_group=low,159,65,0.4088050314465409,-0.04717490564528439,-0.0306187300011516,0.381170731872449,-0.1043138062929266,0.012155538124819855,not_supported,EfficientNetB0,sigma12_dil7,blur,12.0,7,,low
perturbation_sensitivity,od_oc_proxy_minus_matched_random_od_oc,od_oc_proxy_minus_matched_random_od_oc,patient,quality,quality_group=medium,160,55,0.34375,-0.11615653769559606,-0.049978686962276725,0.37395842337105417,-0.17548989566068138,-0.05782352860497827,not_supported,EfficientNetB0,sigma12_dil7,blur,12.0,7,,medium
perturbation_sensitivity,od_oc_proxy_minus_matched_random_od_oc,od_oc_proxy_minus_matched_random_od_oc,patient,quality,quality_group=high,139,47,0.3381294964028777,-0.038282123622208016,-0.0600196719169616,0.3845969821235533,-0.10311466962452975,0.025930656722281994,not_supported,EfficientNetB0,sigma12_dil7,gaussian_noise,12.0,7,,high
perturbation_sensitivity,od_oc_proxy_minus_matched_random_od_oc,od_oc_proxy_minus_matched_random_od_oc,patient,quality,quality_group=low,159,60,0.37735849056603776,-0.04319574229313832,-0.05288203805685043,0.4084571748946826,-0.10498667047475752,0.019066140912291425,not_supported,EfficientNetB0,sigma12_dil7,gaussian_noise,12.0,7,,low
perturbation_sensitivity,od_oc_proxy_minus_matched_random_od_oc,od_oc_proxy_minus_matched_random_od_oc,patient,quality,quality_group=medium,160,55,0.34375,-0.11010263894710275,-0.08351417387541452,0.3920216158412008,-0.17398635907043292,-0.05221492431407932,not_supported,EfficientNetB0,sigma12_dil7,gaussian_noise,12.0,7,,medium
perturbation_sensitivity,od_oc_proxy_minus_matched_random_od_oc,od_oc_proxy_minus_matched_random_od_oc,patient,quality,quality_group=high,139,104,0.7482014388489209,0.2162563407094453,0.16274835052900016,0.35955667309435196,0.15472502050203063,0.2767665766624131,supported,EfficientNetB0,sigma12_dil7,mean_fill,12.0,7,,high
perturbation_sensitivity,od_oc_proxy_minus_matched_random_od_oc,od_oc_proxy_minus_matched_random_od_oc,patient,quality,quality_group=low,159,102,0.6415094339622641,0.11611724430524996,0.0728299617767335,0.34904617222566964,0.06121446820727132,0.16888623073356596,supported,EfficientNetB0,sigma12_dil7,mean_fill,12.0,7,,low
perturbation_sensitivity,od_oc_proxy_minus_matched_random_od_oc,od_oc_proxy_minus_matched_random_od_oc,patient,quality,quality_group=medium,160,96,0.6,0.1242479009273511,0.023560672998428303,0.34801684624156204,0.07101689860296014,0.17853300000849787,supported,EfficientNetB0,sigma12_dil7,mean_fill,12.0,7,,medium
perturbation_sensitivity,od_oc_proxy_minus_matched_random_od_oc,od_oc_proxy_minus_matched_random_od_oc,patient,quality,quality_group=high,139,70,0.5035971223021583,0.02467594901298423,0.0002239293680759,0.29078215475502145,-0.02459394578009068,0.07045162534758524,directional_only,EfficientNetB0,sigma4_dil0,blur,4.0,0,,high
perturbation_sensitivity,od_oc_proxy_minus_matched_random_od_oc,od_oc_proxy_minus_matched_random_od_oc,patient,quality,quality_group=low,159,79,0.4968553459119497,0.014204719762318446,-3.270677667155386e-05,0.29254932342364737,-0.029454328108682152,0.05888171850418599,directional_only,EfficientNetB0,sigma4_dil0,blur,4.0,0,,low
perturbation_sensitivity,od_oc_proxy_minus_matched_random_od_oc,od_oc_proxy_minus_matched_random_od_oc,patient,quality,quality_group=medium,160,72,0.45,-0.031425064089888835,-0.000557348894290009,0.26125936484641765,-0.071773438522233,0.009694476124395283,not_supported,EfficientNetB0,sigma4_dil0,blur,4.0,0,,medium
perturbation_sensitivity,od_oc_proxy_minus_matched_random_od_oc,od_oc_proxy_minus_matched_random_od_oc,patient,quality,quality_group=high,139,55,0.39568345323741005,-0.05284642301271063,-0.0462690535932778,0.35796165003718716,-0.11700975864162949,0.004072049306086054,not_supported,EfficientNetB0,sigma4_dil0,gaussian_noise,4.0,0,,high
perturbation_sensitivity,od_oc_proxy_minus_matched_random_od_oc,od_oc_proxy_minus_matched_random_od_oc,patient,quality,quality_group=low,159,63,0.39622641509433965,-0.029299396921156882,-0.020392483800454372,0.36660573419226733,-0.0859593430738185,0.029575126843184845,not_supported,EfficientNetB0,sigma4_dil0,gaussian_noise,4.0,0,,low
perturbation_sensitivity,od_oc_proxy_minus_matched_random_od_oc,od_oc_proxy_minus_matched_random_od_oc,patient,quality,quality_group=medium,160,57,0.35625,-0.10577012114032103,-0.03249744884669781,0.33881906436587617,-0.15590664596938675,-0.053853836669711816,not_supported,EfficientNetB0,sigma4_dil0,gaussian_noise,4.0,0,,medium
perturbation_sensitivity,od_oc_proxy_minus_matched_random_od_oc,od_oc_proxy_minus_matched_random_od_oc,patient,quality,quality_group=high,139,91,0.6546762589928058,0.1762561548514437,0.07555086432694227,0.33456460881340955,0.1214769663074225,0.23117848124011384,supported,EfficientNetB0,sigma4_dil0,mean_fill,4.0,0,,high
perturbation_sensitivity,od_oc_proxy_minus_matched_random_od_oc,od_oc_proxy_minus_matched_random_od_oc,patient,quality,quality_group=low,159,96,0.6037735849056604,0.10653740311714516,0.018965065479278592,0.34594040488599737,0.051501716385664156,0.16204061464481634,supported,EfficientNetB0,sigma4_dil0,mean_fill,4.0,0,,low
perturbation_sensitivity,od_oc_proxy_minus_matched_random_od_oc,od_oc_proxy_minus_matched_random_od_oc,patient,quality,quality_group=medium,160,89,0.55625,0.09443808467276621,0.00636297004530205,0.3219320464870988,0.04378131769250888,0.14734747757306527,supported,EfficientNetB0,sigma4_dil0,mean_fill,4.0,0,,medium
perturbation_sensitivity,od_oc_proxy_minus_matched_random_od_oc,od_oc_proxy_minus_matched_random_od_oc,patient,quality,quality_group=high,139,57,0.41007194244604317,0.042531728298229335,-0.011805566289694945,0.37458892579842634,-0.01991170560289486,0.10512907450256338,directional_only,EfficientNetB0,sigma4_dil14,blur,4.0,14,,high
perturbation_sensitivity,od_oc_proxy_minus_matched_random_od_oc,od_oc_proxy_minus_matched_random_od_oc,patient,quality,quality_group=low,159,64,0.4025157232704403,-0.006297746665821629,-0.011584281921386663,0.3221734474299213,-0.0579569159627021,0.04239467571263824,not_supported,EfficientNetB0,sigma4_dil14,blur,4.0,14,,low
perturbation_sensitivity,od_oc_proxy_minus_matched_random_od_oc,od_oc_proxy_minus_matched_random_od_oc,patient,quality,quality_group=medium,160,54,0.3375,-0.056027595627244645,-0.04480609527672645,0.3506761151293215,-0.11268833842946556,0.0009913639147529022,not_supported,EfficientNetB0,sigma4_dil14,blur,4.0,14,,medium
perturbation_sensitivity,od_oc_proxy_minus_matched_random_od_oc,od_oc_proxy_minus_matched_random_od_oc,patient,quality,quality_group=high,139,51,0.3669064748201439,-0.0463536782724734,-0.06698848307132718,0.4098697385684184,-0.11445133032760325,0.018614215136318193,not_supported,EfficientNetB0,sigma4_dil14,gaussian_noise,4.0,14,,high
perturbation_sensitivity,od_oc_proxy_minus_matched_random_od_oc,od_oc_proxy_minus_matched_random_od_oc,patient,quality,quality_group=low,159,65,0.4088050314465409,-0.0376257292542521,-0.0224592685699461,0.3741498587499553,-0.09523498547160067,0.022987720821244343,not_supported,EfficientNetB0,sigma4_dil14,gaussian_noise,4.0,14,,low
perturbation_sensitivity,od_oc_proxy_minus_matched_random_od_oc,od_oc_proxy_minus_matched_random_od_oc,patient,quality,quality_group=medium,160,49,0.30625,-0.10978789369772653,-0.08940044767689409,0.39046294624996125,-0.16845112352748456,-0.048099231433865956,not_supported,EfficientNetB0,sigma4_dil14,gaussian_noise,4.0,14,,medium
perturbation_sensitivity,od_oc_proxy_minus_matched_random_od_oc,od_oc_proxy_minus_matched_random_od_oc,patient,quality,quality_group=high,139,104,0.7482014388489209,0.19095251990553563,0.10783877968788147,0.36171022108007894,0.13163238021957552,0.25206098422445367,supported,EfficientNetB0,sigma4_dil14,mean_fill,4.0,14,,high
perturbation_sensitivity,od_oc_proxy_minus_matched_random_od_oc,od_oc_proxy_minus_matched_random_od_oc,patient,quality,quality_group=low,159,88,0.5534591194968553,0.09761961289623239,0.025041224434971802,0.3483434640627837,0.04304649866062566,0.1561445497272308,supported,EfficientNetB0,sigma4_dil14,mean_fill,4.0,14,,low
perturbation_sensitivity,od_oc_proxy_minus_matched_random_od_oc,od_oc_proxy_minus_matched_random_od_oc,patient,quality,quality_group=medium,160,88,0.55,0.07181613744197335,0.022882757708430262,0.35144081187905535,0.018652799528690384,0.12639273344136534,supported,EfficientNetB0,sigma4_dil14,mean_fill,4.0,14,,medium
perturbation_sensitivity,od_oc_proxy_minus_matched_random_od_oc,od_oc_proxy_minus_matched_random_od_oc,patient,quality,quality_group=high,139,70,0.5035971223021583,0.10055595074020036,0.0008596944626369805,0.33811096225421616,0.04477992955226921,0.15466256775572415,supported,EfficientNetB0,sigma4_dil7,blur,4.0,7,,high
perturbation_sensitivity,od_oc_proxy_minus_matched_random_od_oc,od_oc_proxy_minus_matched_random_od_oc,patient,quality,quality_group=low,159,70,0.44025157232704404,0.018099098101936103,-0.0044374246890243815,0.3075132784489171,-0.029148854379825916,0.06574481018134991,directional_only,EfficientNetB0,sigma4_dil7,blur,4.0,7,,low
perturbation_sensitivity,od_oc_proxy_minus_matched_random_od_oc,od_oc_proxy_minus_matched_random_od_oc,patient,quality,quality_group=medium,160,65,0.40625,0.009680305011710678,-0.007113466963346497,0.34977761885607656,-0.04455342722317228,0.06604170551859619,directional_only,EfficientNetB0,sigma4_dil7,blur,4.0,7,,medium
perturbation_sensitivity,od_oc_proxy_minus_matched_random_od_oc,od_oc_proxy_minus_matched_random_od_oc,patient,quality,quality_group=high,139,52,0.37410071942446044,-0.03567057410477578,-0.038458930328488405,0.3733476546363053,-0.09805729918048953,0.026432780889892468,not_supported,EfficientNetB0,sigma4_dil7,gaussian_noise,4.0,7,,high
perturbation_sensitivity,od_oc_proxy_minus_matched_random_od_oc,od_oc_proxy_minus_matched_random_od_oc,patient,quality,quality_group=low,159,71,0.44654088050314467,-0.006029147602565783,-0.0244424097472802,0.39631019518078486,-0.06655153138096112,0.05697091956139171,not_supported,EfficientNetB0,sigma4_dil7,gaussian_noise,4.0,7,,low
perturbation_sensitivity,od_oc_proxy_minus_matched_random_od_oc,od_oc_proxy_minus_matched_random_od_oc,patient,quality,quality_group=medium,160,54,0.3375,-0.08241805681973682,-0.0554400037508457,0.40533573735014605,-0.14243444489054083,-0.0237154808108667,not_supported,EfficientNetB0,sigma4_dil7,gaussian_noise,4.0,7,,medium
perturbation_sensitivity,od_oc_proxy_minus_matched_random_od_oc,od_oc_proxy_minus_matched_random_od_oc,patient,quality,quality_group=high,139,107,0.7697841726618705,0.23162820689221114,0.17854259038964904,0.3483634182260159,0.1749400977134889,0.2914626438698318,supported,EfficientNetB0,sigma4_dil7,mean_fill,4.0,7,,high
perturbation_sensitivity,od_oc_proxy_minus_matched_random_od_oc,od_oc_proxy_minus_matched_random_od_oc,patient,quality,quality_group=low,159,101,0.6352201257861635,0.12378242499702796,0.0535754840821028,0.347534158668005,0.06891732761395684,0.17793969391081307,supported,EfficientNetB0,sigma4_dil7,mean_fill,4.0,7,,low
perturbation_sensitivity,od_oc_proxy_minus_matched_random_od_oc,od_oc_proxy_minus_matched_random_od_oc,patient,quality,quality_group=medium,160,98,0.6125,0.11476592902143956,0.06607807587715786,0.3662799652164684,0.058324626045347466,0.17262255866498627,supported,EfficientNetB0,sigma4_dil7,mean_fill,4.0,7,,medium
perturbation_sensitivity,od_oc_proxy_minus_matched_random_od_oc,od_oc_proxy_minus_matched_random_od_oc,patient,quality,quality_group=high,139,54,0.38848920863309355,-0.027407432051586186,-0.011986736132115521,0.3170528285987525,-0.07903586106167962,0.023456780424839393,not_supported,EfficientNetB0,sigma8_dil0,blur,8.0,0,,high
perturbation_sensitivity,od_oc_proxy_minus_matched_random_od_oc,od_oc_proxy_minus_matched_random_od_oc,patient,quality,quality_group=low,159,70,0.44025157232704404,-0.003438237315288738,-0.005386017237924526,0.3270185586755239,-0.058100363445105996,0.04736687728443111,not_supported,EfficientNetB0,sigma8_dil0,blur,8.0,0,,low
perturbation_sensitivity,od_oc_proxy_minus_matched_random_od_oc,od_oc_proxy_minus_matched_random_od_oc,patient,quality,quality_group=medium,160,66,0.4125,-0.08466300790163603,-0.006333984283969582,0.3150030932344351,-0.1336622957915684,-0.0383918043657503,not_supported,EfficientNetB0,sigma8_dil0,blur,8.0,0,,medium
perturbation_sensitivity,od_oc_proxy_minus_matched_random_od_oc,od_oc_proxy_minus_matched_random_od_oc,patient,quality,quality_group=high,139,50,0.3597122302158273,-0.041386861246353206,-0.0477150678634643,0.34058452379602133,-0.10030068489175657,0.013114035739375205,not_supported,EfficientNetB0,sigma8_dil0,gaussian_noise,8.0,0,,high
perturbation_sensitivity,od_oc_proxy_minus_matched_random_od_oc,od_oc_proxy_minus_matched_random_od_oc,patient,quality,quality_group=low,159,60,0.37735849056603776,-0.019842376057707212,-0.0278878584504127,0.3782501556580082,-0.07807736692126134,0.038602866838823496,not_supported,EfficientNetB0,sigma8_dil0,gaussian_noise,8.0,0,,low
perturbation_sensitivity,od_oc_proxy_minus_matched_random_od_oc,od_oc_proxy_minus_matched_random_od_oc,patient,quality,quality_group=medium,160,51,0.31875,-0.10897102730605308,-0.05628724920097739,0.34606473374074725,-0.16062258842404875,-0.05577720241936459,not_supported,EfficientNetB0,sigma8_dil0,gaussian_noise,8.0,0,,medium
perturbation_sensitivity,od_oc_proxy_minus_matched_random_od_oc,od_oc_proxy_minus_matched_random_od_oc,patient,quality,quality_group=high,139,94,0.6762589928057554,0.17015833408774272,0.09841098636388779,0.3369416362691493,0.11357089695855976,0.22390307630695006,supported,EfficientNetB0,sigma8_dil0,mean_fill,8.0,0,,high
perturbation_sensitivity,od_oc_proxy_minus_matched_random_od_oc,od_oc_proxy_minus_matched_random_od_oc,patient,quality,quality_group=low,159,92,0.5786163522012578,0.1251597948046861,0.00572985410690309,0.36544256020301225,0.06751079363266851,0.18237337938012427,supported,EfficientNetB0,sigma8_dil0,mean_fill,8.0,0,,low
perturbation_sensitivity,od_oc_proxy_minus_matched_random_od_oc,od_oc_proxy_minus_matched_random_od_oc,patient,quality,quality_group=medium,160,85,0.53125,0.10803247256160105,0.012547102538519548,0.29909750412898456,0.06386594081355836,0.15307337583924813,supported,EfficientNetB0,sigma8_dil0,mean_fill,8.0,0,,medium
perturbation_sensitivity,od_oc_proxy_minus_matched_random_od_oc,od_oc_proxy_minus_matched_random_od_oc,patient,quality,quality_group=high,139,57,0.41007194244604317,-0.01599324663387633,-0.028813589364290265,0.39810403027084673,-0.08424228269454112,0.05166315466287968,not_supported,EfficientNetB0,sigma8_dil14,blur,8.0,14,,high
perturbation_sensitivity,od_oc_proxy_minus_matched_random_od_oc,od_oc_proxy_minus_matched_random_od_oc,patient,quality,quality_group=low,159,70,0.44025157232704404,-0.02171430112730467,-0.02171542208513392,0.3455313015964576,-0.07889779121500977,0.034526720889515625,not_supported,EfficientNetB0,sigma8_dil14,blur,8.0,14,,low
perturbation_sensitivity,od_oc_proxy_minus_matched_random_od_oc,od_oc_proxy_minus_matched_random_od_oc,patient,quality,quality_group=medium,160,49,0.30625,-0.09805069598335894,-0.07787280809134234,0.4072448083938806,-0.16245810240567668,-0.03382342278350962,not_supported,EfficientNetB0,sigma8_dil14,blur,8.0,14,,medium
perturbation_sensitivity,od_oc_proxy_minus_matched_random_od_oc,od_oc_proxy_minus_matched_random_od_oc,patient,quality,quality_group=high,139,50,0.3597122302158273,-0.06033204878260672,-0.0687651690095663,0.41038326967150024,-0.1307528853680082,0.01160013809312459,not_supported,EfficientNetB0,sigma8_dil14,gaussian_noise,8.0,14,,high
perturbation_sensitivity,od_oc_proxy_minus_matched_random_od_oc,od_oc_proxy_minus_matched_random_od_oc,patient,quality,quality_group=low,159,68,0.4276729559748428,-0.029641252800059942,-0.04253023862838751,0.3483777589814262,-0.08286815398515744,0.025743282858072453,not_supported,EfficientNetB0,sigma8_dil14,gaussian_noise,8.0,14,,low
perturbation_sensitivity,od_oc_proxy_minus_matched_random_od_oc,od_oc_proxy_minus_matched_random_od_oc,patient,quality,quality_group=medium,160,57,0.35625,-0.10978459225196953,-0.06571502448059621,0.3863895901394818,-0.1699762284245436,-0.04989396103092025,not_supported,EfficientNetB0,sigma8_dil14,gaussian_noise,8.0,14,,medium
perturbation_sensitivity,od_oc_proxy_minus_matched_random_od_oc,od_oc_proxy_minus_matched_random_od_oc,patient,quality,quality_group=high,139,103,0.7410071942446043,0.18856912405833584,0.15054006362333894,0.3264455628040429,0.13311289920605826,0.24217194680341228,supported,EfficientNetB0,sigma8_dil14,mean_fill,8.0,14,,high
perturbation_sensitivity,od_oc_proxy_minus_matched_random_od_oc,od_oc_proxy_minus_matched_random_od_oc,patient,quality,quality_group=low,159,88,0.5534591194968553,0.07637650690085578,0.032065093517303404,0.3271366890016909,0.02581537925326344,0.12528245216822134,supported,EfficientNetB0,sigma8_dil14,mean_fill,8.0,14,,low
perturbation_sensitivity,od_oc_proxy_minus_matched_random_od_oc,od_oc_proxy_minus_matched_random_od_oc,patient,quality,quality_group=medium,160,94,0.5875,0.08432356567176302,0.03150926530361175,0.3318289924402718,0.03411445658942796,0.13468072440561196,supported,EfficientNetB0,sigma8_dil14,mean_fill,8.0,14,,medium
perturbation_sensitivity,od_oc_proxy_minus_matched_random_od_oc,od_oc_proxy_minus_matched_random_od_oc,patient,quality,quality_group=high,139,56,0.4028776978417266,-0.02917565264328206,-0.0199006795883179,0.3879336581654203,-0.09315898841689664,0.0329256106660141,not_supported,EfficientNetB0,sigma8_dil7,blur,8.0,7,,high
perturbation_sensitivity,od_oc_proxy_minus_matched_random_od_oc,od_oc_proxy_minus_matched_random_od_oc,patient,quality,quality_group=low,159,64,0.4025157232704403,-0.026060476084900724,-0.014872044324874892,0.33706241490470684,-0.07748019522180116,0.02622511140119328,not_supported,EfficientNetB0,sigma8_dil7,blur,8.0,7,,low
perturbation_sensitivity,od_oc_proxy_minus_matched_random_od_oc,od_oc_proxy_minus_matched_random_od_oc,patient,quality,quality_group=medium,160,57,0.35625,-0.08564525697692305,-0.05066615727264426,0.358057150781094,-0.14269746856246063,-0.031360097821968656,not_supported,EfficientNetB0,sigma8_dil7,blur,8.0,7,,medium
perturbation_sensitivity,od_oc_proxy_minus_matched_random_od_oc,od_oc_proxy_minus_matched_random_od_oc,patient,quality,quality_group=high,139,52,0.37410071942446044,-0.03825749186673186,-0.061785118654370294,0.35333019169684676,-0.09443113643782482,0.019989102130383553,not_supported,EfficientNetB0,sigma8_dil7,gaussian_noise,8.0,7,,high
perturbation_sensitivity,od_oc_proxy_minus_matched_random_od_oc,od_oc_proxy_minus_matched_random_od_oc,patient,quality,quality_group=low,159,73,0.4591194968553459,-0.034771859644035875,-0.020468436901864995,0.400337873362551,-0.0975644179268912,0.02749221066087579,not_supported,EfficientNetB0,sigma8_dil7,gaussian_noise,8.0,7,,low
perturbation_sensitivity,od_oc_proxy_minus_matched_random_od_oc,od_oc_proxy_minus_matched_random_od_oc,patient,quality,quality_group=medium,160,56,0.35,-0.09781817380856553,-0.0669296868145465,0.3843249655268039,-0.15813439721952643,-0.03703130208655282,not_supported,EfficientNetB0,sigma8_dil7,gaussian_noise,8.0,7,,medium
perturbation_sensitivity,od_oc_proxy_minus_matched_random_od_oc,od_oc_proxy_minus_matched_random_od_oc,patient,quality,quality_group=high,139,106,0.762589928057554,0.20455413962243918,0.13833654299378398,0.36255685339915267,0.14377212636901274,0.2636675323573322,supported,EfficientNetB0,sigma8_dil7,mean_fill,8.0,7,,high
perturbation_sensitivity,od_oc_proxy_minus_matched_random_od_oc,od_oc_proxy_minus_matched_random_od_oc,patient,quality,quality_group=low,159,103,0.6477987421383647,0.11275824568007302,0.0666576797229936,0.3474246633026008,0.06054383973496319,0.16546695703677522,supported,EfficientNetB0,sigma8_dil7,mean_fill,8.0,7,,low
perturbation_sensitivity,od_oc_proxy_minus_matched_random_od_oc,od_oc_proxy_minus_matched_random_od_oc,patient,quality,quality_group=medium,160,102,0.6375,0.14370952481645216,0.04901196993887425,0.3465390850244287,0.09103216668563088,0.19897418523544855,supported,EfficientNetB0,sigma8_dil7,mean_fill,8.0,7,,medium
perturbation_sensitivity,od_oc_proxy_minus_matched_random_od_oc,od_oc_proxy_minus_matched_random_od_oc,image,label_quality,gon_label=GON+ | quality_group=high,181,154,0.850828729281768,0.47257130844063894,0.41339555382728577,0.4770362563128166,0.40573609925821585,0.5410689094584064,supported,ConvNeXtTiny,sigma12_dil0,blur,12.0,0,GON+,high
perturbation_sensitivity,od_oc_proxy_minus_matched_random_od_oc,od_oc_proxy_minus_matched_random_od_oc,image,label_quality,gon_label=GON+ | quality_group=low,194,146,0.7525773195876289,0.4537626803884328,0.3880847096443176,0.4819202777886268,0.38457154571699803,0.5197049135325279,supported,ConvNeXtTiny,sigma12_dil0,blur,12.0,0,GON+,low
perturbation_sensitivity,od_oc_proxy_minus_matched_random_od_oc,od_oc_proxy_minus_matched_random_od_oc,image,label_quality,gon_label=GON+ | quality_group=medium,172,133,0.7732558139534884,0.4525643566850154,0.44523404259234667,0.46977973370103543,0.38558847548622294,0.522158054382602,supported,ConvNeXtTiny,sigma12_dil0,blur,12.0,0,GON+,medium
perturbation_sensitivity,od_oc_proxy_minus_matched_random_od_oc,od_oc_proxy_minus_matched_random_od_oc,image,label_quality,gon_label=GON- | quality_group=high,66,52,0.7878787878787878,0.4819831398283234,0.5605695843696594,0.4651512649366018,0.36999361540872505,0.5885465843336828,supported,ConvNeXtTiny,sigma12_dil0,blur,12.0,0,GON-,high
perturbation_sensitivity,od_oc_proxy_minus_matched_random_od_oc,od_oc_proxy_minus_matched_random_od_oc,image,label_quality,gon_label=GON- | quality_group=low,53,36,0.6792452830188679,0.22128702332029548,0.011378974144463427,0.48684167749973994,0.09584937931795826,0.35482018751645916,supported,ConvNeXtTiny,sigma12_dil0,blur,12.0,0,GON-,low
perturbation_sensitivity,od_oc_proxy_minus_matched_random_od_oc,od_oc_proxy_minus_matched_random_od_oc,image,label_quality,gon_label=GON- | quality_group=medium,79,51,0.6455696202531646,0.31184988323285684,0.0423145294189452,0.48988094439770574,0.20245213937003867,0.41981846233448905,supported,ConvNeXtTiny,sigma12_dil0,blur,12.0,0,GON-,medium
perturbation_sensitivity,od_oc_proxy_minus_matched_random_od_oc,od_oc_proxy_minus_matched_random_od_oc,image,label_quality,gon_label=GON+ | quality_group=high,181,102,0.56353591160221,0.016427026976883044,5.9425830841100015e-05,0.4103784936169684,-0.04615523267281501,0.07128985907049695,directional_only,ConvNeXtTiny,sigma12_dil0,gaussian_noise,12.0,0,GON+,high
perturbation_sensitivity,od_oc_proxy_minus_matched_random_od_oc,od_oc_proxy_minus_matched_random_od_oc,image,label_quality,gon_label=GON+ | quality_group=low,194,101,0.520618556701031,0.029325664329364155,5.854759365320379e-05,0.5150420266600503,-0.04698601670711891,0.10090480452538363,directional_only,ConvNeXtTiny,sigma12_dil0,gaussian_noise,12.0,0,GON+,low
perturbation_sensitivity,od_oc_proxy_minus_matched_random_od_oc,od_oc_proxy_minus_matched_random_od_oc,image,label_quality,gon_label=GON+ | quality_group=medium,172,103,0.5988372093023255,0.028501747271981685,0.00023564696311942693,0.4739610648352122,-0.041917266439859185,0.10098229743003695,directional_only,ConvNeXtTiny,sigma12_dil0,gaussian_noise,12.0,0,GON+,medium
perturbation_sensitivity,od_oc_proxy_minus_matched_random_od_oc,od_oc_proxy_minus_matched_random_od_oc,image,label_quality,gon_label=GON- | quality_group=high,66,24,0.36363636363636365,-0.14124573491150813,-0.0007624030113220013,0.417395462532108,-0.24249095545369803,-0.04235395211842459,not_supported,ConvNeXtTiny,sigma12_dil0,gaussian_noise,12.0,0,GON-,high
perturbation_sensitivity,od_oc_proxy_minus_matched_random_od_oc,od_oc_proxy_minus_matched_random_od_oc,image,label_quality,gon_label=GON- | quality_group=low,53,17,0.32075471698113206,-0.2572923719720011,-0.04110443592071522,0.5133606924019791,-0.39874952084420795,-0.11893626109140841,not_supported,ConvNeXtTiny,sigma12_dil0,gaussian_noise,12.0,0,GON-,low
perturbation_sensitivity,od_oc_proxy_minus_matched_random_od_oc,od_oc_proxy_minus_matched_random_od_oc,image,label_quality,gon_label=GON- | quality_group=medium,79,24,0.3037974683544304,-0.14290663336414813,-0.019289910793304398,0.5195772164854119,-0.25156993403436706,-0.029766180968326443,not_supported,ConvNeXtTiny,sigma12_dil0,gaussian_noise,12.0,0,GON-,medium
perturbation_sensitivity,od_oc_proxy_minus_matched_random_od_oc,od_oc_proxy_minus_matched_random_od_oc,image,label_quality,gon_label=GON+ | quality_group=high,181,120,0.6629834254143646,0.23091633756147284,0.0304067730903625,0.5579763594905527,0.15124810265890462,0.31099099744037645,supported,ConvNeXtTiny,sigma12_dil0,mean_fill,12.0,0,GON+,high
perturbation_sensitivity,od_oc_proxy_minus_matched_random_od_oc,od_oc_proxy_minus_matched_random_od_oc,image,label_quality,gon_label=GON+ | quality_group=low,194,106,0.5463917525773195,0.0653672873484107,0.000334015116095482,0.5592230526416523,-0.016229346682644294,0.14039972604074674,directional_only,ConvNeXtTiny,sigma12_dil0,mean_fill,12.0,0,GON+,low
perturbation_sensitivity,od_oc_proxy_minus_matched_random_od_oc,od_oc_proxy_minus_matched_random_od_oc,image,label_quality,gon_label=GON+ | quality_group=medium,172,88,0.5116279069767442,0.054767589400451594,0.00013108737766739345,0.49848651941759264,-0.0138187127678666,0.12912550929774153,directional_only,ConvNeXtTiny,sigma12_dil0,mean_fill,12.0,0,GON+,medium
perturbation_sensitivity,od_oc_proxy_minus_matched_random_od_oc,od_oc_proxy_minus_matched_random_od_oc,image,label_quality,gon_label=GON- | quality_group=high,66,40,0.6060606060606061,0.17954487133311253,0.023527122219093095,0.600489703435368,0.03704927774693907,0.3184105867763746,supported,ConvNeXtTiny,sigma12_dil0,mean_fill,12.0,0,GON-,high
perturbation_sensitivity,od_oc_proxy_minus_matched_random_od_oc,od_oc_proxy_minus_matched_random_od_oc,image,label_quality,gon_label=GON- | quality_group=low,53,29,0.5471698113207547,-0.037674768865196356,0.0004837457090616018,0.4874211282514329,-0.17448824708233862,0.09403151886226795,not_supported,ConvNeXtTiny,sigma12_dil0,mean_fill,12.0,0,GON-,low
perturbation_sensitivity,od_oc_proxy_minus_matched_random_od_oc,od_oc_proxy_minus_matched_random_od_oc,image,label_quality,gon_label=GON- | quality_group=medium,79,38,0.4810126582278481,0.006244207722156283,-1.0140240192399994e-05,0.5656426248985152,-0.12743362067383115,0.12862740072889225,directional_only,ConvNeXtTiny,sigma12_dil0,mean_fill,12.0,0,GON-,medium
perturbation_sensitivity,od_oc_proxy_minus_matched_random_od_oc,od_oc_proxy_minus_matched_random_od_oc,image,label_quality,gon_label=GON+ | quality_group=high,181,152,0.8397790055248618,0.6070559807702424,0.9374215696007013,0.44413836658972977,0.5419270532726596,0.6711335786103111,supported,ConvNeXtTiny,sigma12_dil14,blur,12.0,14,GON+,high
perturbation_sensitivity,od_oc_proxy_minus_matched_random_od_oc,od_oc_proxy_minus_matched_random_od_oc,image,label_quality,gon_label=GON+ | quality_group=low,194,147,0.7577319587628866,0.47978886128010945,0.4677313053980469,0.4454766956594032,0.4153223598437509,0.5446019569442281,supported,ConvNeXtTiny,sigma12_dil14,blur,12.0,14,GON+,low
perturbation_sensitivity,od_oc_proxy_minus_matched_random_od_oc,od_oc_proxy_minus_matched_random_od_oc,image,label_quality,gon_label=GON+ | quality_group=medium,172,138,0.8023255813953488,0.5435517704691889,0.7983985962346196,0.46997696228029207,0.46942825507282876,0.6131179571045277,supported,ConvNeXtTiny,sigma12_dil14,blur,12.0,14,GON+,medium
perturbation_sensitivity,od_oc_proxy_minus_matched_random_od_oc,od_oc_proxy_minus_matched_random_od_oc,image,label_quality,gon_label=GON- | quality_group=high,66,49,0.7424242424242424,0.49282036804740503,0.5639685355126858,0.4768565697046242,0.3802588056413876,0.6058906551473352,supported,ConvNeXtTiny,sigma12_dil14,blur,12.0,14,GON-,high
perturbation_sensitivity,od_oc_proxy_minus_matched_random_od_oc,od_oc_proxy_minus_matched_random_od_oc,image,label_quality,gon_label=GON- | quality_group=low,53,38,0.7169811320754716,0.3042602585194817,0.0770409107208251,0.4384099974913031,0.18310025831775625,0.41916016209576784,supported,ConvNeXtTiny,sigma12_dil14,blur,12.0,14,GON-,low
perturbation_sensitivity,od_oc_proxy_minus_matched_random_od_oc,od_oc_proxy_minus_matched_random_od_oc,image,label_quality,gon_label=GON- | quality_group=medium,79,58,0.7341772151898734,0.3947554302769875,0.1756481844931841,0.4236049845905753,0.29773153563347143,0.4868714444236917,supported,ConvNeXtTiny,sigma12_dil14,blur,12.0,14,GON-,medium
perturbation_sensitivity,od_oc_proxy_minus_matched_random_od_oc,od_oc_proxy_minus_matched_random_od_oc,image,label_quality,gon_label=GON+ | quality_group=high,181,14,0.07734806629834254,-0.4163128190563301,-0.1260522603988647,0.4631202571851208,-0.4820411055781401,-0.3509615491650641,not_supported,ConvNeXtTiny,sigma12_dil14,gaussian_noise,12.0,14,GON+,high
perturbation_sensitivity,od_oc_proxy_minus_matched_random_od_oc,od_oc_proxy_minus_matched_random_od_oc,image,label_quality,gon_label=GON+ | quality_group=low,194,17,0.08762886597938144,-0.5770569898327033,-0.9595141094177961,0.4787990387770682,-0.6441942928161674,-0.5076332583007167,not_supported,ConvNeXtTiny,sigma12_dil14,gaussian_noise,12.0,14,GON+,low
perturbation_sensitivity,od_oc_proxy_minus_matched_random_od_oc,od_oc_proxy_minus_matched_random_od_oc,image,label_quality,gon_label=GON+ | quality_group=medium,172,16,0.09302325581395349,-0.5328671305924746,-0.8464767411351204,0.48093125769041983,-0.6044035266498885,-0.46114142970984157,not_supported,ConvNeXtTiny,sigma12_dil14,gaussian_noise,12.0,14,GON+,medium
perturbation_sensitivity,od_oc_proxy_minus_matched_random_od_oc,od_oc_proxy_minus_matched_random_od_oc,image,label_quality,gon_label=GON- | quality_group=high,66,4,0.06060606060606061,-0.41510928789844137,-0.1195918023586272,0.4485320879333458,-0.5258793836085819,-0.31385315829250615,not_supported,ConvNeXtTiny,sigma12_dil14,gaussian_noise,12.0,14,GON-,high
perturbation_sensitivity,od_oc_proxy_minus_matched_random_od_oc,od_oc_proxy_minus_matched_random_od_oc,image,label_quality,gon_label=GON- | quality_group=low,53,1,0.018867924528301886,-0.6663804960692876,-0.964294670149684,0.43068004266030957,-0.7800550655735177,-0.5516819606064963,not_supported,ConvNeXtTiny,sigma12_dil14,gaussian_noise,12.0,14,GON-,low
perturbation_sensitivity,od_oc_proxy_minus_matched_random_od_oc,od_oc_proxy_minus_matched_random_od_oc,image,label_quality,gon_label=GON- | quality_group=medium,79,8,0.10126582278481013,-0.5627856441221607,-0.8301012367010115,0.4485607697894319,-0.6606988505066689,-0.46956260749992956,not_supported,ConvNeXtTiny,sigma12_dil14,gaussian_noise,12.0,14,GON-,medium
perturbation_sensitivity,od_oc_proxy_minus_matched_random_od_oc,od_oc_proxy_minus_matched_random_od_oc,image,label_quality,gon_label=GON+ | quality_group=high,181,26,0.143646408839779,-0.6215247924054345,-0.922764476388693,0.4602197131170869,-0.6883275173370351,-0.5532449041169135,not_supported,ConvNeXtTiny,sigma12_dil14,mean_fill,12.0,14,GON+,high
perturbation_sensitivity,od_oc_proxy_minus_matched_random_od_oc,od_oc_proxy_minus_matched_random_od_oc,image,label_quality,gon_label=GON+ | quality_group=low,194,40,0.20618556701030927,-0.5222611461618895,-0.8269480187445879,0.5244828205996007,-0.5909188635991424,-0.4491111210027851,not_supported,ConvNeXtTiny,sigma12_dil14,mean_fill,12.0,14,GON+,low
perturbation_sensitivity,od_oc_proxy_minus_matched_random_od_oc,od_oc_proxy_minus_matched_random_od_oc,image,label_quality,gon_label=GON+ | quality_group=medium,172,26,0.1511627906976744,-0.5908098986948633,-0.9257259359583261,0.4943339211892755,-0.6637329576424558,-0.5175874288215376,not_supported,ConvNeXtTiny,sigma12_dil14,mean_fill,12.0,14,GON+,medium
perturbation_sensitivity,od_oc_proxy_minus_matched_random_od_oc,od_oc_proxy_minus_matched_random_od_oc,image,label_quality,gon_label=GON- | quality_group=high,66,15,0.22727272727272727,-0.4525671821188966,-0.883844536729157,0.6321339341310487,-0.5991114083471157,-0.29450446670121116,not_supported,ConvNeXtTiny,sigma12_dil14,mean_fill,12.0,14,GON-,high
perturbation_sensitivity,od_oc_proxy_minus_matched_random_od_oc,od_oc_proxy_minus_matched_random_od_oc,image,label_quality,gon_label=GON- | quality_group=low,53,13,0.24528301886792453,-0.44184015904452195,-0.4689303934574127,0.5205261247432291,-0.5742403089985876,-0.3021411736256236,not_supported,ConvNeXtTiny,sigma12_dil14,mean_fill,12.0,14,GON-,low
perturbation_sensitivity,od_oc_proxy_minus_matched_random_od_oc,od_oc_proxy_minus_matched_random_od_oc,image,label_quality,gon_label=GON- | quality_group=medium,79,11,0.13924050632911392,-0.4863363227682097,-0.7976962700486183,0.523409919570511,-0.5952772462872751,-0.37544713121875434,not_supported,ConvNeXtTiny,sigma12_dil14,mean_fill,12.0,14,GON-,medium
perturbation_sensitivity,od_oc_proxy_minus_matched_random_od_oc,od_oc_proxy_minus_matched_random_od_oc,image,label_quality,gon_label=GON+ | quality_group=high,181,143,0.7900552486187845,0.4837539106837092,0.7241179421544075,0.5430123141829121,0.4052332197653635,0.5614072447668873,supported,ConvNeXtTiny,sigma12_dil7,blur,12.0,7,GON+,high
perturbation_sensitivity,od_oc_proxy_minus_matched_random_od_oc,od_oc_proxy_minus_matched_random_od_oc,image,label_quality,gon_label=GON+ | quality_group=low,194,145,0.7474226804123711,0.391971970368404,0.08371775690466161,0.48118637600739195,0.3204586548294989,0.45521535956507714,supported,ConvNeXtTiny,sigma12_dil7,blur,12.0,7,GON+,low
perturbation_sensitivity,od_oc_proxy_minus_matched_random_od_oc,od_oc_proxy_minus_matched_random_od_oc,image,label_quality,gon_label=GON+ | quality_group=medium,172,124,0.7209302325581395,0.41386779940255514,0.3042579768225551,0.4818973768364729,0.34350048523334026,0.48781084819238296,supported,ConvNeXtTiny,sigma12_dil7,blur,12.0,7,GON+,medium
perturbation_sensitivity,od_oc_proxy_minus_matched_random_od_oc,od_oc_proxy_minus_matched_random_od_oc,image,label_quality,gon_label=GON- | quality_group=high,66,45,0.6818181818181818,0.3695583879701492,0.24350517150014642,0.4815411840505388,0.2509428476610689,0.48190390567377,supported,ConvNeXtTiny,sigma12_dil7,blur,12.0,7,GON-,high
perturbation_sensitivity,od_oc_proxy_minus_matched_random_od_oc,od_oc_proxy_minus_matched_random_od_oc,image,label_quality,gon_label=GON- | quality_group=low,53,34,0.6415094339622641,0.24135079356044958,0.0008959975093602,0.4496013967649069,0.1207202397064735,0.36419879417484274,supported,ConvNeXtTiny,sigma12_dil7,blur,12.0,7,GON-,low
perturbation_sensitivity,od_oc_proxy_minus_matched_random_od_oc,od_oc_proxy_minus_matched_random_od_oc,image,label_quality,gon_label=GON- | quality_group=medium,79,53,0.6708860759493671,0.3179167665274218,0.056960584595799446,0.4158707064093111,0.22570263298651563,0.40953504079026587,supported,ConvNeXtTiny,sigma12_dil7,blur,12.0,7,GON-,medium
perturbation_sensitivity,od_oc_proxy_minus_matched_random_od_oc,od_oc_proxy_minus_matched_random_od_oc,image,label_quality,gon_label=GON+ | quality_group=high,181,24,0.13259668508287292,-0.33468960697549577,-0.0319576263427734,0.4750757861602483,-0.40483988815129335,-0.2681015844877297,not_supported,ConvNeXtTiny,sigma12_dil7,gaussian_noise,12.0,7,GON+,high
perturbation_sensitivity,od_oc_proxy_minus_matched_random_od_oc,od_oc_proxy_minus_matched_random_od_oc,image,label_quality,gon_label=GON+ | quality_group=low,194,24,0.12371134020618557,-0.467241753100435,-0.39092081785202026,0.4781294888114847,-0.5379273622237343,-0.3958211180840137,not_supported,ConvNeXtTiny,sigma12_dil7,gaussian_noise,12.0,7,GON+,low
perturbation_sensitivity,od_oc_proxy_minus_matched_random_od_oc,od_oc_proxy_minus_matched_random_od_oc,image,label_quality,gon_label=GON+ | quality_group=medium,172,34,0.19767441860465115,-0.3770063391084477,-0.055066235552658355,0.5043968631080831,-0.4545684990735719,-0.30095598675068813,not_supported,ConvNeXtTiny,sigma12_dil7,gaussian_noise,12.0,7,GON+,medium
perturbation_sensitivity,od_oc_proxy_minus_matched_random_od_oc,od_oc_proxy_minus_matched_random_od_oc,image,label_quality,gon_label=GON- | quality_group=high,66,8,0.12121212121212122,-0.39344507416061597,-0.08636340498924258,0.45350080991686237,-0.501722868556835,-0.2845311816740378,not_supported,ConvNeXtTiny,sigma12_dil7,gaussian_noise,12.0,7,GON-,high
perturbation_sensitivity,od_oc_proxy_minus_matched_random_od_oc,od_oc_proxy_minus_matched_random_od_oc,image,label_quality,gon_label=GON- | quality_group=low,53,3,0.05660377358490566,-0.5071947676455204,-0.5602988004684448,0.48760569160346096,-0.6419458961626076,-0.37095698167659164,not_supported,ConvNeXtTiny,sigma12_dil7,gaussian_noise,12.0,7,GON-,low
perturbation_sensitivity,od_oc_proxy_minus_matched_random_od_oc,od_oc_proxy_minus_matched_random_od_oc,image,label_quality,gon_label=GON- | quality_group=medium,79,10,0.12658227848101267,-0.4147127374566066,-0.25784313678741455,0.48826663205380727,-0.5225709694720535,-0.3104442518816449,not_supported,ConvNeXtTiny,sigma12_dil7,gaussian_noise,12.0,7,GON-,medium
perturbation_sensitivity,od_oc_proxy_minus_matched_random_od_oc,od_oc_proxy_minus_matched_random_od_oc,image,label_quality,gon_label=GON+ | quality_group=high,181,67,0.3701657458563536,-0.30347944163657914,-0.1216509342193604,0.5589026143395609,-0.38299775560122246,-0.21760673600298178,not_supported,ConvNeXtTiny,sigma12_dil7,mean_fill,12.0,7,GON+,high
perturbation_sensitivity,od_oc_proxy_minus_matched_random_od_oc,od_oc_proxy_minus_matched_random_od_oc,image,label_quality,gon_label=GON+ | quality_group=low,194,56,0.28865979381443296,-0.3228901826723907,-0.20267668645828962,0.5633031819465775,-0.4031811170349739,-0.24495455932024074,not_supported,ConvNeXtTiny,sigma12_dil7,mean_fill,12.0,7,GON+,low
perturbation_sensitivity,od_oc_proxy_minus_matched_random_od_oc,od_oc_proxy_minus_matched_random_od_oc,image,label_quality,gon_label=GON+ | quality_group=medium,172,49,0.28488372093023256,-0.31897041653595554,-0.21433473099023098,0.5457995124805862,-0.3995310326231897,-0.2368295248429842,not_supported,ConvNeXtTiny,sigma12_dil7,mean_fill,12.0,7,GON+,medium
perturbation_sensitivity,od_oc_proxy_minus_matched_random_od_oc,od_oc_proxy_minus_matched_random_od_oc,image,label_quality,gon_label=GON- | quality_group=high,66,24,0.36363636363636365,-0.23572769155565987,-0.16328159999102354,0.6028123871976767,-0.37875797999721394,-0.08959133470409533,not_supported,ConvNeXtTiny,sigma12_dil7,mean_fill,12.0,7,GON-,high
perturbation_sensitivity,od_oc_proxy_minus_matched_random_od_oc,od_oc_proxy_minus_matched_random_od_oc,image,label_quality,gon_label=GON- | quality_group=low,53,15,0.2830188679245283,-0.28412022241166096,-0.10262459516525271,0.5324292357433571,-0.42694934072271695,-0.1374141867518566,not_supported,ConvNeXtTiny,sigma12_dil7,mean_fill,12.0,7,GON-,low
perturbation_sensitivity,od_oc_proxy_minus_matched_random_od_oc,od_oc_proxy_minus_matched_random_od_oc,image,label_quality,gon_label=GON- | quality_group=medium,79,17,0.21518987341772153,-0.3584640811497616,-0.25393688678741455,0.5702164467833192,-0.4776456548026694,-0.23363034208167033,not_supported,ConvNeXtTiny,sigma12_dil7,mean_fill,12.0,7,GON-,medium
perturbation_sensitivity,od_oc_proxy_minus_matched_random_od_oc,od_oc_proxy_minus_matched_random_od_oc,image,label_quality,gon_label=GON+ | quality_group=high,181,152,0.8397790055248618,0.3132583639447284,0.0994173288345336,0.41603880153166917,0.25334557348974107,0.37493010172180696,supported,ConvNeXtTiny,sigma4_dil0,blur,4.0,0,GON+,high
perturbation_sensitivity,od_oc_proxy_minus_matched_random_od_oc,od_oc_proxy_minus_matched_random_od_oc,image,label_quality,gon_label=GON+ | quality_group=low,194,147,0.7577319587628866,0.32593643717707177,0.0764960134401917,0.4461483336903792,0.26480301722871885,0.38886303347615897,supported,ConvNeXtTiny,sigma4_dil0,blur,4.0,0,GON+,low
perturbation_sensitivity,od_oc_proxy_minus_matched_random_od_oc,od_oc_proxy_minus_matched_random_od_oc,image,label_quality,gon_label=GON+ | quality_group=medium,172,134,0.7790697674418605,0.2877042699172751,0.0478505793726071,0.40823315458590875,0.22864556090861868,0.3480757202159272,supported,ConvNeXtTiny,sigma4_dil0,blur,4.0,0,GON+,medium
perturbation_sensitivity,od_oc_proxy_minus_matched_random_od_oc,od_oc_proxy_minus_matched_random_od_oc,image,label_quality,gon_label=GON- | quality_group=high,66,52,0.7878787878787878,0.3657540790695059,0.23552417755126948,0.50587507553083,0.2432181497920145,0.48063225634943907,supported,ConvNeXtTiny,sigma4_dil0,blur,4.0,0,GON-,high
perturbation_sensitivity,od_oc_proxy_minus_matched_random_od_oc,od_oc_proxy_minus_matched_random_od_oc,image,label_quality,gon_label=GON- | quality_group=low,53,32,0.6037735849056604,0.23752218816240064,0.0005728277883463011,0.41517245021472315,0.12761648962336344,0.3529009432148138,supported,ConvNeXtTiny,sigma4_dil0,blur,4.0,0,GON-,low
perturbation_sensitivity,od_oc_proxy_minus_matched_random_od_oc,od_oc_proxy_minus_matched_random_od_oc,image,label_quality,gon_label=GON- | quality_group=medium,79,49,0.620253164556962,0.2580962838134918,0.0124659188295482,0.42462393236022394,0.1656666680738333,0.35855414273697195,supported,ConvNeXtTiny,sigma4_dil0,blur,4.0,0,GON-,medium
perturbation_sensitivity,od_oc_proxy_minus_matched_random_od_oc,od_oc_proxy_minus_matched_random_od_oc,image,label_quality,gon_label=GON+ | quality_group=high,181,94,0.5193370165745856,0.03301582983020438,1.9431114196777344e-05,0.4410738315233889,-0.03051262742102047,0.098925658125187,directional_only,ConvNeXtTiny,sigma4_dil0,gaussian_noise,4.0,0,GON+,high
perturbation_sensitivity,od_oc_proxy_minus_matched_random_od_oc,od_oc_proxy_minus_matched_random_od_oc,image,label_quality,gon_label=GON+ | quality_group=low,194,112,0.5773195876288659,0.006331293135968438,0.00031425524502994457,0.5093975066400153,-0.06443067907433774,0.07706624383402215,directional_only,ConvNeXtTiny,sigma4_dil0,gaussian_noise,4.0,0,GON+,low
perturbation_sensitivity,od_oc_proxy_minus_matched_random_od_oc,od_oc_proxy_minus_matched_random_od_oc,image,label_quality,gon_label=GON+ | quality_group=medium,172,98,0.5697674418604651,0.05040165532370317,0.00018467102199787305,0.5192064588388916,-0.02589736851421966,0.12448835171393757,directional_only,ConvNeXtTiny,sigma4_dil0,gaussian_noise,4.0,0,GON+,medium
perturbation_sensitivity,od_oc_proxy_minus_matched_random_od_oc,od_oc_proxy_minus_matched_random_od_oc,image,label_quality,gon_label=GON- | quality_group=high,66,18,0.2727272727272727,-0.22307302051616384,-0.0043072998523712,0.40600967779176167,-0.3216611567918824,-0.12661898702766933,not_supported,ConvNeXtTiny,sigma4_dil0,gaussian_noise,4.0,0,GON-,high
perturbation_sensitivity,od_oc_proxy_minus_matched_random_od_oc,od_oc_proxy_minus_matched_random_od_oc,image,label_quality,gon_label=GON- | quality_group=low,53,15,0.2830188679245283,-0.2303522189732524,-0.0320616364479064,0.5387630685024728,-0.3674240161581539,-0.08543840673180478,not_supported,ConvNeXtTiny,sigma4_dil0,gaussian_noise,4.0,0,GON-,low
perturbation_sensitivity,od_oc_proxy_minus_matched_random_od_oc,od_oc_proxy_minus_matched_random_od_oc,image,label_quality,gon_label=GON- | quality_group=medium,79,25,0.31645569620253167,-0.23787808190430537,-0.014948580967029602,0.5278939599115721,-0.3518672525046205,-0.11816384083639711,not_supported,ConvNeXtTiny,sigma4_dil0,gaussian_noise,4.0,0,GON-,medium
perturbation_sensitivity,od_oc_proxy_minus_matched_random_od_oc,od_oc_proxy_minus_matched_random_od_oc,image,label_quality,gon_label=GON+ | quality_group=high,181,123,0.6795580110497238,0.25148355484505885,0.0304066538810729,0.5292547937620387,0.17230913776649323,0.3257716590148186,supported,ConvNeXtTiny,sigma4_dil0,mean_fill,4.0,0,GON+,high
perturbation_sensitivity,od_oc_proxy_minus_matched_random_od_oc,od_oc_proxy_minus_matched_random_od_oc,image,label_quality,gon_label=GON+ | quality_group=low,194,109,0.5618556701030928,0.06293733164863259,0.00019901432096957336,0.5544655246335463,-0.015296046814594386,0.14241459502184614,directional_only,ConvNeXtTiny,sigma4_dil0,mean_fill,4.0,0,GON+,low
perturbation_sensitivity,od_oc_proxy_minus_matched_random_od_oc,od_oc_proxy_minus_matched_random_od_oc,image,label_quality,gon_label=GON+ | quality_group=medium,172,102,0.5930232558139535,0.09974871353358329,0.0017134845256805082,0.5147294278367428,0.02170466209211548,0.176475015588866,supported,ConvNeXtTiny,sigma4_dil0,mean_fill,4.0,0,GON+,medium
perturbation_sensitivity,od_oc_proxy_minus_matched_random_od_oc,od_oc_proxy_minus_matched_random_od_oc,image,label_quality,gon_label=GON- | quality_group=high,66,32,0.48484848484848486,0.15762210639690183,-3.597598697524518e-05,0.585065852689991,0.01704186117248162,0.3036196111426402,supported,ConvNeXtTiny,sigma4_dil0,mean_fill,4.0,0,GON-,high
perturbation_sensitivity,od_oc_proxy_minus_matched_random_od_oc,od_oc_proxy_minus_matched_random_od_oc,image,label_quality,gon_label=GON- | quality_group=low,53,24,0.4528301886792453,-0.01713829477773959,-8.621066808700562e-05,0.4998221970908717,-0.14994970022855925,0.11375596167023479,not_supported,ConvNeXtTiny,sigma4_dil0,mean_fill,4.0,0,GON-,low
perturbation_sensitivity,od_oc_proxy_minus_matched_random_od_oc,od_oc_proxy_minus_matched_random_od_oc,image,label_quality,gon_label=GON- | quality_group=medium,79,32,0.4050632911392405,-0.01558107133065806,-0.0054956180974841,0.5401607415525232,-0.13808185833999626,0.10821614611571516,not_supported,ConvNeXtTiny,sigma4_dil0,mean_fill,4.0,0,GON-,medium
perturbation_sensitivity,od_oc_proxy_minus_matched_random_od_oc,od_oc_proxy_minus_matched_random_od_oc,image,label_quality,gon_label=GON+ | quality_group=high,181,156,0.861878453038674,0.6606817389201148,0.9694355409592391,0.42458450003885,0.5959154055647548,0.7228788305975034,supported,ConvNeXtTiny,sigma4_dil14,blur,4.0,14,GON+,high
perturbation_sensitivity,od_oc_proxy_minus_matched_random_od_oc,od_oc_proxy_minus_matched_random_od_oc,image,label_quality,gon_label=GON+ | quality_group=low,194,151,0.7783505154639175,0.5417435916800988,0.821744229644537,0.4453814984873497,0.48084344762076014,0.6024514855598373,supported,ConvNeXtTiny,sigma4_dil14,blur,4.0,14,GON+,low
perturbation_sensitivity,od_oc_proxy_minus_matched_random_od_oc,od_oc_proxy_minus_matched_random_od_oc,image,label_quality,gon_label=GON+ | quality_group=medium,172,140,0.813953488372093,0.5900693090667267,0.9447403959929943,0.4516371928074938,0.5247552063036961,0.6587744554388686,supported,ConvNeXtTiny,sigma4_dil14,blur,4.0,14,GON+,medium
perturbation_sensitivity,od_oc_proxy_minus_matched_random_od_oc,od_oc_proxy_minus_matched_random_od_oc,image,label_quality,gon_label=GON- | quality_group=high,66,50,0.7575757575757576,0.565557335251552,0.8407165431417525,0.44392133565665587,0.4587786001711692,0.6716818778236764,supported,ConvNeXtTiny,sigma4_dil14,blur,4.0,14,GON-,high
perturbation_sensitivity,od_oc_proxy_minus_matched_random_od_oc,od_oc_proxy_minus_matched_random_od_oc,image,label_quality,gon_label=GON- | quality_group=low,53,33,0.6226415094339622,0.3207629129680737,0.0072552803903818686,0.41042008873469765,0.21730514348851873,0.43538180003664084,supported,ConvNeXtTiny,sigma4_dil14,blur,4.0,14,GON-,low
perturbation_sensitivity,od_oc_proxy_minus_matched_random_od_oc,od_oc_proxy_minus_matched_random_od_oc,image,label_quality,gon_label=GON- | quality_group=medium,79,55,0.6962025316455697,0.4374383770734047,0.35571290366351604,0.4208217660547537,0.3465638977374194,0.5265972550847068,supported,ConvNeXtTiny,sigma4_dil14,blur,4.0,14,GON-,medium
perturbation_sensitivity,od_oc_proxy_minus_matched_random_od_oc,od_oc_proxy_minus_matched_random_od_oc,image,label_quality,gon_label=GON+ | quality_group=high,181,14,0.07734806629834254,-0.4151233986905222,-0.1535549759864806,0.4673883523205218,-0.48423892542069846,-0.3475091725158197,not_supported,ConvNeXtTiny,sigma4_dil14,gaussian_noise,4.0,14,GON+,high
perturbation_sensitivity,od_oc_proxy_minus_matched_random_od_oc,od_oc_proxy_minus_matched_random_od_oc,image,label_quality,gon_label=GON+ | quality_group=low,194,28,0.14432989690721648,-0.5411926198909905,-0.8695504665374756,0.4922310908552644,-0.607884643153596,-0.4710320555366538,not_supported,ConvNeXtTiny,sigma4_dil14,gaussian_noise,4.0,14,GON+,low
perturbation_sensitivity,od_oc_proxy_minus_matched_random_od_oc,od_oc_proxy_minus_matched_random_od_oc,image,label_quality,gon_label=GON+ | quality_group=medium,172,20,0.11627906976744186,-0.5111297712028635,-0.7442176789045333,0.47631867140506073,-0.5834927921038819,-0.4406885878161234,not_supported,ConvNeXtTiny,sigma4_dil14,gaussian_noise,4.0,14,GON+,medium
perturbation_sensitivity,od_oc_proxy_minus_matched_random_od_oc,od_oc_proxy_minus_matched_random_od_oc,image,label_quality,gon_label=GON- | quality_group=high,66,4,0.06060606060606061,-0.40749491140785254,-0.16697561740875239,0.47638818938220523,-0.5217152505404598,-0.2943837432699502,not_supported,ConvNeXtTiny,sigma4_dil14,gaussian_noise,4.0,14,GON-,high
perturbation_sensitivity,od_oc_proxy_minus_matched_random_od_oc,od_oc_proxy_minus_matched_random_od_oc,image,label_quality,gon_label=GON- | quality_group=low,53,4,0.07547169811320754,-0.5722977273447059,-0.7895548939704894,0.44089025823922867,-0.6836728737439941,-0.45300701632597234,not_supported,ConvNeXtTiny,sigma4_dil14,gaussian_noise,4.0,14,GON-,low
perturbation_sensitivity,od_oc_proxy_minus_matched_random_od_oc,od_oc_proxy_minus_matched_random_od_oc,image,label_quality,gon_label=GON- | quality_group=medium,79,10,0.12658227848101267,-0.49840357427619664,-0.7176496684551239,0.5058683935191951,-0.6024858750979737,-0.3797209460542087,not_supported,ConvNeXtTiny,sigma4_dil14,gaussian_noise,4.0,14,GON-,medium
perturbation_sensitivity,od_oc_proxy_minus_matched_random_od_oc,od_oc_proxy_minus_matched_random_od_oc,image,label_quality,gon_label=GON+ | quality_group=high,181,22,0.12154696132596685,-0.641991013498343,-0.9540117420256138,0.4528271200564996,-0.7070392100514109,-0.5770398823781777,not_supported,ConvNeXtTiny,sigma4_dil14,mean_fill,4.0,14,GON+,high
perturbation_sensitivity,od_oc_proxy_minus_matched_random_od_oc,od_oc_proxy_minus_matched_random_od_oc,image,label_quality,gon_label=GON+ | quality_group=low,194,34,0.17525773195876287,-0.5507449671726155,-0.8600089652463795,0.5162074800299266,-0.6203707435611971,-0.47487365088075134,not_supported,ConvNeXtTiny,sigma4_dil14,mean_fill,4.0,14,GON+,low
perturbation_sensitivity,od_oc_proxy_minus_matched_random_od_oc,od_oc_proxy_minus_matched_random_od_oc,image,label_quality,gon_label=GON+ | quality_group=medium,172,24,0.13953488372093023,-0.6019566870871046,-0.9057328626513481,0.4702060947460893,-0.6707893528105642,-0.5306885420718609,not_supported,ConvNeXtTiny,sigma4_dil14,mean_fill,4.0,14,GON+,medium
perturbation_sensitivity,od_oc_proxy_minus_matched_random_od_oc,od_oc_proxy_minus_matched_random_od_oc,image,label_quality,gon_label=GON- | quality_group=high,66,22,0.3333333333333333,-0.34153436898001627,-0.08109000325202936,0.5498872610049981,-0.4704866208490178,-0.20676791675763195,not_supported,ConvNeXtTiny,sigma4_dil14,mean_fill,4.0,14,GON-,high
perturbation_sensitivity,od_oc_proxy_minus_matched_random_od_oc,od_oc_proxy_minus_matched_random_od_oc,image,label_quality,gon_label=GON- | quality_group=low,53,11,0.20754716981132076,-0.4725664936506875,-0.5631108582019805,0.5281498276034328,-0.6089680153566834,-0.335282893632297,not_supported,ConvNeXtTiny,sigma4_dil14,mean_fill,4.0,14,GON-,low
perturbation_sensitivity,od_oc_proxy_minus_matched_random_od_oc,od_oc_proxy_minus_matched_random_od_oc,image,label_quality,gon_label=GON- | quality_group=medium,79,12,0.1518987341772152,-0.48724651939156055,-0.7282392829656601,0.5161189322801799,-0.6029593221246246,-0.37324798144582483,not_supported,ConvNeXtTiny,sigma4_dil14,mean_fill,4.0,14,GON-,medium
perturbation_sensitivity,od_oc_proxy_minus_matched_random_od_oc,od_oc_proxy_minus_matched_random_od_oc,image,label_quality,gon_label=GON+ | quality_group=high,181,159,0.8784530386740331,0.6085637963424334,0.8999612703919411,0.4311646319926282,0.5467612278256754,0.6729788840345018,supported,ConvNeXtTiny,sigma4_dil7,blur,4.0,7,GON+,high
perturbation_sensitivity,od_oc_proxy_minus_matched_random_od_oc,od_oc_proxy_minus_matched_random_od_oc,image,label_quality,gon_label=GON+ | quality_group=low,194,153,0.788659793814433,0.517940138650468,0.7419077479280531,0.48291495599078843,0.4534393702274227,0.5865640354894606,supported,ConvNeXtTiny,sigma4_dil7,blur,4.0,7,GON+,low
perturbation_sensitivity,od_oc_proxy_minus_matched_random_od_oc,od_oc_proxy_minus_matched_random_od_oc,image,label_quality,gon_label=GON+ | quality_group=medium,172,144,0.8372093023255814,0.5673887688289205,0.8495220309123397,0.45573744714069114,0.49880831578984935,0.6322963463249792,supported,ConvNeXtTiny,sigma4_dil7,blur,4.0,7,GON+,medium
perturbation_sensitivity,od_oc_proxy_minus_matched_random_od_oc,od_oc_proxy_minus_matched_random_od_oc,image,label_quality,gon_label=GON- | quality_group=high,66,51,0.7727272727272727,0.5043867623246776,0.6816018577119394,0.5156688296883878,0.3750879950456982,0.6253477489898587,supported,ConvNeXtTiny,sigma4_dil7,blur,4.0,7,GON-,high
perturbation_sensitivity,od_oc_proxy_minus_matched_random_od_oc,od_oc_proxy_minus_matched_random_od_oc,image,label_quality,gon_label=GON- | quality_group=low,53,33,0.6226415094339622,0.2971797123580747,0.006168244406581008,0.41644153057233346,0.18338653884608025,0.4181827904427611,supported,ConvNeXtTiny,sigma4_dil7,blur,4.0,7,GON-,low
perturbation_sensitivity,od_oc_proxy_minus_matched_random_od_oc,od_oc_proxy_minus_matched_random_od_oc,image,label_quality,gon_label=GON- | quality_group=medium,79,54,0.6835443037974683,0.34972610301308205,0.127722593024373,0.4150585221222811,0.2584468957410254,0.44506112841076506,supported,ConvNeXtTiny,sigma4_dil7,blur,4.0,7,GON-,medium
perturbation_sensitivity,od_oc_proxy_minus_matched_random_od_oc,od_oc_proxy_minus_matched_random_od_oc,image,label_quality,gon_label=GON+ | quality_group=high,181,27,0.14917127071823205,-0.3122062072375254,-0.021252742270007702,0.4709363608685646,-0.37999569849818465,-0.2447561615609941,not_supported,ConvNeXtTiny,sigma4_dil7,gaussian_noise,4.0,7,GON+,high
perturbation_sensitivity,od_oc_proxy_minus_matched_random_od_oc,od_oc_proxy_minus_matched_random_od_oc,image,label_quality,gon_label=GON+ | quality_group=low,194,31,0.15979381443298968,-0.4184232409229246,-0.36069283448159684,0.5006542771632295,-0.4900269723229649,-0.34872722759212305,not_supported,ConvNeXtTiny,sigma4_dil7,gaussian_noise,4.0,7,GON+,low
perturbation_sensitivity,od_oc_proxy_minus_matched_random_od_oc,od_oc_proxy_minus_matched_random_od_oc,image,label_quality,gon_label=GON+ | quality_group=medium,172,31,0.18023255813953487,-0.3660788620892628,-0.10779825039207937,0.4615213013177874,-0.4372746170181292,-0.2934926045448757,not_supported,ConvNeXtTiny,sigma4_dil7,gaussian_noise,4.0,7,GON+,medium
perturbation_sensitivity,od_oc_proxy_minus_matched_random_od_oc,od_oc_proxy_minus_matched_random_od_oc,image,label_quality,gon_label=GON- | quality_group=high,66,8,0.12121212121212122,-0.3992732017205443,-0.10234192013740534,0.45402528946653825,-0.5019944113431903,-0.2909243714781159,not_supported,ConvNeXtTiny,sigma4_dil7,gaussian_noise,4.0,7,GON-,high
perturbation_sensitivity,od_oc_proxy_minus_matched_random_od_oc,od_oc_proxy_minus_matched_random_od_oc,image,label_quality,gon_label=GON- | quality_group=low,53,3,0.05660377358490566,-0.5614096099506122,-0.9060526117682458,0.4848478804005699,-0.6884666883452362,-0.42219827216874184,not_supported,ConvNeXtTiny,sigma4_dil7,gaussian_noise,4.0,7,GON-,low
perturbation_sensitivity,od_oc_proxy_minus_matched_random_od_oc,od_oc_proxy_minus_matched_random_od_oc,image,label_quality,gon_label=GON- | quality_group=medium,79,7,0.08860759493670886,-0.4648007323888618,-0.5229790806770325,0.49167639314788003,-0.5705894754462084,-0.3527258486224531,not_supported,ConvNeXtTiny,sigma4_dil7,gaussian_noise,4.0,7,GON-,medium
perturbation_sensitivity,od_oc_proxy_minus_matched_random_od_oc,od_oc_proxy_minus_matched_random_od_oc,image,label_quality,gon_label=GON+ | quality_group=high,181,65,0.35911602209944754,-0.30856647939274995,-0.1593095660209656,0.5730798621879976,-0.3883955828283981,-0.2239233634237975,not_supported,ConvNeXtTiny,sigma4_dil7,mean_fill,4.0,7,GON+,high
perturbation_sensitivity,od_oc_proxy_minus_matched_random_od_oc,od_oc_proxy_minus_matched_random_od_oc,image,label_quality,gon_label=GON+ | quality_group=low,194,49,0.25257731958762886,-0.3823301950893419,-0.36766222491860384,0.5518018569749876,-0.45757829256535,-0.3005505373002024,not_supported,ConvNeXtTiny,sigma4_dil7,mean_fill,4.0,7,GON+,low
perturbation_sensitivity,od_oc_proxy_minus_matched_random_od_oc,od_oc_proxy_minus_matched_random_od_oc,image,label_quality,gon_label=GON+ | quality_group=medium,172,48,0.27906976744186046,-0.30784089321091307,-0.14599531888961795,0.550192895063067,-0.38788714841817096,-0.2228798226327273,not_supported,ConvNeXtTiny,sigma4_dil7,mean_fill,4.0,7,GON+,medium
perturbation_sensitivity,od_oc_proxy_minus_matched_random_od_oc,od_oc_proxy_minus_matched_random_od_oc,image,label_quality,gon_label=GON- | quality_group=high,66,25,0.3787878787878788,-0.18900820224181106,-0.06067422032356266,0.5443408282097727,-0.3171532739476596,-0.05128115869905791,not_supported,ConvNeXtTiny,sigma4_dil7,mean_fill,4.0,7,GON-,high
perturbation_sensitivity,od_oc_proxy_minus_matched_random_od_oc,od_oc_proxy_minus_matched_random_od_oc,image,label_quality,gon_label=GON- | quality_group=low,53,14,0.2641509433962264,-0.26218235379173904,-0.10541340615600331,0.515916995899083,-0.4083424732784857,-0.12475476072924632,not_supported,ConvNeXtTiny,sigma4_dil7,mean_fill,4.0,7,GON-,low
perturbation_sensitivity,od_oc_proxy_minus_matched_random_od_oc,od_oc_proxy_minus_matched_random_od_oc,image,label_quality,gon_label=GON- | quality_group=medium,79,17,0.21518987341772153,-0.37369517670429303,-0.2514593359082936,0.5268626186948472,-0.4815256961650862,-0.25621543560945026,not_supported,ConvNeXtTiny,sigma4_dil7,mean_fill,4.0,7,GON-,medium
perturbation_sensitivity,od_oc_proxy_minus_matched_random_od_oc,od_oc_proxy_minus_matched_random_od_oc,image,label_quality,gon_label=GON+ | quality_group=high,181,143,0.7900552486187845,0.31034477497729385,0.057818057015538195,0.4869021072388228,0.2360248631408912,0.3799366871181607,supported,ConvNeXtTiny,sigma8_dil0,blur,8.0,0,GON+,high
perturbation_sensitivity,od_oc_proxy_minus_matched_random_od_oc,od_oc_proxy_minus_matched_random_od_oc,image,label_quality,gon_label=GON+ | quality_group=low,194,143,0.7371134020618557,0.355562891126236,0.12281855940818784,0.4607962143949585,0.29375455593004685,0.416249365377661,supported,ConvNeXtTiny,sigma8_dil0,blur,8.0,0,GON+,low
perturbation_sensitivity,od_oc_proxy_minus_matched_random_od_oc,od_oc_proxy_minus_matched_random_od_oc,image,label_quality,gon_label=GON+ | quality_group=medium,172,130,0.7558139534883721,0.2812790113801405,0.0486414134502411,0.4435779173088338,0.21917369713435111,0.34695203504293826,supported,ConvNeXtTiny,sigma8_dil0,blur,8.0,0,GON+,medium
perturbation_sensitivity,od_oc_proxy_minus_matched_random_od_oc,od_oc_proxy_minus_matched_random_od_oc,image,label_quality,gon_label=GON- | quality_group=high,66,53,0.803030303030303,0.3559772660343394,0.29406229613232415,0.4393564859754465,0.2517288202497942,0.4567025443805133,supported,ConvNeXtTiny,sigma8_dil0,blur,8.0,0,GON-,high
perturbation_sensitivity,od_oc_proxy_minus_matched_random_od_oc,od_oc_proxy_minus_matched_random_od_oc,image,label_quality,gon_label=GON- | quality_group=low,53,34,0.6415094339622641,0.21656220369701293,0.0002733636647462263,0.4308109595194368,0.10115210623675835,0.33113078768461357,supported,ConvNeXtTiny,sigma8_dil0,blur,8.0,0,GON-,low
perturbation_sensitivity,od_oc_proxy_minus_matched_random_od_oc,od_oc_proxy_minus_matched_random_od_oc,image,label_quality,gon_label=GON- | quality_group=medium,79,46,0.5822784810126582,0.2565800907703743,0.010672450065612746,0.4929553039930399,0.14607715062258037,0.3637993082225202,supported,ConvNeXtTiny,sigma8_dil0,blur,8.0,0,GON-,medium
perturbation_sensitivity,od_oc_proxy_minus_matched_random_od_oc,od_oc_proxy_minus_matched_random_od_oc,image,label_quality,gon_label=GON+ | quality_group=high,181,89,0.49171270718232046,0.022472210612219767,-4.649162292480469e-06,0.44314067835116305,-0.04167488641325881,0.08576158544007197,directional_only,ConvNeXtTiny,sigma8_dil0,gaussian_noise,8.0,0,GON+,high
perturbation_sensitivity,od_oc_proxy_minus_matched_random_od_oc,od_oc_proxy_minus_matched_random_od_oc,image,label_quality,gon_label=GON+ | quality_group=low,194,104,0.5360824742268041,-0.014959100185450618,0.00012699794024235,0.4908066737965549,-0.08235639963135813,0.0542974758727291,not_supported,ConvNeXtTiny,sigma8_dil0,gaussian_noise,8.0,0,GON+,low
perturbation_sensitivity,od_oc_proxy_minus_matched_random_od_oc,od_oc_proxy_minus_matched_random_od_oc,image,label_quality,gon_label=GON+ | quality_group=medium,172,102,0.5930232558139535,0.07935057358266677,0.000335949123837,0.4783264678674012,0.010015760771538292,0.14740298022144022,supported,ConvNeXtTiny,sigma8_dil0,gaussian_noise,8.0,0,GON+,medium
perturbation_sensitivity,od_oc_proxy_minus_matched_random_od_oc,od_oc_proxy_minus_matched_random_od_oc,image,label_quality,gon_label=GON- | quality_group=high,66,18,0.2727272727272727,-0.21397780885981224,-0.002013236284255981,0.43183072461689104,-0.31908596818044094,-0.11241289199771487,not_supported,ConvNeXtTiny,sigma8_dil0,gaussian_noise,8.0,0,GON-,high
perturbation_sensitivity,od_oc_proxy_minus_matched_random_od_oc,od_oc_proxy_minus_matched_random_od_oc,image,label_quality,gon_label=GON- | quality_group=low,53,19,0.3584905660377358,-0.20261144751768953,-0.016826868057250977,0.5057035375887018,-0.33748998131966046,-0.0686537823449315,not_supported,ConvNeXtTiny,sigma8_dil0,gaussian_noise,8.0,0,GON-,low
perturbation_sensitivity,od_oc_proxy_minus_matched_random_od_oc,od_oc_proxy_minus_matched_random_od_oc,image,label_quality,gon_label=GON- | quality_group=medium,79,26,0.3291139240506329,-0.19694352869194093,-0.0365616083145142,0.515853795885906,-0.31114471366546365,-0.08395387352600701,not_supported,ConvNeXtTiny,sigma8_dil0,gaussian_noise,8.0,0,GON-,medium
perturbation_sensitivity,od_oc_proxy_minus_matched_random_od_oc,od_oc_proxy_minus_matched_random_od_oc,image,label_quality,gon_label=GON+ | quality_group=high,181,118,0.6519337016574586,0.22905041313567295,0.027985632419586202,0.5641017116589677,0.1498338366615605,0.310703681623967,supported,ConvNeXtTiny,sigma8_dil0,mean_fill,8.0,0,GON+,high
perturbation_sensitivity,od_oc_proxy_minus_matched_random_od_oc,od_oc_proxy_minus_matched_random_od_oc,image,label_quality,gon_label=GON+ | quality_group=low,194,105,0.5412371134020618,0.03434270433098925,0.0002772025763988265,0.5184298395321411,-0.040661766613489234,0.1089153333679907,directional_only,ConvNeXtTiny,sigma8_dil0,mean_fill,8.0,0,GON+,low
perturbation_sensitivity,od_oc_proxy_minus_matched_random_od_oc,od_oc_proxy_minus_matched_random_od_oc,image,label_quality,gon_label=GON+ | quality_group=medium,172,99,0.5755813953488372,0.0960655009615377,0.0008951146155595779,0.48345730907502593,0.022600122422864202,0.1659846421580561,supported,ConvNeXtTiny,sigma8_dil0,mean_fill,8.0,0,GON+,medium
perturbation_sensitivity,od_oc_proxy_minus_matched_random_od_oc,od_oc_proxy_minus_matched_random_od_oc,image,label_quality,gon_label=GON- | quality_group=high,66,38,0.5757575757575758,0.20432170227716348,0.08379615284502506,0.6137684621379366,0.055298163015330914,0.34786510350196476,supported,ConvNeXtTiny,sigma8_dil0,mean_fill,8.0,0,GON-,high
perturbation_sensitivity,od_oc_proxy_minus_matched_random_od_oc,od_oc_proxy_minus_matched_random_od_oc,image,label_quality,gon_label=GON- | quality_group=low,53,27,0.5094339622641509,0.05066884129254898,0.00010653502977219728,0.4630885895400621,-0.07834500651920538,0.1715836388014549,directional_only,ConvNeXtTiny,sigma8_dil0,mean_fill,8.0,0,GON-,low
perturbation_sensitivity,od_oc_proxy_minus_matched_random_od_oc,od_oc_proxy_minus_matched_random_od_oc,image,label_quality,gon_label=GON- | quality_group=medium,79,39,0.4936708860759494,0.0036704965742167515,-1.1460540918051265e-05,0.5947639202555688,-0.12262369690754123,0.13018904503001286,directional_only,ConvNeXtTiny,sigma8_dil0,mean_fill,8.0,0,GON-,medium
perturbation_sensitivity,od_oc_proxy_minus_matched_random_od_oc,od_oc_proxy_minus_matched_random_od_oc,image,label_quality,gon_label=GON+ | quality_group=high,181,159,0.8784530386740331,0.6519589409107543,0.9663295242935419,0.4320455706783559,0.5865475604035238,0.7135411653664965,supported,ConvNeXtTiny,sigma8_dil14,blur,8.0,14,GON+,high
perturbation_sensitivity,od_oc_proxy_minus_matched_random_od_oc,od_oc_proxy_minus_matched_random_od_oc,image,label_quality,gon_label=GON+ | quality_group=low,194,153,0.788659793814433,0.5392987582197128,0.8020875863730907,0.4638621766598961,0.47058805904673895,0.6025432615410512,supported,ConvNeXtTiny,sigma8_dil14,blur,8.0,14,GON+,low
perturbation_sensitivity,od_oc_proxy_minus_matched_random_od_oc,od_oc_proxy_minus_matched_random_od_oc,image,label_quality,gon_label=GON+ | quality_group=medium,172,140,0.813953488372093,0.5754444058637113,0.903732331469655,0.4606854543382564,0.5067336706160183,0.6398786092004297,supported,ConvNeXtTiny,sigma8_dil14,blur,8.0,14,GON+,medium
perturbation_sensitivity,od_oc_proxy_minus_matched_random_od_oc,od_oc_proxy_minus_matched_random_od_oc,image,label_quality,gon_label=GON- | quality_group=high,66,48,0.7272727272727273,0.5446200501663759,0.7658268879167736,0.46558410495859887,0.43237362581696676,0.6510759716318509,supported,ConvNeXtTiny,sigma8_dil14,blur,8.0,14,GON-,high
perturbation_sensitivity,od_oc_proxy_minus_matched_random_od_oc,od_oc_proxy_minus_matched_random_od_oc,image,label_quality,gon_label=GON- | quality_group=low,53,33,0.6226415094339622,0.3210609726598739,0.0007629375904799618,0.43532814659156277,0.20253884000808714,0.4404869248368756,supported,ConvNeXtTiny,sigma8_dil14,blur,8.0,14,GON-,low
perturbation_sensitivity,od_oc_proxy_minus_matched_random_od_oc,od_oc_proxy_minus_matched_random_od_oc,image,label_quality,gon_label=GON- | quality_group=medium,79,56,0.7088607594936709,0.42834923743117265,0.3448002506047486,0.4406031051618517,0.33401684471221105,0.5263779788590415,supported,ConvNeXtTiny,sigma8_dil14,blur,8.0,14,GON-,medium
perturbation_sensitivity,od_oc_proxy_minus_matched_random_od_oc,od_oc_proxy_minus_matched_random_od_oc,image,label_quality,gon_label=GON+ | quality_group=high,181,19,0.10497237569060773,-0.40590850630252834,-0.1017937064170837,0.47507591585686937,-0.47330032977650977,-0.3376829927737951,not_supported,ConvNeXtTiny,sigma8_dil14,gaussian_noise,8.0,14,GON+,high
perturbation_sensitivity,od_oc_proxy_minus_matched_random_od_oc,od_oc_proxy_minus_matched_random_od_oc,image,label_quality,gon_label=GON+ | quality_group=low,194,19,0.0979381443298969,-0.5701214611565859,-0.9061014829203486,0.4815521267464916,-0.6392658804685891,-0.5003052272512241,not_supported,ConvNeXtTiny,sigma8_dil14,gaussian_noise,8.0,14,GON+,low
perturbation_sensitivity,od_oc_proxy_minus_matched_random_od_oc,od_oc_proxy_minus_matched_random_od_oc,image,label_quality,gon_label=GON+ | quality_group=medium,172,14,0.08139534883720931,-0.508116372644667,-0.640535071492195,0.48207264134508093,-0.580474374426086,-0.438650090463565,not_supported,ConvNeXtTiny,sigma8_dil14,gaussian_noise,8.0,14,GON+,medium
perturbation_sensitivity,od_oc_proxy_minus_matched_random_od_oc,od_oc_proxy_minus_matched_random_od_oc,image,label_quality,gon_label=GON- | quality_group=high,66,6,0.09090909090909091,-0.39403613594751014,-0.13399630784988398,0.44789151317944675,-0.4966687036466551,-0.29176452912602696,not_supported,ConvNeXtTiny,sigma8_dil14,gaussian_noise,8.0,14,GON-,high
perturbation_sensitivity,od_oc_proxy_minus_matched_random_od_oc,od_oc_proxy_minus_matched_random_od_oc,image,label_quality,gon_label=GON- | quality_group=low,53,2,0.03773584905660377,-0.6000562562621438,-0.935032494366169,0.4635425590320365,-0.7189642971940061,-0.47608371449702647,not_supported,ConvNeXtTiny,sigma8_dil14,gaussian_noise,8.0,14,GON-,low
perturbation_sensitivity,od_oc_proxy_minus_matched_random_od_oc,od_oc_proxy_minus_matched_random_od_oc,image,label_quality,gon_label=GON- | quality_group=medium,79,4,0.05063291139240506,-0.5221585129314043,-0.7526806920304807,0.4629616300622732,-0.6183642917262475,-0.4243583818277842,not_supported,ConvNeXtTiny,sigma8_dil14,gaussian_noise,8.0,14,GON-,medium
perturbation_sensitivity,od_oc_proxy_minus_matched_random_od_oc,od_oc_proxy_minus_matched_random_od_oc,image,label_quality,gon_label=GON+ | quality_group=high,181,30,0.16574585635359115,-0.6196789963704563,-0.9457317106425764,0.4612633446231024,-0.6817058243873236,-0.5518627065945604,not_supported,ConvNeXtTiny,sigma8_dil14,mean_fill,8.0,14,GON+,high
perturbation_sensitivity,od_oc_proxy_minus_matched_random_od_oc,od_oc_proxy_minus_matched_random_od_oc,image,label_quality,gon_label=GON+ | quality_group=low,194,38,0.1958762886597938,-0.5110729003245444,-0.817700769752264,0.5301219098616998,-0.5869168610322096,-0.43480652383993235,not_supported,ConvNeXtTiny,sigma8_dil14,mean_fill,8.0,14,GON+,low
perturbation_sensitivity,od_oc_proxy_minus_matched_random_od_oc,od_oc_proxy_minus_matched_random_od_oc,image,label_quality,gon_label=GON+ | quality_group=medium,172,22,0.12790697674418605,-0.5840356203074576,-0.9283753884956241,0.5094561926454211,-0.6583489098978975,-0.5016565590594071,not_supported,ConvNeXtTiny,sigma8_dil14,mean_fill,8.0,14,GON+,medium
perturbation_sensitivity,od_oc_proxy_minus_matched_random_od_oc,od_oc_proxy_minus_matched_random_od_oc,image,label_quality,gon_label=GON- | quality_group=high,66,15,0.22727272727272727,-0.4100656922511751,-0.5722334235906601,0.6195330508443158,-0.5567336846295775,-0.2626725477692081,not_supported,ConvNeXtTiny,sigma8_dil14,mean_fill,8.0,14,GON-,high
perturbation_sensitivity,od_oc_proxy_minus_matched_random_od_oc,od_oc_proxy_minus_matched_random_od_oc,image,label_quality,gon_label=GON- | quality_group=low,53,12,0.22641509433962265,-0.49869988462009096,-0.6646421253681183,0.4718540472939456,-0.6217594386356277,-0.36926394859526557,not_supported,ConvNeXtTiny,sigma8_dil14,mean_fill,8.0,14,GON-,low
perturbation_sensitivity,od_oc_proxy_minus_matched_random_od_oc,od_oc_proxy_minus_matched_random_od_oc,image,label_quality,gon_label=GON- | quality_group=medium,79,10,0.12658227848101267,-0.5619931809309077,-0.8789687305688859,0.4916120130592818,-0.6674879601027792,-0.4495431909305082,not_supported,ConvNeXtTiny,sigma8_dil14,mean_fill,8.0,14,GON-,medium
perturbation_sensitivity,od_oc_proxy_minus_matched_random_od_oc,od_oc_proxy_minus_matched_random_od_oc,image,label_quality,gon_label=GON+ | quality_group=high,181,149,0.8232044198895028,0.5354785650851834,0.8120826929807663,0.485205325609314,0.4576121341046775,0.6065112016036596,supported,ConvNeXtTiny,sigma8_dil7,blur,8.0,7,GON+,high
perturbation_sensitivity,od_oc_proxy_minus_matched_random_od_oc,od_oc_proxy_minus_matched_random_od_oc,image,label_quality,gon_label=GON+ | quality_group=low,194,148,0.7628865979381443,0.4491009696739263,0.5278588214423507,0.4980379575430603,0.37700601919288984,0.5216073930613577,supported,ConvNeXtTiny,sigma8_dil7,blur,8.0,7,GON+,low
perturbation_sensitivity,od_oc_proxy_minus_matched_random_od_oc,od_oc_proxy_minus_matched_random_od_oc,image,label_quality,gon_label=GON+ | quality_group=medium,172,136,0.7906976744186046,0.5036837077680101,0.6090681701898575,0.4504120623294086,0.4351263888619537,0.5718074603801359,supported,ConvNeXtTiny,sigma8_dil7,blur,8.0,7,GON+,medium
perturbation_sensitivity,od_oc_proxy_minus_matched_random_od_oc,od_oc_proxy_minus_matched_random_od_oc,image,label_quality,gon_label=GON- | quality_group=high,66,48,0.7272727272727273,0.464064744953689,0.6250352114439011,0.5083425090473517,0.35077744558908774,0.5784368856862012,supported,ConvNeXtTiny,sigma8_dil7,blur,8.0,7,GON-,high
perturbation_sensitivity,od_oc_proxy_minus_matched_random_od_oc,od_oc_proxy_minus_matched_random_od_oc,image,label_quality,gon_label=GON- | quality_group=low,53,34,0.6415094339622641,0.26862193468929585,0.000522756949067,0.4200057985930354,0.15728726910666016,0.3884484945391206,supported,ConvNeXtTiny,sigma8_dil7,blur,8.0,7,GON-,low
perturbation_sensitivity,od_oc_proxy_minus_matched_random_od_oc,od_oc_proxy_minus_matched_random_od_oc,image,label_quality,gon_label=GON- | quality_group=medium,79,49,0.620253164556962,0.3125268691528848,0.0639965087175369,0.4425455541300822,0.2175323041613767,0.4070224651985603,supported,ConvNeXtTiny,sigma8_dil7,blur,8.0,7,GON-,medium
perturbation_sensitivity,od_oc_proxy_minus_matched_random_od_oc,od_oc_proxy_minus_matched_random_od_oc,image,label_quality,gon_label=GON+ | quality_group=high,181,23,0.1270718232044199,-0.33607925770003366,-0.0278314352035521,0.4305703660995275,-0.3954435284437951,-0.2718546519863423,not_supported,ConvNeXtTiny,sigma8_dil7,gaussian_noise,8.0,7,GON+,high
perturbation_sensitivity,od_oc_proxy_minus_matched_random_od_oc,od_oc_proxy_minus_matched_random_od_oc,image,label_quality,gon_label=GON+ | quality_group=low,194,30,0.15463917525773196,-0.4651008008528977,-0.5662223100662231,0.4819178461761004,-0.5338215948854284,-0.3983761100086677,not_supported,ConvNeXtTiny,sigma8_dil7,gaussian_noise,8.0,7,GON+,low
perturbation_sensitivity,od_oc_proxy_minus_matched_random_od_oc,od_oc_proxy_minus_matched_random_od_oc,image,label_quality,gon_label=GON+ | quality_group=medium,172,28,0.16279069767441862,-0.39088727279073116,-0.1020406186580657,0.4821921605969177,-0.46130775618688813,-0.31971600685811313,not_supported,ConvNeXtTiny,sigma8_dil7,gaussian_noise,8.0,7,GON+,medium
perturbation_sensitivity,od_oc_proxy_minus_matched_random_od_oc,od_oc_proxy_minus_matched_random_od_oc,image,label_quality,gon_label=GON- | quality_group=high,66,2,0.030303030303030304,-0.3995110955225259,-0.10807613322685938,0.4366562459126026,-0.5023133601379096,-0.29395003742610204,not_supported,ConvNeXtTiny,sigma8_dil7,gaussian_noise,8.0,7,GON-,high
perturbation_sensitivity,od_oc_proxy_minus_matched_random_od_oc,od_oc_proxy_minus_matched_random_od_oc,image,label_quality,gon_label=GON- | quality_group=low,53,7,0.1320754716981132,-0.5480787963454721,-0.7298608720302582,0.44688636537006443,-0.661570562232929,-0.4278997752542311,not_supported,ConvNeXtTiny,sigma8_dil7,gaussian_noise,8.0,7,GON-,low
perturbation_sensitivity,od_oc_proxy_minus_matched_random_od_oc,od_oc_proxy_minus_matched_random_od_oc,image,label_quality,gon_label=GON- | quality_group=medium,79,10,0.12658227848101267,-0.4876873584062081,-0.5143947601318358,0.4843572975160056,-0.5908322654011602,-0.3828452988003192,not_supported,ConvNeXtTiny,sigma8_dil7,gaussian_noise,8.0,7,GON-,medium
perturbation_sensitivity,od_oc_proxy_minus_matched_random_od_oc,od_oc_proxy_minus_matched_random_od_oc,image,label_quality,gon_label=GON+ | quality_group=high,181,60,0.3314917127071823,-0.28966996822139496,-0.13460963964462277,0.5819878533505916,-0.3715004655812196,-0.20532745420858403,not_supported,ConvNeXtTiny,sigma8_dil7,mean_fill,8.0,7,GON+,high
perturbation_sensitivity,od_oc_proxy_minus_matched_random_od_oc,od_oc_proxy_minus_matched_random_od_oc,image,label_quality,gon_label=GON+ | quality_group=low,194,55,0.28350515463917525,-0.334608235337412,-0.1752949040383101,0.5514940239947276,-0.4135407738716803,-0.2610617906717831,not_supported,ConvNeXtTiny,sigma8_dil7,mean_fill,8.0,7,GON+,low
perturbation_sensitivity,od_oc_proxy_minus_matched_random_od_oc,od_oc_proxy_minus_matched_random_od_oc,image,label_quality,gon_label=GON+ | quality_group=medium,172,51,0.29651162790697677,-0.30833462380554877,-0.1655255914665758,0.5531366372349823,-0.3860895432845049,-0.22724006640332317,not_supported,ConvNeXtTiny,sigma8_dil7,mean_fill,8.0,7,GON+,medium
perturbation_sensitivity,od_oc_proxy_minus_matched_random_od_oc,od_oc_proxy_minus_matched_random_od_oc,image,label_quality,gon_label=GON- | quality_group=high,66,24,0.36363636363636365,-0.21045678790453554,-0.048681813641451306,0.5712919432197452,-0.3439557235085321,-0.07648035434569032,not_supported,ConvNeXtTiny,sigma8_dil7,mean_fill,8.0,7,GON-,high
perturbation_sensitivity,od_oc_proxy_minus_matched_random_od_oc,od_oc_proxy_minus_matched_random_od_oc,image,label_quality,gon_label=GON- | quality_group=low,53,14,0.2641509433962264,-0.24805084935456453,-0.0625469870865345,0.5547814776258317,-0.38837528056559817,-0.09353577326091574,not_supported,ConvNeXtTiny,sigma8_dil7,mean_fill,8.0,7,GON-,low
perturbation_sensitivity,od_oc_proxy_minus_matched_random_od_oc,od_oc_proxy_minus_matched_random_od_oc,image,label_quality,gon_label=GON- | quality_group=medium,79,15,0.189873417721519,-0.4652184590290572,-0.6855407655239104,0.49286006046776526,-0.5721795392356663,-0.3552381906895985,not_supported,ConvNeXtTiny,sigma8_dil7,mean_fill,8.0,7,GON-,medium
perturbation_sensitivity,od_oc_proxy_minus_matched_random_od_oc,od_oc_proxy_minus_matched_random_od_oc,image,label_quality,gon_label=GON+ | quality_group=high,181,110,0.6077348066298343,0.07958850774321982,0.0086523173472414,0.3893858772882334,0.021235398842962275,0.1354836821477858,supported,EfficientNetB0,sigma12_dil0,blur,12.0,0,GON+,high
perturbation_sensitivity,od_oc_proxy_minus_matched_random_od_oc,od_oc_proxy_minus_matched_random_od_oc,image,label_quality,gon_label=GON+ | quality_group=low,194,98,0.5051546391752577,0.06405517573322679,2.386310043733797e-07,0.36952932692077245,0.012778344645847265,0.11593960058668057,supported,EfficientNetB0,sigma12_dil0,blur,12.0,0,GON+,low
perturbation_sensitivity,od_oc_proxy_minus_matched_random_od_oc,od_oc_proxy_minus_matched_random_od_oc,image,label_quality,gon_label=GON+ | quality_group=medium,172,87,0.5058139534883721,0.020599405696417925,3.7026465520284546e-06,0.3674591418690986,-0.03478074402006616,0.07313773147171969,directional_only,EfficientNetB0,sigma12_dil0,blur,12.0,0,GON+,medium
perturbation_sensitivity,od_oc_proxy_minus_matched_random_od_oc,od_oc_proxy_minus_matched_random_od_oc,image,label_quality,gon_label=GON- | quality_group=high,66,20,0.30303030303030304,-0.07674640146955312,-0.013579550664871945,0.31361915870851265,-0.14865643010490223,-0.005719275810690418,not_supported,EfficientNetB0,sigma12_dil0,blur,12.0,0,GON-,high
perturbation_sensitivity,od_oc_proxy_minus_matched_random_od_oc,od_oc_proxy_minus_matched_random_od_oc,image,label_quality,gon_label=GON- | quality_group=low,53,13,0.24528301886792453,-0.11611864209716252,-0.029045049413980298,0.2331366603584807,-0.1815263499984334,-0.05005196761464403,not_supported,EfficientNetB0,sigma12_dil0,blur,12.0,0,GON-,low
perturbation_sensitivity,od_oc_proxy_minus_matched_random_od_oc,od_oc_proxy_minus_matched_random_od_oc,image,label_quality,gon_label=GON- | quality_group=medium,79,23,0.2911392405063291,-0.14199865521733054,-0.0691035985946654,0.3054229128653823,-0.20692186446827573,-0.07893972410802007,not_supported,EfficientNetB0,sigma12_dil0,blur,12.0,0,GON-,medium
perturbation_sensitivity,od_oc_proxy_minus_matched_random_od_oc,od_oc_proxy_minus_matched_random_od_oc,image,label_quality,gon_label=GON+ | quality_group=high,181,74,0.4088397790055249,-0.02143963964524563,-0.024245917797088498,0.40907094602833155,-0.0825464185488863,0.038551916790877,not_supported,EfficientNetB0,sigma12_dil0,gaussian_noise,12.0,0,GON+,high
perturbation_sensitivity,od_oc_proxy_minus_matched_random_od_oc,od_oc_proxy_minus_matched_random_od_oc,image,label_quality,gon_label=GON+ | quality_group=low,194,85,0.4381443298969072,-0.011792445142717144,-0.0161728217772178,0.39661700127163024,-0.07176623302109973,0.0460352107075235,not_supported,EfficientNetB0,sigma12_dil0,gaussian_noise,12.0,0,GON+,low
perturbation_sensitivity,od_oc_proxy_minus_matched_random_od_oc,od_oc_proxy_minus_matched_random_od_oc,image,label_quality,gon_label=GON+ | quality_group=medium,172,70,0.4069767441860465,-0.052041922375926836,-0.034065615385770756,0.42094565050015303,-0.11389188684844569,0.011786637964957946,not_supported,EfficientNetB0,sigma12_dil0,gaussian_noise,12.0,0,GON+,medium
perturbation_sensitivity,od_oc_proxy_minus_matched_random_od_oc,od_oc_proxy_minus_matched_random_od_oc,image,label_quality,gon_label=GON- | quality_group=high,66,17,0.25757575757575757,-0.10259832157540176,-0.04596378453425125,0.29713648126187414,-0.17677276797719077,-0.032322931891089667,not_supported,EfficientNetB0,sigma12_dil0,gaussian_noise,12.0,0,GON-,high
perturbation_sensitivity,od_oc_proxy_minus_matched_random_od_oc,od_oc_proxy_minus_matched_random_od_oc,image,label_quality,gon_label=GON- | quality_group=low,53,11,0.20754716981132076,-0.14280318108571274,-0.11057094810530531,0.32332581801107385,-0.2231684996378659,-0.05270420299864701,not_supported,EfficientNetB0,sigma12_dil0,gaussian_noise,12.0,0,GON-,low
perturbation_sensitivity,od_oc_proxy_minus_matched_random_od_oc,od_oc_proxy_minus_matched_random_od_oc,image,label_quality,gon_label=GON- | quality_group=medium,79,20,0.25316455696202533,-0.15455617684562625,-0.0915035105426795,0.3631033751005096,-0.23452583010069797,-0.07501353473836773,not_supported,EfficientNetB0,sigma12_dil0,gaussian_noise,12.0,0,GON-,medium
perturbation_sensitivity,od_oc_proxy_minus_matched_random_od_oc,od_oc_proxy_minus_matched_random_od_oc,image,label_quality,gon_label=GON+ | quality_group=high,181,127,0.7016574585635359,0.24199585587050118,0.10115319490432739,0.38484277524744676,0.18978900311765076,0.30002772783227294,supported,EfficientNetB0,sigma12_dil0,mean_fill,12.0,0,GON+,high
perturbation_sensitivity,od_oc_proxy_minus_matched_random_od_oc,od_oc_proxy_minus_matched_random_od_oc,image,label_quality,gon_label=GON+ | quality_group=low,194,119,0.6134020618556701,0.1427932541690409,0.031161248683929468,0.3807766090953024,0.08689891774303599,0.19565140432059494,supported,EfficientNetB0,sigma12_dil0,mean_fill,12.0,0,GON+,low
perturbation_sensitivity,od_oc_proxy_minus_matched_random_od_oc,od_oc_proxy_minus_matched_random_od_oc,image,label_quality,gon_label=GON+ | quality_group=medium,172,105,0.6104651162790697,0.14604654248933463,0.01510428552865045,0.3616107220066492,0.09238456689928047,0.19916668408219235,supported,EfficientNetB0,sigma12_dil0,mean_fill,12.0,0,GON+,medium
perturbation_sensitivity,od_oc_proxy_minus_matched_random_od_oc,od_oc_proxy_minus_matched_random_od_oc,image,label_quality,gon_label=GON- | quality_group=high,66,33,0.5,0.04456689936498076,-6.041875750943612e-05,0.24171034028673638,-0.012543679506446585,0.10217969743013433,directional_only,EfficientNetB0,sigma12_dil0,mean_fill,12.0,0,GON-,high
perturbation_sensitivity,od_oc_proxy_minus_matched_random_od_oc,od_oc_proxy_minus_matched_random_od_oc,image,label_quality,gon_label=GON- | quality_group=low,53,22,0.41509433962264153,0.01905991585239972,-0.004265308380126901,0.28891843411801094,-0.056575425384056535,0.09812785496212761,directional_only,EfficientNetB0,sigma12_dil0,mean_fill,12.0,0,GON-,low
perturbation_sensitivity,od_oc_proxy_minus_matched_random_od_oc,od_oc_proxy_minus_matched_random_od_oc,image,label_quality,gon_label=GON- | quality_group=medium,79,33,0.4177215189873418,0.02319606184211025,-0.0023490823805332045,0.2741745912984324,-0.037497470098957826,0.08366919588680884,directional_only,EfficientNetB0,sigma12_dil0,mean_fill,12.0,0,GON-,medium
perturbation_sensitivity,od_oc_proxy_minus_matched_random_od_oc,od_oc_proxy_minus_matched_random_od_oc,image,label_quality,gon_label=GON+ | quality_group=high,181,87,0.48066298342541436,-0.03885126719436389,-0.004403748363983953,0.4520990778576657,-0.10809617618897317,0.024561451975679986,not_supported,EfficientNetB0,sigma12_dil14,blur,12.0,14,GON+,high
perturbation_sensitivity,od_oc_proxy_minus_matched_random_od_oc,od_oc_proxy_minus_matched_random_od_oc,image,label_quality,gon_label=GON+ | quality_group=low,194,81,0.4175257731958763,-0.013556923147133955,-0.021122281197563035,0.40332141687077083,-0.07009342772467682,0.043776884120967974,not_supported,EfficientNetB0,sigma12_dil14,blur,12.0,14,GON+,low
perturbation_sensitivity,od_oc_proxy_minus_matched_random_od_oc,od_oc_proxy_minus_matched_random_od_oc,image,label_quality,gon_label=GON+ | quality_group=medium,172,74,0.43023255813953487,-0.08363860059786425,-0.04356850916519761,0.48032683903541634,-0.1533718106667655,-0.012975690738401447,not_supported,EfficientNetB0,sigma12_dil14,blur,12.0,14,GON+,medium
perturbation_sensitivity,od_oc_proxy_minus_matched_random_od_oc,od_oc_proxy_minus_matched_random_od_oc,image,label_quality,gon_label=GON- | quality_group=high,66,16,0.24242424242424243,-0.22366898518094017,-0.14137851790292175,0.33639247468140226,-0.3076810071788201,-0.14886943671297057,not_supported,EfficientNetB0,sigma12_dil14,blur,12.0,14,GON-,high
perturbation_sensitivity,od_oc_proxy_minus_matched_random_od_oc,od_oc_proxy_minus_matched_random_od_oc,image,label_quality,gon_label=GON- | quality_group=low,53,13,0.24528301886792453,-0.23269707312807067,-0.1454531857743858,0.3392572774731375,-0.32938396877457876,-0.14217266123584643,not_supported,EfficientNetB0,sigma12_dil14,blur,12.0,14,GON-,low
perturbation_sensitivity,od_oc_proxy_minus_matched_random_od_oc,od_oc_proxy_minus_matched_random_od_oc,image,label_quality,gon_label=GON- | quality_group=medium,79,11,0.13924050632911392,-0.288701889802885,-0.19164908677339548,0.37887706879791355,-0.37323568060135,-0.20404805818280256,not_supported,EfficientNetB0,sigma12_dil14,blur,12.0,14,GON-,medium
perturbation_sensitivity,od_oc_proxy_minus_matched_random_od_oc,od_oc_proxy_minus_matched_random_od_oc,image,label_quality,gon_label=GON+ | quality_group=high,181,74,0.4088397790055249,-0.052095839064824435,-0.040460200456436696,0.47493243906648525,-0.12025670306377886,0.017780111778414962,not_supported,EfficientNetB0,sigma12_dil14,gaussian_noise,12.0,14,GON+,high
perturbation_sensitivity,od_oc_proxy_minus_matched_random_od_oc,od_oc_proxy_minus_matched_random_od_oc,image,label_quality,gon_label=GON+ | quality_group=low,194,80,0.41237113402061853,-0.048113988929454385,-0.031185736414045002,0.4301094702336543,-0.10632162700277609,0.010452224700744304,not_supported,EfficientNetB0,sigma12_dil14,gaussian_noise,12.0,14,GON+,low
perturbation_sensitivity,od_oc_proxy_minus_matched_random_od_oc,od_oc_proxy_minus_matched_random_od_oc,image,label_quality,gon_label=GON+ | quality_group=medium,172,72,0.4186046511627907,-0.0726590096212779,-0.05675187983433706,0.4913210468450211,-0.1472133820190422,-0.001546346180401211,not_supported,EfficientNetB0,sigma12_dil14,gaussian_noise,12.0,14,GON+,medium
perturbation_sensitivity,od_oc_proxy_minus_matched_random_od_oc,od_oc_proxy_minus_matched_random_od_oc,image,label_quality,gon_label=GON- | quality_group=high,66,14,0.21212121212121213,-0.1485092139175367,-0.06550379328473355,0.3155860422003435,-0.22538435037269924,-0.07509152974809893,not_supported,EfficientNetB0,sigma12_dil14,gaussian_noise,12.0,14,GON-,high
perturbation_sensitivity,od_oc_proxy_minus_matched_random_od_oc,od_oc_proxy_minus_matched_random_od_oc,image,label_quality,gon_label=GON- | quality_group=low,53,12,0.22641509433962265,-0.21134920593210732,-0.08226130437105901,0.44260700620925425,-0.3296279648809972,-0.08686665538198621,not_supported,EfficientNetB0,sigma12_dil14,gaussian_noise,12.0,14,GON-,low
perturbation_sensitivity,od_oc_proxy_minus_matched_random_od_oc,od_oc_proxy_minus_matched_random_od_oc,image,label_quality,gon_label=GON- | quality_group=medium,79,26,0.3291139240506329,-0.1352243256494294,-0.04843913018703459,0.4227146743055891,-0.22748495638265376,-0.043451323817014706,not_supported,EfficientNetB0,sigma12_dil14,gaussian_noise,12.0,14,GON-,medium
perturbation_sensitivity,od_oc_proxy_minus_matched_random_od_oc,od_oc_proxy_minus_matched_random_od_oc,image,label_quality,gon_label=GON+ | quality_group=high,181,133,0.7348066298342542,0.24614952835342466,0.1670485809445381,0.40837546672667097,0.18863726261850167,0.3054216239706663,supported,EfficientNetB0,sigma12_dil14,mean_fill,12.0,14,GON+,high
perturbation_sensitivity,od_oc_proxy_minus_matched_random_od_oc,od_oc_proxy_minus_matched_random_od_oc,image,label_quality,gon_label=GON+ | quality_group=low,194,103,0.5309278350515464,0.07490326795380628,0.009750357094162596,0.4108697286361331,0.012540191711110484,0.133274630782491,supported,EfficientNetB0,sigma12_dil14,mean_fill,12.0,14,GON+,low
perturbation_sensitivity,od_oc_proxy_minus_matched_random_od_oc,od_oc_proxy_minus_matched_random_od_oc,image,label_quality,gon_label=GON+ | quality_group=medium,172,105,0.6104651162790697,0.15726254589333355,0.11665141582489011,0.4130560108879969,0.09408510315089674,0.2204224424103803,supported,EfficientNetB0,sigma12_dil14,mean_fill,12.0,14,GON+,medium
perturbation_sensitivity,od_oc_proxy_minus_matched_random_od_oc,od_oc_proxy_minus_matched_random_od_oc,image,label_quality,gon_label=GON- | quality_group=high,66,33,0.5,0.030039522423769758,0.0018223821716674116,0.32396913078450956,-0.04479529649138489,0.10883397402138448,directional_only,EfficientNetB0,sigma12_dil14,mean_fill,12.0,14,GON-,high
perturbation_sensitivity,od_oc_proxy_minus_matched_random_od_oc,od_oc_proxy_minus_matched_random_od_oc,image,label_quality,gon_label=GON- | quality_group=low,53,28,0.5283018867924528,0.032026584599699474,0.0192907024174929,0.3478798648417632,-0.05930775301218789,0.1263723789565056,directional_only,EfficientNetB0,sigma12_dil14,mean_fill,12.0,14,GON-,low
perturbation_sensitivity,od_oc_proxy_minus_matched_random_od_oc,od_oc_proxy_minus_matched_random_od_oc,image,label_quality,gon_label=GON- | quality_group=medium,79,37,0.46835443037974683,0.023539133147704453,-0.002098772114550175,0.3282405494893168,-0.04886346064200381,0.0937332518801429,directional_only,EfficientNetB0,sigma12_dil14,mean_fill,12.0,14,GON-,medium
perturbation_sensitivity,od_oc_proxy_minus_matched_random_od_oc,od_oc_proxy_minus_matched_random_od_oc,image,label_quality,gon_label=GON+ | quality_group=high,181,85,0.4696132596685083,-0.0252188843117948,-0.0039433150086552,0.4599323185574123,-0.09067753239440558,0.043322750036333284,not_supported,EfficientNetB0,sigma12_dil7,blur,12.0,7,GON+,high
perturbation_sensitivity,od_oc_proxy_minus_matched_random_od_oc,od_oc_proxy_minus_matched_random_od_oc,image,label_quality,gon_label=GON+ | quality_group=low,194,91,0.4690721649484536,-0.010410675360285226,-0.0005431996837614727,0.42650286194007825,-0.06852167404871327,0.0501329633347117,not_supported,EfficientNetB0,sigma12_dil7,blur,12.0,7,GON+,low
perturbation_sensitivity,od_oc_proxy_minus_matched_random_od_oc,od_oc_proxy_minus_matched_random_od_oc,image,label_quality,gon_label=GON+ | quality_group=medium,172,74,0.43023255813953487,-0.06969028577358191,-0.012048317140216347,0.42113929660598903,-0.1331324250851312,-0.008122422919815742,not_supported,EfficientNetB0,sigma12_dil7,blur,12.0,7,GON+,medium
perturbation_sensitivity,od_oc_proxy_minus_matched_random_od_oc,od_oc_proxy_minus_matched_random_od_oc,image,label_quality,gon_label=GON- | quality_group=high,66,20,0.30303030303030304,-0.14247569125927745,-0.06814852682873596,0.3079925359922696,-0.21664994700215548,-0.06936990353775373,not_supported,EfficientNetB0,sigma12_dil7,blur,12.0,7,GON-,high
perturbation_sensitivity,od_oc_proxy_minus_matched_random_od_oc,od_oc_proxy_minus_matched_random_od_oc,image,label_quality,gon_label=GON- | quality_group=low,53,13,0.24528301886792453,-0.17827310368221239,-0.0769904777407646,0.3146842241784653,-0.2674138251391153,-0.09372825987578581,not_supported,EfficientNetB0,sigma12_dil7,blur,12.0,7,GON-,low
perturbation_sensitivity,od_oc_proxy_minus_matched_random_od_oc,od_oc_proxy_minus_matched_random_od_oc,image,label_quality,gon_label=GON- | quality_group=medium,79,18,0.22784810126582278,-0.25863220401850706,-0.18458112724023532,0.3645413261530209,-0.34173071408417127,-0.18119701476098143,not_supported,EfficientNetB0,sigma12_dil7,blur,12.0,7,GON-,medium
perturbation_sensitivity,od_oc_proxy_minus_matched_random_od_oc,od_oc_proxy_minus_matched_random_od_oc,image,label_quality,gon_label=GON+ | quality_group=high,181,74,0.4088397790055249,-0.046685827365056415,-0.0350577858043834,0.46212596574485265,-0.11611983310977708,0.01700309943166656,not_supported,EfficientNetB0,sigma12_dil7,gaussian_noise,12.0,7,GON+,high
perturbation_sensitivity,od_oc_proxy_minus_matched_random_od_oc,od_oc_proxy_minus_matched_random_od_oc,image,label_quality,gon_label=GON+ | quality_group=low,194,78,0.4020618556701031,-0.05249313325186993,-0.042480921340953104,0.4601758138240115,-0.11872546333148405,0.013777764659512368,not_supported,EfficientNetB0,sigma12_dil7,gaussian_noise,12.0,7,GON+,low
perturbation_sensitivity,od_oc_proxy_minus_matched_random_od_oc,od_oc_proxy_minus_matched_random_od_oc,image,label_quality,gon_label=GON+ | quality_group=medium,172,68,0.3953488372093023,-0.06814820965981515,-0.059339174999624586,0.45558364585497657,-0.13868366788675324,-0.0005506126973841614,not_supported,EfficientNetB0,sigma12_dil7,gaussian_noise,12.0,7,GON+,medium
perturbation_sensitivity,od_oc_proxy_minus_matched_random_od_oc,od_oc_proxy_minus_matched_random_od_oc,image,label_quality,gon_label=GON- | quality_group=high,66,17,0.25757575757575757,-0.09774956676258653,-0.06374897042405786,0.32850360468781575,-0.1778129227787369,-0.016083385837219785,not_supported,EfficientNetB0,sigma12_dil7,gaussian_noise,12.0,7,GON-,high
perturbation_sensitivity,od_oc_proxy_minus_matched_random_od_oc,od_oc_proxy_minus_matched_random_od_oc,image,label_quality,gon_label=GON- | quality_group=low,53,14,0.2641509433962264,-0.13539583103238448,-0.08070725202560419,0.3975922206779717,-0.2441367388020072,-0.029787014417498852,not_supported,EfficientNetB0,sigma12_dil7,gaussian_noise,12.0,7,GON-,low
perturbation_sensitivity,od_oc_proxy_minus_matched_random_od_oc,od_oc_proxy_minus_matched_random_od_oc,image,label_quality,gon_label=GON- | quality_group=medium,79,22,0.27848101265822783,-0.14854852869261187,-0.0443717493544681,0.40319515917012033,-0.23594808942110315,-0.0610607408186301,not_supported,EfficientNetB0,sigma12_dil7,gaussian_noise,12.0,7,GON-,medium
perturbation_sensitivity,od_oc_proxy_minus_matched_random_od_oc,od_oc_proxy_minus_matched_random_od_oc,image,label_quality,gon_label=GON+ | quality_group=high,181,140,0.7734806629834254,0.27767721451721494,0.18462304770946497,0.40377396244728025,0.22379678870845188,0.3378394303226361,supported,EfficientNetB0,sigma12_dil7,mean_fill,12.0,7,GON+,high
perturbation_sensitivity,od_oc_proxy_minus_matched_random_od_oc,od_oc_proxy_minus_matched_random_od_oc,image,label_quality,gon_label=GON+ | quality_group=low,194,120,0.6185567010309279,0.13473980909423663,0.06262970107491134,0.4102661881034568,0.07845247732595224,0.19218513972392684,supported,EfficientNetB0,sigma12_dil7,mean_fill,12.0,7,GON+,low
perturbation_sensitivity,od_oc_proxy_minus_matched_random_od_oc,od_oc_proxy_minus_matched_random_od_oc,image,label_quality,gon_label=GON+ | quality_group=medium,172,108,0.627906976744186,0.18068774176208408,0.038866724833496846,0.39544088571911395,0.1205729887396154,0.23748996495438432,supported,EfficientNetB0,sigma12_dil7,mean_fill,12.0,7,GON+,medium
perturbation_sensitivity,od_oc_proxy_minus_matched_random_od_oc,od_oc_proxy_minus_matched_random_od_oc,image,label_quality,gon_label=GON- | quality_group=high,66,38,0.5757575757575758,0.07429056140976077,0.009094523979001646,0.3531302238886105,-0.009343045526246733,0.15809425608642955,directional_only,EfficientNetB0,sigma12_dil7,mean_fill,12.0,7,GON-,high
perturbation_sensitivity,od_oc_proxy_minus_matched_random_od_oc,od_oc_proxy_minus_matched_random_od_oc,image,label_quality,gon_label=GON- | quality_group=low,53,28,0.5283018867924528,0.02876084909757134,0.0005339818599168998,0.3143860079603444,-0.05447522129569913,0.10991339055881408,directional_only,EfficientNetB0,sigma12_dil7,mean_fill,12.0,7,GON-,low
perturbation_sensitivity,od_oc_proxy_minus_matched_random_od_oc,od_oc_proxy_minus_matched_random_od_oc,image,label_quality,gon_label=GON- | quality_group=medium,79,36,0.45569620253164556,0.03712827628754511,-0.0014145419409033,0.3488193320462099,-0.035725603772900384,0.11167142612947585,directional_only,EfficientNetB0,sigma12_dil7,mean_fill,12.0,7,GON-,medium
perturbation_sensitivity,od_oc_proxy_minus_matched_random_od_oc,od_oc_proxy_minus_matched_random_od_oc,image,label_quality,gon_label=GON+ | quality_group=high,181,98,0.5414364640883977,0.05881696987032077,0.0013790820767098,0.33935968106579567,0.009777851199793712,0.1086675547457763,supported,EfficientNetB0,sigma4_dil0,blur,4.0,0,GON+,high
perturbation_sensitivity,od_oc_proxy_minus_matched_random_od_oc,od_oc_proxy_minus_matched_random_od_oc,image,label_quality,gon_label=GON+ | quality_group=low,194,96,0.4948453608247423,0.05420062897243199,-2.0881781975304325e-06,0.3460152884163493,0.008746559293702801,0.10145441206148068,supported,EfficientNetB0,sigma4_dil0,blur,4.0,0,GON+,low
perturbation_sensitivity,od_oc_proxy_minus_matched_random_od_oc,od_oc_proxy_minus_matched_random_od_oc,image,label_quality,gon_label=GON+ | quality_group=medium,172,84,0.4883720930232558,0.010674360200658166,-9.110746115193608e-07,0.30983750223741824,-0.03675750486917336,0.0577274826119965,directional_only,EfficientNetB0,sigma4_dil0,blur,4.0,0,GON+,medium
perturbation_sensitivity,od_oc_proxy_minus_matched_random_od_oc,od_oc_proxy_minus_matched_random_od_oc,image,label_quality,gon_label=GON- | quality_group=high,66,28,0.42424242424242425,0.001211055401217653,-0.0003366966161627988,0.2733138509198574,-0.06227436765685112,0.06585380160477226,directional_only,EfficientNetB0,sigma4_dil0,blur,4.0,0,GON-,high
perturbation_sensitivity,od_oc_proxy_minus_matched_random_od_oc,od_oc_proxy_minus_matched_random_od_oc,image,label_quality,gon_label=GON- | quality_group=low,53,15,0.2830188679245283,-0.08285623732985516,-0.0256509780883788,0.18316267718941817,-0.13422557661847112,-0.03730388118269356,not_supported,EfficientNetB0,sigma4_dil0,blur,4.0,0,GON-,low
perturbation_sensitivity,od_oc_proxy_minus_matched_random_od_oc,od_oc_proxy_minus_matched_random_od_oc,image,label_quality,gon_label=GON- | quality_group=medium,79,26,0.3291139240506329,-0.11193310588247866,-0.011911632113424267,0.2377248768373133,-0.16360892032533403,-0.05941800627786382,not_supported,EfficientNetB0,sigma4_dil0,blur,4.0,0,GON-,medium
perturbation_sensitivity,od_oc_proxy_minus_matched_random_od_oc,od_oc_proxy_minus_matched_random_od_oc,image,label_quality,gon_label=GON+ | quality_group=high,181,74,0.4088397790055249,-0.03946225985722655,-0.038048602616711925,0.43252978900220396,-0.10089875693298644,0.02330302424999195,not_supported,EfficientNetB0,sigma4_dil0,gaussian_noise,4.0,0,GON+,high
perturbation_sensitivity,od_oc_proxy_minus_matched_random_od_oc,od_oc_proxy_minus_matched_random_od_oc,image,label_quality,gon_label=GON+ | quality_group=low,194,82,0.422680412371134,-0.012232285461377158,-0.007747963595288742,0.4181264355241115,-0.06760565452496525,0.04813431921888233,not_supported,EfficientNetB0,sigma4_dil0,gaussian_noise,4.0,0,GON+,low
perturbation_sensitivity,od_oc_proxy_minus_matched_random_od_oc,od_oc_proxy_minus_matched_random_od_oc,image,label_quality,gon_label=GON+ | quality_group=medium,172,74,0.43023255813953487,-0.044432196114176974,-0.01301560597494245,0.38774397431608876,-0.10111124897695821,0.017593592506978544,not_supported,EfficientNetB0,sigma4_dil0,gaussian_noise,4.0,0,GON+,medium
perturbation_sensitivity,od_oc_proxy_minus_matched_random_od_oc,od_oc_proxy_minus_matched_random_od_oc,image,label_quality,gon_label=GON- | quality_group=high,66,15,0.22727272727272727,-0.12700915162960247,-0.04532446060329676,0.2672477740795841,-0.19173319651628884,-0.06310834482088178,not_supported,EfficientNetB0,sigma4_dil0,gaussian_noise,4.0,0,GON-,high
perturbation_sensitivity,od_oc_proxy_minus_matched_random_od_oc,od_oc_proxy_minus_matched_random_od_oc,image,label_quality,gon_label=GON- | quality_group=low,53,12,0.22641509433962265,-0.12823065649476897,-0.112788200378418,0.34272285921607654,-0.21504689879820338,-0.03464355612060132,not_supported,EfficientNetB0,sigma4_dil0,gaussian_noise,4.0,0,GON-,low
perturbation_sensitivity,od_oc_proxy_minus_matched_random_od_oc,od_oc_proxy_minus_matched_random_od_oc,image,label_quality,gon_label=GON- | quality_group=medium,79,19,0.24050632911392406,-0.2048155547187047,-0.0908459722995757,0.32114230177863906,-0.27728303039961244,-0.13582599307581303,not_supported,EfficientNetB0,sigma4_dil0,gaussian_noise,4.0,0,GON-,medium
perturbation_sensitivity,od_oc_proxy_minus_matched_random_od_oc,od_oc_proxy_minus_matched_random_od_oc,image,label_quality,gon_label=GON+ | quality_group=high,181,133,0.7348066298342542,0.2395751075446712,0.17874571750871837,0.399400544109219,0.18049154172730594,0.2995624935630637,supported,EfficientNetB0,sigma4_dil0,mean_fill,4.0,0,GON+,high
perturbation_sensitivity,od_oc_proxy_minus_matched_random_od_oc,od_oc_proxy_minus_matched_random_od_oc,image,label_quality,gon_label=GON+ | quality_group=low,194,116,0.5979381443298969,0.12411164080037587,0.017729669809341445,0.3881966111326994,0.06983102420702711,0.17666929471529677,supported,EfficientNetB0,sigma4_dil0,mean_fill,4.0,0,GON+,low
perturbation_sensitivity,od_oc_proxy_minus_matched_random_od_oc,od_oc_proxy_minus_matched_random_od_oc,image,label_quality,gon_label=GON+ | quality_group=medium,172,110,0.6395348837209303,0.1568991753972898,0.04422459006309509,0.36888612768100465,0.10391724358980182,0.21286827626019622,supported,EfficientNetB0,sigma4_dil0,mean_fill,4.0,0,GON+,medium
perturbation_sensitivity,od_oc_proxy_minus_matched_random_od_oc,od_oc_proxy_minus_matched_random_od_oc,image,label_quality,gon_label=GON- | quality_group=high,66,31,0.4696969696969697,0.04868440121188608,-0.00012859543093634478,0.26253901851447387,-0.013356931572234314,0.11449451143275143,directional_only,EfficientNetB0,sigma4_dil0,mean_fill,4.0,0,GON-,high
perturbation_sensitivity,od_oc_proxy_minus_matched_random_od_oc,od_oc_proxy_minus_matched_random_od_oc,image,label_quality,gon_label=GON- | quality_group=low,53,22,0.41509433962264153,0.015324663395209872,-0.011188674456207004,0.341276203854598,-0.07766189072506603,0.10610987990214642,directional_only,EfficientNetB0,sigma4_dil0,mean_fill,4.0,0,GON-,low
perturbation_sensitivity,od_oc_proxy_minus_matched_random_od_oc,od_oc_proxy_minus_matched_random_od_oc,image,label_quality,gon_label=GON- | quality_group=medium,79,36,0.45569620253164556,0.007508914789803743,-0.000503329789353233,0.3076096291480561,-0.060842285511192695,0.07621559833153449,directional_only,EfficientNetB0,sigma4_dil0,mean_fill,4.0,0,GON-,medium
perturbation_sensitivity,od_oc_proxy_minus_matched_random_od_oc,od_oc_proxy_minus_matched_random_od_oc,image,label_quality,gon_label=GON+ | quality_group=high,181,86,0.47513812154696133,0.08644913084894629,-0.0003800494500864526,0.4158904897474596,0.02639765908157894,0.14970952418590772,supported,EfficientNetB0,sigma4_dil14,blur,4.0,14,GON+,high
perturbation_sensitivity,od_oc_proxy_minus_matched_random_od_oc,od_oc_proxy_minus_matched_random_od_oc,image,label_quality,gon_label=GON+ | quality_group=low,194,85,0.4381443298969072,0.02648235774753793,-0.004157496146929073,0.3807399582239079,-0.027400059563898092,0.08205253943772309,directional_only,EfficientNetB0,sigma4_dil14,blur,4.0,14,GON+,low
perturbation_sensitivity,od_oc_proxy_minus_matched_random_od_oc,od_oc_proxy_minus_matched_random_od_oc,image,label_quality,gon_label=GON+ | quality_group=medium,172,74,0.43023255813953487,0.015789374005752643,-0.013312201946973851,0.41960600479968624,-0.043745227858503766,0.07957227142511969,directional_only,EfficientNetB0,sigma4_dil14,blur,4.0,14,GON+,medium
perturbation_sensitivity,od_oc_proxy_minus_matched_random_od_oc,od_oc_proxy_minus_matched_random_od_oc,image,label_quality,gon_label=GON- | quality_group=high,66,19,0.2878787878787879,-0.07220372845397226,-0.0209233141504228,0.318080382410116,-0.14850766955913755,0.0059455889113774725,not_supported,EfficientNetB0,sigma4_dil14,blur,4.0,14,GON-,high
perturbation_sensitivity,od_oc_proxy_minus_matched_random_od_oc,od_oc_proxy_minus_matched_random_od_oc,image,label_quality,gon_label=GON- | quality_group=low,53,9,0.16981132075471697,-0.16324657454580768,-0.0597462411969899,0.2619851686230974,-0.23786940457123684,-0.09985100247548176,not_supported,EfficientNetB0,sigma4_dil14,blur,4.0,14,GON-,low
perturbation_sensitivity,od_oc_proxy_minus_matched_random_od_oc,od_oc_proxy_minus_matched_random_od_oc,image,label_quality,gon_label=GON- | quality_group=medium,79,20,0.25316455696202533,-0.13517465448915267,-0.0526630878448487,0.32350849102554674,-0.20705905599154692,-0.06648785454240531,not_supported,EfficientNetB0,sigma4_dil14,blur,4.0,14,GON-,medium
perturbation_sensitivity,od_oc_proxy_minus_matched_random_od_oc,od_oc_proxy_minus_matched_random_od_oc,image,label_quality,gon_label=GON+ | quality_group=high,181,74,0.4088397790055249,-0.06868153349594504,-0.05517406522267265,0.4871336333629067,-0.14140732297444225,0.002046096361736823,not_supported,EfficientNetB0,sigma4_dil14,gaussian_noise,4.0,14,GON+,high
perturbation_sensitivity,od_oc_proxy_minus_matched_random_od_oc,od_oc_proxy_minus_matched_random_od_oc,image,label_quality,gon_label=GON+ | quality_group=low,194,83,0.42783505154639173,-0.02469320542580523,-0.03512324765324591,0.41100472376813074,-0.0841770224802138,0.028568606464805746,not_supported,EfficientNetB0,sigma4_dil14,gaussian_noise,4.0,14,GON+,low
perturbation_sensitivity,od_oc_proxy_minus_matched_random_od_oc,od_oc_proxy_minus_matched_random_od_oc,image,label_quality,gon_label=GON+ | quality_group=medium,172,66,0.38372093023255816,-0.08631743746171185,-0.06567859463393691,0.46611414863122935,-0.1567604182536887,-0.015034984629536344,not_supported,EfficientNetB0,sigma4_dil14,gaussian_noise,4.0,14,GON+,medium
perturbation_sensitivity,od_oc_proxy_minus_matched_random_od_oc,od_oc_proxy_minus_matched_random_od_oc,image,label_quality,gon_label=GON- | quality_group=high,66,21,0.3181818181818182,-0.073582859314027,-0.021472411734407566,0.372733640424625,-0.16325192435875,0.013543108963896157,not_supported,EfficientNetB0,sigma4_dil14,gaussian_noise,4.0,14,GON-,high
perturbation_sensitivity,od_oc_proxy_minus_matched_random_od_oc,od_oc_proxy_minus_matched_random_od_oc,image,label_quality,gon_label=GON- | quality_group=low,53,12,0.22641509433962265,-0.20354938784612084,-0.1048671826720237,0.4298062415170681,-0.3113145685164623,-0.08888169893993282,not_supported,EfficientNetB0,sigma4_dil14,gaussian_noise,4.0,14,GON-,low
perturbation_sensitivity,od_oc_proxy_minus_matched_random_od_oc,od_oc_proxy_minus_matched_random_od_oc,image,label_quality,gon_label=GON- | quality_group=medium,79,22,0.27848101265822783,-0.13685801306037346,-0.0889219045639038,0.4344925504615741,-0.2321549729615717,-0.039684878332685435,not_supported,EfficientNetB0,sigma4_dil14,gaussian_noise,4.0,14,GON-,medium
perturbation_sensitivity,od_oc_proxy_minus_matched_random_od_oc,od_oc_proxy_minus_matched_random_od_oc,image,label_quality,gon_label=GON+ | quality_group=high,181,132,0.7292817679558011,0.24264605458292443,0.14765822887420654,0.39305348489364783,0.18515345245060819,0.3026536137850933,supported,EfficientNetB0,sigma4_dil14,mean_fill,4.0,14,GON+,high
perturbation_sensitivity,od_oc_proxy_minus_matched_random_od_oc,od_oc_proxy_minus_matched_random_od_oc,image,label_quality,gon_label=GON+ | quality_group=low,194,106,0.5463917525773195,0.09725692762986375,0.02896659122779965,0.41460840963511914,0.03751858475567542,0.15458659422615845,supported,EfficientNetB0,sigma4_dil14,mean_fill,4.0,14,GON+,low
perturbation_sensitivity,od_oc_proxy_minus_matched_random_od_oc,od_oc_proxy_minus_matched_random_od_oc,image,label_quality,gon_label=GON+ | quality_group=medium,172,107,0.622093023255814,0.11427071141944264,0.05344744026660919,0.4089909524981463,0.051026417031330026,0.175022582294429,supported,EfficientNetB0,sigma4_dil14,mean_fill,4.0,14,GON+,medium
perturbation_sensitivity,od_oc_proxy_minus_matched_random_od_oc,od_oc_proxy_minus_matched_random_od_oc,image,label_quality,gon_label=GON- | quality_group=high,66,39,0.5909090909090909,0.07752139471808457,0.021185158351727303,0.3611833898468801,-0.0128185551570463,0.16262116745545882,directional_only,EfficientNetB0,sigma4_dil14,mean_fill,4.0,14,GON-,high
perturbation_sensitivity,od_oc_proxy_minus_matched_random_od_oc,od_oc_proxy_minus_matched_random_od_oc,image,label_quality,gon_label=GON- | quality_group=low,53,31,0.5849056603773585,0.05046984557493316,0.0158393983729183,0.34542002216217127,-0.03798544126094332,0.14102649906307685,directional_only,EfficientNetB0,sigma4_dil14,mean_fill,4.0,14,GON-,low
perturbation_sensitivity,od_oc_proxy_minus_matched_random_od_oc,od_oc_proxy_minus_matched_random_od_oc,image,label_quality,gon_label=GON- | quality_group=medium,79,39,0.4936708860759494,0.020576311125794194,-7.697050023123872e-05,0.3614347247182508,-0.05869221682929248,0.0997278684301965,directional_only,EfficientNetB0,sigma4_dil14,mean_fill,4.0,14,GON-,medium
perturbation_sensitivity,od_oc_proxy_minus_matched_random_od_oc,od_oc_proxy_minus_matched_random_od_oc,image,label_quality,gon_label=GON+ | quality_group=high,181,101,0.5580110497237569,0.12942418212382234,0.004317382699809996,0.37715603919821333,0.07667118319736874,0.18530741575275977,supported,EfficientNetB0,sigma4_dil7,blur,4.0,7,GON+,high
perturbation_sensitivity,od_oc_proxy_minus_matched_random_od_oc,od_oc_proxy_minus_matched_random_od_oc,image,label_quality,gon_label=GON+ | quality_group=low,194,97,0.5,0.03829720666355878,1.0583828697744747e-06,0.3711032226335164,-0.013309880714948371,0.09164157651656504,directional_only,EfficientNetB0,sigma4_dil7,blur,4.0,7,GON+,low
perturbation_sensitivity,od_oc_proxy_minus_matched_random_od_oc,od_oc_proxy_minus_matched_random_od_oc,image,label_quality,gon_label=GON+ | quality_group=medium,172,83,0.48255813953488375,0.08589018678240029,-1.505248155809094e-05,0.389609501263332,0.025827117650684295,0.14427895457228632,supported,EfficientNetB0,sigma4_dil7,blur,4.0,7,GON+,medium
perturbation_sensitivity,od_oc_proxy_minus_matched_random_od_oc,od_oc_proxy_minus_matched_random_od_oc,image,label_quality,gon_label=GON- | quality_group=high,66,22,0.3333333333333333,-0.0034061684042872168,-0.0055629259150008995,0.2810228427579036,-0.07221429458454248,0.06649984554035412,not_supported,EfficientNetB0,sigma4_dil7,blur,4.0,7,GON-,high
perturbation_sensitivity,od_oc_proxy_minus_matched_random_od_oc,od_oc_proxy_minus_matched_random_od_oc,image,label_quality,gon_label=GON- | quality_group=low,53,14,0.2641509433962264,-0.1094273581034004,-0.040666822857019634,0.25243040623735463,-0.17935226141479974,-0.04237943968785547,not_supported,EfficientNetB0,sigma4_dil7,blur,4.0,7,GON-,low
perturbation_sensitivity,od_oc_proxy_minus_matched_random_od_oc,od_oc_proxy_minus_matched_random_od_oc,image,label_quality,gon_label=GON- | quality_group=medium,79,23,0.2911392405063291,-0.10682879758778317,-0.0281322610098869,0.3056829401478852,-0.17437368708801107,-0.041887085541612794,not_supported,EfficientNetB0,sigma4_dil7,blur,4.0,7,GON-,medium
perturbation_sensitivity,od_oc_proxy_minus_matched_random_od_oc,od_oc_proxy_minus_matched_random_od_oc,image,label_quality,gon_label=GON+ | quality_group=high,181,79,0.43646408839779005,-0.023415657321208493,-0.014916918343688733,0.44349120062334624,-0.08591894875402935,0.03769704679807667,not_supported,EfficientNetB0,sigma4_dil7,gaussian_noise,4.0,7,GON+,high
perturbation_sensitivity,od_oc_proxy_minus_matched_random_od_oc,od_oc_proxy_minus_matched_random_od_oc,image,label_quality,gon_label=GON+ | quality_group=low,194,85,0.4381443298969072,-0.02106008207995654,-0.01917759748175735,0.43780411198362346,-0.07647196834192183,0.04435462860864977,not_supported,EfficientNetB0,sigma4_dil7,gaussian_noise,4.0,7,GON+,low
perturbation_sensitivity,od_oc_proxy_minus_matched_random_od_oc,od_oc_proxy_minus_matched_random_od_oc,image,label_quality,gon_label=GON+ | quality_group=medium,172,73,0.42441860465116277,-0.04770541574204833,-0.03530888259410861,0.47407969041838055,-0.11943894377440122,0.02268380781864959,not_supported,EfficientNetB0,sigma4_dil7,gaussian_noise,4.0,7,GON+,medium
perturbation_sensitivity,od_oc_proxy_minus_matched_random_od_oc,od_oc_proxy_minus_matched_random_od_oc,image,label_quality,gon_label=GON- | quality_group=high,66,12,0.18181818181818182,-0.13989494338849492,-0.056625478562153775,0.3272228572858303,-0.22148073737456533,-0.06273958621629208,not_supported,EfficientNetB0,sigma4_dil7,gaussian_noise,4.0,7,GON-,high
perturbation_sensitivity,od_oc_proxy_minus_matched_random_od_oc,od_oc_proxy_minus_matched_random_od_oc,image,label_quality,gon_label=GON- | quality_group=low,53,17,0.32075471698113206,-0.1266685507127444,-0.0526237487792969,0.4199042803317796,-0.23681976279861364,-0.01480028754016578,not_supported,EfficientNetB0,sigma4_dil7,gaussian_noise,4.0,7,GON-,low
perturbation_sensitivity,od_oc_proxy_minus_matched_random_od_oc,od_oc_proxy_minus_matched_random_od_oc,image,label_quality,gon_label=GON- | quality_group=medium,79,18,0.22784810126582278,-0.1582042379647056,-0.08152908086776729,0.42705948959926554,-0.25377683781584365,-0.06430803514903229,not_supported,EfficientNetB0,sigma4_dil7,gaussian_noise,4.0,7,GON-,medium
perturbation_sensitivity,od_oc_proxy_minus_matched_random_od_oc,od_oc_proxy_minus_matched_random_od_oc,image,label_quality,gon_label=GON+ | quality_group=high,181,145,0.8011049723756906,0.31582629651301997,0.24666750431060788,0.4075293764744346,0.25844694763201576,0.3734244154079458,supported,EfficientNetB0,sigma4_dil7,mean_fill,4.0,7,GON+,high
perturbation_sensitivity,od_oc_proxy_minus_matched_random_od_oc,od_oc_proxy_minus_matched_random_od_oc,image,label_quality,gon_label=GON+ | quality_group=low,194,121,0.6237113402061856,0.13850854292532547,0.043977325981565174,0.40935951427663453,0.07965768821106078,0.1952964798444645,supported,EfficientNetB0,sigma4_dil7,mean_fill,4.0,7,GON+,low
perturbation_sensitivity,od_oc_proxy_minus_matched_random_od_oc,od_oc_proxy_minus_matched_random_od_oc,image,label_quality,gon_label=GON+ | quality_group=medium,172,111,0.6453488372093024,0.18772772849426625,0.11989879654720426,0.41212028875544593,0.12570321411544533,0.24979676905444884,supported,EfficientNetB0,sigma4_dil7,mean_fill,4.0,7,GON+,medium
perturbation_sensitivity,od_oc_proxy_minus_matched_random_od_oc,od_oc_proxy_minus_matched_random_od_oc,image,label_quality,gon_label=GON- | quality_group=high,66,35,0.5303030303030303,0.0436684194998897,0.0008731397721711003,0.3265323683008768,-0.03500408066261741,0.12059371528187028,directional_only,EfficientNetB0,sigma4_dil7,mean_fill,4.0,7,GON-,high
perturbation_sensitivity,od_oc_proxy_minus_matched_random_od_oc,od_oc_proxy_minus_matched_random_od_oc,image,label_quality,gon_label=GON- | quality_group=low,53,24,0.4528301886792453,0.02298771153097201,-0.004465183723368585,0.2943212626753681,-0.05431802769362976,0.10819078568443591,directional_only,EfficientNetB0,sigma4_dil7,mean_fill,4.0,7,GON-,low
perturbation_sensitivity,od_oc_proxy_minus_matched_random_od_oc,od_oc_proxy_minus_matched_random_od_oc,image,label_quality,gon_label=GON- | quality_group=medium,79,38,0.4810126582278481,0.020854999744480282,-0.0001828150263917703,0.3704910420240154,-0.06177706775713557,0.1011418141493859,directional_only,EfficientNetB0,sigma4_dil7,mean_fill,4.0,7,GON-,medium
perturbation_sensitivity,od_oc_proxy_minus_matched_random_od_oc,od_oc_proxy_minus_matched_random_od_oc,image,label_quality,gon_label=GON+ | quality_group=high,181,85,0.4696132596685083,0.002250176196255395,-0.00037187337875369995,0.3869482929093471,-0.05199586691901324,0.05808120096359919,directional_only,EfficientNetB0,sigma8_dil0,blur,8.0,0,GON+,high
perturbation_sensitivity,od_oc_proxy_minus_matched_random_od_oc,od_oc_proxy_minus_matched_random_od_oc,image,label_quality,gon_label=GON+ | quality_group=low,194,92,0.4742268041237113,0.03954762395053381,-1.1447232267869367e-05,0.384947032108501,-0.015035103075641224,0.09478546350789498,directional_only,EfficientNetB0,sigma8_dil0,blur,8.0,0,GON+,low
perturbation_sensitivity,od_oc_proxy_minus_matched_random_od_oc,od_oc_proxy_minus_matched_random_od_oc,image,label_quality,gon_label=GON+ | quality_group=medium,172,82,0.47674418604651164,-0.03754610758292064,-0.00010917409235623839,0.36387800382192775,-0.09036851390889643,0.020476980046577668,not_supported,EfficientNetB0,sigma8_dil0,blur,8.0,0,GON+,medium
perturbation_sensitivity,od_oc_proxy_minus_matched_random_od_oc,od_oc_proxy_minus_matched_random_od_oc,image,label_quality,gon_label=GON- | quality_group=high,66,23,0.3484848484848485,-0.06609679008780091,-0.00563372601754955,0.2860509463842644,-0.13497259832366978,0.004607883726684832,not_supported,EfficientNetB0,sigma8_dil0,blur,8.0,0,GON-,high
perturbation_sensitivity,od_oc_proxy_minus_matched_random_od_oc,od_oc_proxy_minus_matched_random_od_oc,image,label_quality,gon_label=GON- | quality_group=low,53,12,0.22641509433962265,-0.12463037492940043,-0.0388738587498665,0.20773605485340704,-0.18329308033051922,-0.07035841855791469,not_supported,EfficientNetB0,sigma8_dil0,blur,8.0,0,GON-,low
perturbation_sensitivity,od_oc_proxy_minus_matched_random_od_oc,od_oc_proxy_minus_matched_random_od_oc,image,label_quality,gon_label=GON- | quality_group=medium,79,23,0.2911392405063291,-0.16576946313735655,-0.047663565197312956,0.30380887877689916,-0.23003827488133807,-0.10236034783080918,not_supported,EfficientNetB0,sigma8_dil0,blur,8.0,0,GON-,medium
perturbation_sensitivity,od_oc_proxy_minus_matched_random_od_oc,od_oc_proxy_minus_matched_random_od_oc,image,label_quality,gon_label=GON+ | quality_group=high,181,74,0.4088397790055249,-0.015820950411349982,-0.0326612829812801,0.4206129430834762,-0.07940782227454386,0.04393321719941379,not_supported,EfficientNetB0,sigma8_dil0,gaussian_noise,8.0,0,GON+,high
perturbation_sensitivity,od_oc_proxy_minus_matched_random_od_oc,od_oc_proxy_minus_matched_random_od_oc,image,label_quality,gon_label=GON+ | quality_group=low,194,72,0.3711340206185567,-0.01160315443016526,-0.0156591082923114,0.4050856776874024,-0.06560935238134208,0.0455638176541753,not_supported,EfficientNetB0,sigma8_dil0,gaussian_noise,8.0,0,GON+,low
perturbation_sensitivity,od_oc_proxy_minus_matched_random_od_oc,od_oc_proxy_minus_matched_random_od_oc,image,label_quality,gon_label=GON+ | quality_group=medium,172,74,0.43023255813953487,-0.05460580107612794,-0.01049008942209185,0.4217245352178245,-0.11600023413306802,0.008703073527599699,not_supported,EfficientNetB0,sigma8_dil0,gaussian_noise,8.0,0,GON+,medium
perturbation_sensitivity,od_oc_proxy_minus_matched_random_od_oc,od_oc_proxy_minus_matched_random_od_oc,image,label_quality,gon_label=GON- | quality_group=high,66,14,0.21212121212121213,-0.14140912795254432,-0.05956663576944261,0.2683644722060362,-0.20518930411921643,-0.0762094586369149,not_supported,EfficientNetB0,sigma8_dil0,gaussian_noise,8.0,0,GON-,high
perturbation_sensitivity,od_oc_proxy_minus_matched_random_od_oc,od_oc_proxy_minus_matched_random_od_oc,image,label_quality,gon_label=GON- | quality_group=low,53,15,0.2830188679245283,-0.11857624086179386,-0.05245524626351574,0.37401061424051396,-0.21816087792695493,-0.01869752985933061,not_supported,EfficientNetB0,sigma8_dil0,gaussian_noise,8.0,0,GON-,low
perturbation_sensitivity,od_oc_proxy_minus_matched_random_od_oc,od_oc_proxy_minus_matched_random_od_oc,image,label_quality,gon_label=GON- | quality_group=medium,79,21,0.26582278481012656,-0.15703794038640187,-0.07477295398712158,0.35141254424385554,-0.2340435391765974,-0.08048385169646095,not_supported,EfficientNetB0,sigma8_dil0,gaussian_noise,8.0,0,GON-,medium
perturbation_sensitivity,od_oc_proxy_minus_matched_random_od_oc,od_oc_proxy_minus_matched_random_od_oc,image,label_quality,gon_label=GON+ | quality_group=high,181,123,0.6795580110497238,0.22083428792137663,0.1196637190878391,0.39473692795905485,0.16385491257278845,0.2775049268009821,supported,EfficientNetB0,sigma8_dil0,mean_fill,8.0,0,GON+,high
perturbation_sensitivity,od_oc_proxy_minus_matched_random_od_oc,od_oc_proxy_minus_matched_random_od_oc,image,label_quality,gon_label=GON+ | quality_group=low,194,110,0.5670103092783505,0.12851836563467428,0.0048575473483652,0.4191631541444398,0.07150570121128312,0.18500557911295926,supported,EfficientNetB0,sigma8_dil0,mean_fill,8.0,0,GON+,low
perturbation_sensitivity,od_oc_proxy_minus_matched_random_od_oc,od_oc_proxy_minus_matched_random_od_oc,image,label_quality,gon_label=GON+ | quality_group=medium,172,102,0.5930232558139535,0.1495773367798472,0.023738194257020964,0.3632028445861882,0.0957155160396808,0.20629945125813706,supported,EfficientNetB0,sigma8_dil0,mean_fill,8.0,0,GON+,medium
perturbation_sensitivity,od_oc_proxy_minus_matched_random_od_oc,od_oc_proxy_minus_matched_random_od_oc,image,label_quality,gon_label=GON- | quality_group=high,66,38,0.5757575757575758,0.06837585162032431,0.0214557005092502,0.30646881647052804,-0.00923360265992316,0.1399156676270612,directional_only,EfficientNetB0,sigma8_dil0,mean_fill,8.0,0,GON-,high
perturbation_sensitivity,od_oc_proxy_minus_matched_random_od_oc,od_oc_proxy_minus_matched_random_od_oc,image,label_quality,gon_label=GON- | quality_group=low,53,24,0.4528301886792453,0.03323510696007552,-0.002266334598061704,0.3207401501414968,-0.05147837120508536,0.11814988339011455,directional_only,EfficientNetB0,sigma8_dil0,mean_fill,8.0,0,GON-,low
perturbation_sensitivity,od_oc_proxy_minus_matched_random_od_oc,od_oc_proxy_minus_matched_random_od_oc,image,label_quality,gon_label=GON- | quality_group=medium,79,34,0.43037974683544306,0.0599633065394573,-0.0004810357932001001,0.3189241392476055,-0.01135525105747965,0.1315488200042497,directional_only,EfficientNetB0,sigma8_dil0,mean_fill,8.0,0,GON-,medium
perturbation_sensitivity,od_oc_proxy_minus_matched_random_od_oc,od_oc_proxy_minus_matched_random_od_oc,image,label_quality,gon_label=GON+ | quality_group=high,181,81,0.44751381215469616,0.01082629299141466,-0.0071720480918884,0.4471628212261857,-0.05352327783360165,0.07528672804536632,directional_only,EfficientNetB0,sigma8_dil14,blur,8.0,14,GON+,high
perturbation_sensitivity,od_oc_proxy_minus_matched_random_od_oc,od_oc_proxy_minus_matched_random_od_oc,image,label_quality,gon_label=GON+ | quality_group=low,194,81,0.4175257731958763,0.01958746039089901,-0.0154886450618504,0.3988487816336669,-0.034016791955997584,0.07600265515351884,directional_only,EfficientNetB0,sigma8_dil14,blur,8.0,14,GON+,low
perturbation_sensitivity,od_oc_proxy_minus_matched_random_od_oc,od_oc_proxy_minus_matched_random_od_oc,image,label_quality,gon_label=GON+ | quality_group=medium,172,73,0.42441860465116277,-0.02479246845380502,-0.038334182463586296,0.4866802754642422,-0.09979616365205458,0.04413181731767435,not_supported,EfficientNetB0,sigma8_dil14,blur,8.0,14,GON+,medium
perturbation_sensitivity,od_oc_proxy_minus_matched_random_od_oc,od_oc_proxy_minus_matched_random_od_oc,image,label_quality,gon_label=GON- | quality_group=high,66,17,0.25757575757575757,-0.1356780945026793,-0.0762931029021274,0.3219566853392097,-0.20843551042971603,-0.059891370310643934,not_supported,EfficientNetB0,sigma8_dil14,blur,8.0,14,GON-,high
perturbation_sensitivity,od_oc_proxy_minus_matched_random_od_oc,od_oc_proxy_minus_matched_random_od_oc,image,label_quality,gon_label=GON- | quality_group=low,53,14,0.2641509433962264,-0.1952082262058896,-0.0965780202823225,0.3133654341467052,-0.28086523392721074,-0.1146890167365354,not_supported,EfficientNetB0,sigma8_dil14,blur,8.0,14,GON-,low
perturbation_sensitivity,od_oc_proxy_minus_matched_random_od_oc,od_oc_proxy_minus_matched_random_od_oc,image,label_quality,gon_label=GON- | quality_group=medium,79,16,0.20253164556962025,-0.22697106889884866,-0.1145573072135448,0.36070292334989656,-0.29986485706737476,-0.14783547376353845,not_supported,EfficientNetB0,sigma8_dil14,blur,8.0,14,GON-,medium
perturbation_sensitivity,od_oc_proxy_minus_matched_random_od_oc,od_oc_proxy_minus_matched_random_od_oc,image,label_quality,gon_label=GON+ | quality_group=high,181,69,0.3812154696132597,-0.05925368244584696,-0.0672677255279267,0.4714993235068062,-0.12720054359982114,0.009055169969122161,not_supported,EfficientNetB0,sigma8_dil14,gaussian_noise,8.0,14,GON+,high
perturbation_sensitivity,od_oc_proxy_minus_matched_random_od_oc,od_oc_proxy_minus_matched_random_od_oc,image,label_quality,gon_label=GON+ | quality_group=low,194,87,0.4484536082474227,-0.02006421655599716,-0.03132204129360616,0.3882265075773963,-0.0741556061019529,0.03829868768669483,not_supported,EfficientNetB0,sigma8_dil14,gaussian_noise,8.0,14,GON+,low
perturbation_sensitivity,od_oc_proxy_minus_matched_random_od_oc,od_oc_proxy_minus_matched_random_od_oc,image,label_quality,gon_label=GON+ | quality_group=medium,172,72,0.4186046511627907,-0.06420576122661203,-0.02663847059011455,0.46732448137772004,-0.132842126408749,0.007943682429101054,not_supported,EfficientNetB0,sigma8_dil14,gaussian_noise,8.0,14,GON+,medium
perturbation_sensitivity,od_oc_proxy_minus_matched_random_od_oc,od_oc_proxy_minus_matched_random_od_oc,image,label_quality,gon_label=GON- | quality_group=high,66,14,0.21212121212121213,-0.12936944912308268,-0.058876889757812044,0.36723320781358537,-0.21683457243769588,-0.04256167526406071,not_supported,EfficientNetB0,sigma8_dil14,gaussian_noise,8.0,14,GON-,high
perturbation_sensitivity,od_oc_proxy_minus_matched_random_od_oc,od_oc_proxy_minus_matched_random_od_oc,image,label_quality,gon_label=GON- | quality_group=low,53,18,0.33962264150943394,-0.16145727629403223,-0.0909290853887796,0.42896175690421223,-0.2773577037722944,-0.047446708030410234,not_supported,EfficientNetB0,sigma8_dil14,gaussian_noise,8.0,14,GON-,low
perturbation_sensitivity,od_oc_proxy_minus_matched_random_od_oc,od_oc_proxy_minus_matched_random_od_oc,image,label_quality,gon_label=GON- | quality_group=medium,79,22,0.27848101265822783,-0.14368683754661168,-0.0739917187020182,0.43377524781086324,-0.2402107301686276,-0.048815704842448855,not_supported,EfficientNetB0,sigma8_dil14,gaussian_noise,8.0,14,GON-,medium
perturbation_sensitivity,od_oc_proxy_minus_matched_random_od_oc,od_oc_proxy_minus_matched_random_od_oc,image,label_quality,gon_label=GON+ | quality_group=high,181,138,0.7624309392265194,0.24404479335238133,0.1861485987901688,0.3619850551656368,0.1918303660026185,0.29612565406682817,supported,EfficientNetB0,sigma8_dil14,mean_fill,8.0,14,GON+,high
perturbation_sensitivity,od_oc_proxy_minus_matched_random_od_oc,od_oc_proxy_minus_matched_random_od_oc,image,label_quality,gon_label=GON+ | quality_group=low,194,104,0.5360824742268041,0.06976242113850295,0.007007283158600248,0.40838802868755486,0.009773261738732619,0.12430103284906308,supported,EfficientNetB0,sigma8_dil14,mean_fill,8.0,14,GON+,low
perturbation_sensitivity,od_oc_proxy_minus_matched_random_od_oc,od_oc_proxy_minus_matched_random_od_oc,image,label_quality,gon_label=GON+ | quality_group=medium,172,104,0.6046511627906976,0.12579484136017205,0.038909852504730225,0.407943104982974,0.06638204953479898,0.18573519718145762,supported,EfficientNetB0,sigma8_dil14,mean_fill,8.0,14,GON+,medium
perturbation_sensitivity,od_oc_proxy_minus_matched_random_od_oc,od_oc_proxy_minus_matched_random_od_oc,image,label_quality,gon_label=GON- | quality_group=high,66,37,0.5606060606060606,0.05339096444784905,0.01882324903272095,0.34315309690253387,-0.03133104019377009,0.13812245377415217,directional_only,EfficientNetB0,sigma8_dil14,mean_fill,8.0,14,GON-,high
perturbation_sensitivity,od_oc_proxy_minus_matched_random_od_oc,od_oc_proxy_minus_matched_random_od_oc,image,label_quality,gon_label=GON- | quality_group=low,53,28,0.5283018867924528,0.03985162253215918,0.008416227996349293,0.3590343680992557,-0.05779116672790722,0.13610627287674115,directional_only,EfficientNetB0,sigma8_dil14,mean_fill,8.0,14,GON-,low
perturbation_sensitivity,od_oc_proxy_minus_matched_random_od_oc,od_oc_proxy_minus_matched_random_od_oc,image,label_quality,gon_label=GON- | quality_group=medium,79,42,0.5316455696202531,0.027458776077005094,0.0006929580122231999,0.35860393915439526,-0.05213125361680588,0.10869049003088695,directional_only,EfficientNetB0,sigma8_dil14,mean_fill,8.0,14,GON-,medium
perturbation_sensitivity,od_oc_proxy_minus_matched_random_od_oc,od_oc_proxy_minus_matched_random_od_oc,image,label_quality,gon_label=GON+ | quality_group=high,181,80,0.4419889502762431,0.004232852429272344,-0.0057234987616539,0.45479622299418787,-0.05956566498440525,0.06955387038401656,directional_only,EfficientNetB0,sigma8_dil7,blur,8.0,7,GON+,high
perturbation_sensitivity,od_oc_proxy_minus_matched_random_od_oc,od_oc_proxy_minus_matched_random_od_oc,image,label_quality,gon_label=GON+ | quality_group=low,194,85,0.4381443298969072,-0.00028110044906441657,-0.0039028666094162497,0.3970423868344695,-0.05492989822250408,0.05498606804640223,not_supported,EfficientNetB0,sigma8_dil7,blur,8.0,7,GON+,low
perturbation_sensitivity,od_oc_proxy_minus_matched_random_od_oc,od_oc_proxy_minus_matched_random_od_oc,image,label_quality,gon_label=GON+ | quality_group=medium,172,79,0.45930232558139533,-0.031683868554141036,-0.00846374931180095,0.42080724622471766,-0.09137453380506609,0.03170092932358544,not_supported,EfficientNetB0,sigma8_dil7,blur,8.0,7,GON+,medium
perturbation_sensitivity,od_oc_proxy_minus_matched_random_od_oc,od_oc_proxy_minus_matched_random_od_oc,image,label_quality,gon_label=GON- | quality_group=high,66,18,0.2727272727272727,-0.10309848816027199,-0.0348551176139153,0.32162809892373384,-0.18383862226167336,-0.028931770751714964,not_supported,EfficientNetB0,sigma8_dil7,blur,8.0,7,GON-,high
perturbation_sensitivity,od_oc_proxy_minus_matched_random_od_oc,od_oc_proxy_minus_matched_random_od_oc,image,label_quality,gon_label=GON- | quality_group=low,53,10,0.18867924528301888,-0.16519563732237674,-0.0705897212028503,0.2505890014565214,-0.23750191214271146,-0.09980697467689496,not_supported,EfficientNetB0,sigma8_dil7,blur,8.0,7,GON-,low
perturbation_sensitivity,od_oc_proxy_minus_matched_random_od_oc,od_oc_proxy_minus_matched_random_od_oc,image,label_quality,gon_label=GON- | quality_group=medium,79,19,0.24050632911392406,-0.19526882343234087,-0.07138608396053321,0.3365281454296684,-0.27097151322274476,-0.11924184467777046,not_supported,EfficientNetB0,sigma8_dil7,blur,8.0,7,GON-,medium
perturbation_sensitivity,od_oc_proxy_minus_matched_random_od_oc,od_oc_proxy_minus_matched_random_od_oc,image,label_quality,gon_label=GON+ | quality_group=high,181,76,0.4198895027624309,-0.03032156401185522,-0.023533120751380802,0.45049836592076486,-0.0937616017614468,0.0354959013901715,not_supported,EfficientNetB0,sigma8_dil7,gaussian_noise,8.0,7,GON+,high
perturbation_sensitivity,od_oc_proxy_minus_matched_random_od_oc,od_oc_proxy_minus_matched_random_od_oc,image,label_quality,gon_label=GON+ | quality_group=low,194,81,0.4175257731958763,-0.02052967339733643,-0.030212048062594397,0.42852477003119593,-0.08170511566295408,0.04203015026529183,not_supported,EfficientNetB0,sigma8_dil7,gaussian_noise,8.0,7,GON+,low
perturbation_sensitivity,od_oc_proxy_minus_matched_random_od_oc,od_oc_proxy_minus_matched_random_od_oc,image,label_quality,gon_label=GON+ | quality_group=medium,172,72,0.4186046511627907,-0.055212202412173894,-0.0356823536276351,0.4672310921811673,-0.12497580137706212,0.015502242439058862,not_supported,EfficientNetB0,sigma8_dil7,gaussian_noise,8.0,7,GON+,medium
perturbation_sensitivity,od_oc_proxy_minus_matched_random_od_oc,od_oc_proxy_minus_matched_random_od_oc,image,label_quality,gon_label=GON- | quality_group=high,66,15,0.22727272727272727,-0.10951698487645038,-0.06450548674911263,0.29940204886956745,-0.1814551022984071,-0.039177351473986495,not_supported,EfficientNetB0,sigma8_dil7,gaussian_noise,8.0,7,GON-,high
perturbation_sensitivity,od_oc_proxy_minus_matched_random_od_oc,od_oc_proxy_minus_matched_random_od_oc,image,label_quality,gon_label=GON- | quality_group=low,53,17,0.32075471698113206,-0.2008431426891004,-0.11461514234542841,0.43492115195542314,-0.3126420162599791,-0.08535769157076215,not_supported,EfficientNetB0,sigma8_dil7,gaussian_noise,8.0,7,GON-,low
perturbation_sensitivity,od_oc_proxy_minus_matched_random_od_oc,od_oc_proxy_minus_matched_random_od_oc,image,label_quality,gon_label=GON- | quality_group=medium,79,27,0.34177215189873417,-0.14536396005445304,-0.026634685840690498,0.396245659558183,-0.22703761696218083,-0.057754519726854525,not_supported,EfficientNetB0,sigma8_dil7,gaussian_noise,8.0,7,GON-,medium
perturbation_sensitivity,od_oc_proxy_minus_matched_random_od_oc,od_oc_proxy_minus_matched_random_od_oc,image,label_quality,gon_label=GON+ | quality_group=high,181,142,0.7845303867403315,0.2993765534449817,0.17294689640402797,0.3942514627373861,0.24071523353770685,0.3580239557426671,supported,EfficientNetB0,sigma8_dil7,mean_fill,8.0,7,GON+,high
perturbation_sensitivity,od_oc_proxy_minus_matched_random_od_oc,od_oc_proxy_minus_matched_random_od_oc,image,label_quality,gon_label=GON+ | quality_group=low,194,117,0.6030927835051546,0.10797961080994303,0.028127101628513087,0.39495424217693015,0.051666891837177736,0.16249447962637623,supported,EfficientNetB0,sigma8_dil7,mean_fill,8.0,7,GON+,low
perturbation_sensitivity,od_oc_proxy_minus_matched_random_od_oc,od_oc_proxy_minus_matched_random_od_oc,image,label_quality,gon_label=GON+ | quality_group=medium,172,114,0.6627906976744186,0.20858666293340458,0.1019614536476182,0.4329397844029819,0.14204112535141514,0.27211275579527733,supported,EfficientNetB0,sigma8_dil7,mean_fill,8.0,7,GON+,medium
perturbation_sensitivity,od_oc_proxy_minus_matched_random_od_oc,od_oc_proxy_minus_matched_random_od_oc,image,label_quality,gon_label=GON- | quality_group=high,66,36,0.5454545454545454,0.01253209450866914,0.005388487424170297,0.3438223678777107,-0.07047102437714228,0.09170531357648169,directional_only,EfficientNetB0,sigma8_dil7,mean_fill,8.0,7,GON-,high
perturbation_sensitivity,od_oc_proxy_minus_matched_random_od_oc,od_oc_proxy_minus_matched_random_od_oc,image,label_quality,gon_label=GON- | quality_group=low,53,29,0.5471698113207547,0.05486098512773228,0.011980772018432603,0.3663629878580585,-0.04209583542730393,0.14583422760813008,directional_only,EfficientNetB0,sigma8_dil7,mean_fill,8.0,7,GON-,low
perturbation_sensitivity,od_oc_proxy_minus_matched_random_od_oc,od_oc_proxy_minus_matched_random_od_oc,image,label_quality,gon_label=GON- | quality_group=medium,79,37,0.46835443037974683,0.07479191033311382,-0.0009135006694123,0.3331386034685124,0.007024421406409727,0.15028110070009323,supported,EfficientNetB0,sigma8_dil7,mean_fill,8.0,7,GON-,medium
perturbation_sensitivity,od_oc_proxy_minus_matched_random_od_oc,od_oc_proxy_minus_matched_random_od_oc,patient,label_quality,gon_label=GON+ | quality_group=high,91,81,0.8901098901098901,0.4330157915011963,0.4154217611066998,0.4129648389671435,0.3459069760983031,0.5164074387941872,supported,ConvNeXtTiny,sigma12_dil0,blur,12.0,0,GON+,high
perturbation_sensitivity,od_oc_proxy_minus_matched_random_od_oc,od_oc_proxy_minus_matched_random_od_oc,patient,label_quality,gon_label=GON+ | quality_group=low,116,93,0.8017241379310345,0.431622669943402,0.42264838330447674,0.3989186671342898,0.36439595837474953,0.5012509457812391,supported,ConvNeXtTiny,sigma12_dil0,blur,12.0,0,GON+,low
perturbation_sensitivity,od_oc_proxy_minus_matched_random_od_oc,od_oc_proxy_minus_matched_random_od_oc,patient,label_quality,gon_label=GON+ | quality_group=medium,105,90,0.8571428571428571,0.4846379047642485,0.4802023274824024,0.41835060268625934,0.4066368834348042,0.5616727343211457,supported,ConvNeXtTiny,sigma12_dil0,blur,12.0,0,GON+,medium
perturbation_sensitivity,od_oc_proxy_minus_matched_random_od_oc,od_oc_proxy_minus_matched_random_od_oc,patient,label_quality,gon_label=GON- | quality_group=high,48,39,0.8125,0.47177261247940633,0.5855824882164598,0.45837323700258736,0.3408888846008442,0.5998556196715537,supported,ConvNeXtTiny,sigma12_dil0,blur,12.0,0,GON-,high
perturbation_sensitivity,od_oc_proxy_minus_matched_random_od_oc,od_oc_proxy_minus_matched_random_od_oc,patient,label_quality,gon_label=GON- | quality_group=low,43,29,0.6744186046511628,0.22458847374557164,0.008366569629288265,0.47359996079057565,0.08638872912105885,0.360989272724755,supported,ConvNeXtTiny,sigma12_dil0,blur,12.0,0,GON-,low
perturbation_sensitivity,od_oc_proxy_minus_matched_random_od_oc,od_oc_proxy_minus_matched_random_od_oc,patient,label_quality,gon_label=GON- | quality_group=medium,55,37,0.6727272727272727,0.3136290874359089,0.10608306837578621,0.42421801652462965,0.20331851426310044,0.42327282342107037,supported,ConvNeXtTiny,sigma12_dil0,blur,12.0,0,GON-,medium
perturbation_sensitivity,od_oc_proxy_minus_matched_random_od_oc,od_oc_proxy_minus_matched_random_od_oc,patient,label_quality,gon_label=GON+ | quality_group=high,91,51,0.5604395604395604,-0.0008437192805071223,0.00013029575347899531,0.3490663102286373,-0.07311606049290645,0.07122844433004906,not_supported,ConvNeXtTiny,sigma12_dil0,gaussian_noise,12.0,0,GON+,high
perturbation_sensitivity,od_oc_proxy_minus_matched_random_od_oc,od_oc_proxy_minus_matched_random_od_oc,patient,label_quality,gon_label=GON+ | quality_group=low,116,59,0.5086206896551724,0.03348036797087217,2.2232532501220703e-05,0.4719301268778451,-0.05211172409397999,0.12172665901013068,directional_only,ConvNeXtTiny,sigma12_dil0,gaussian_noise,12.0,0,GON+,low
perturbation_sensitivity,od_oc_proxy_minus_matched_random_od_oc,od_oc_proxy_minus_matched_random_od_oc,patient,label_quality,gon_label=GON+ | quality_group=medium,105,62,0.5904761904761905,0.02368269798027613,0.0007866024971008,0.42558049149935906,-0.05590597327817834,0.10157007868879009,directional_only,ConvNeXtTiny,sigma12_dil0,gaussian_noise,12.0,0,GON+,medium
perturbation_sensitivity,od_oc_proxy_minus_matched_random_od_oc,od_oc_proxy_minus_matched_random_od_oc,patient,label_quality,gon_label=GON- | quality_group=high,48,15,0.3125,-0.14725530953451957,-0.010887444674153849,0.4104383918317753,-0.2583821549660617,-0.041740380107529514,not_supported,ConvNeXtTiny,sigma12_dil0,gaussian_noise,12.0,0,GON-,high
perturbation_sensitivity,od_oc_proxy_minus_matched_random_od_oc,od_oc_proxy_minus_matched_random_od_oc,patient,label_quality,gon_label=GON- | quality_group=low,43,15,0.3488372093023256,-0.2707232823787879,-0.07702827453613281,0.5087900255309261,-0.41885261350257674,-0.12518622629019036,not_supported,ConvNeXtTiny,sigma12_dil0,gaussian_noise,12.0,0,GON-,low
perturbation_sensitivity,od_oc_proxy_minus_matched_random_od_oc,od_oc_proxy_minus_matched_random_od_oc,patient,label_quality,gon_label=GON- | quality_group=medium,55,15,0.2727272727272727,-0.13664232548911084,-0.0336019396781921,0.4644268481941403,-0.25824180283296894,-0.02248759029170335,not_supported,ConvNeXtTiny,sigma12_dil0,gaussian_noise,12.0,0,GON-,medium
perturbation_sensitivity,od_oc_proxy_minus_matched_random_od_oc,od_oc_proxy_minus_matched_random_od_oc,patient,label_quality,gon_label=GON+ | quality_group=high,91,59,0.6483516483516484,0.19741515440657748,0.0757716894149779,0.4921109240451324,0.09932856279345118,0.30025120991710674,supported,ConvNeXtTiny,sigma12_dil0,mean_fill,12.0,0,GON+,high
perturbation_sensitivity,od_oc_proxy_minus_matched_random_od_oc,od_oc_proxy_minus_matched_random_od_oc,patient,label_quality,gon_label=GON+ | quality_group=low,116,62,0.5344827586206896,0.09451633304312244,0.0005688434466719499,0.49393740858051194,0.0016658789014007214,0.18630568364838412,supported,ConvNeXtTiny,sigma12_dil0,mean_fill,12.0,0,GON+,low
perturbation_sensitivity,od_oc_proxy_minus_matched_random_od_oc,od_oc_proxy_minus_matched_random_od_oc,patient,label_quality,gon_label=GON+ | quality_group=medium,105,53,0.5047619047619047,0.04697459321041591,8.022785186760859e-05,0.4161891802383428,-0.03132942008981504,0.12722153988622997,directional_only,ConvNeXtTiny,sigma12_dil0,mean_fill,12.0,0,GON+,medium
perturbation_sensitivity,od_oc_proxy_minus_matched_random_od_oc,od_oc_proxy_minus_matched_random_od_oc,patient,label_quality,gon_label=GON- | quality_group=high,48,26,0.5416666666666666,0.1638429527936296,0.016311652958393,0.5850978785434937,0.004607546809995707,0.32656272729885494,supported,ConvNeXtTiny,sigma12_dil0,mean_fill,12.0,0,GON-,high
perturbation_sensitivity,od_oc_proxy_minus_matched_random_od_oc,od_oc_proxy_minus_matched_random_od_oc,patient,label_quality,gon_label=GON- | quality_group=low,43,24,0.5581395348837209,-0.010738724945123223,0.0004837457090616018,0.44567413144907875,-0.14249014286319517,0.12113794914002282,not_supported,ConvNeXtTiny,sigma12_dil0,mean_fill,12.0,0,GON-,low
perturbation_sensitivity,od_oc_proxy_minus_matched_random_od_oc,od_oc_proxy_minus_matched_random_od_oc,patient,label_quality,gon_label=GON- | quality_group=medium,55,28,0.509090909090909,0.0037490093350546327,9.280070662499862e-05,0.47758480805085246,-0.11677755159111368,0.13124502683205633,directional_only,ConvNeXtTiny,sigma12_dil0,mean_fill,12.0,0,GON-,medium
perturbation_sensitivity,od_oc_proxy_minus_matched_random_od_oc,od_oc_proxy_minus_matched_random_od_oc,patient,label_quality,gon_label=GON+ | quality_group=high,91,83,0.9120879120879121,0.5949780588641369,0.6915281661786139,0.39814666110581304,0.5124407561286406,0.6782660458625019,supported,ConvNeXtTiny,sigma12_dil14,blur,12.0,14,GON+,high
perturbation_sensitivity,od_oc_proxy_minus_matched_random_od_oc,od_oc_proxy_minus_matched_random_od_oc,patient,label_quality,gon_label=GON+ | quality_group=low,116,93,0.8017241379310345,0.4958600770744852,0.48834749171510344,0.3936019020329138,0.42456584373646333,0.5687018981362124,supported,ConvNeXtTiny,sigma12_dil14,blur,12.0,14,GON+,low
perturbation_sensitivity,od_oc_proxy_minus_matched_random_od_oc,od_oc_proxy_minus_matched_random_od_oc,patient,label_quality,gon_label=GON+ | quality_group=medium,105,91,0.8666666666666667,0.5623553680629284,0.6874726712703705,0.4372668898267355,0.4806724400904435,0.6445510336218816,supported,ConvNeXtTiny,sigma12_dil14,blur,12.0,14,GON+,medium
perturbation_sensitivity,od_oc_proxy_minus_matched_random_od_oc,od_oc_proxy_minus_matched_random_od_oc,patient,label_quality,gon_label=GON- | quality_group=high,48,36,0.75,0.48031417969030415,0.5445130942389369,0.45996867853314594,0.3475852858160423,0.6139641515943849,supported,ConvNeXtTiny,sigma12_dil14,blur,12.0,14,GON-,high
perturbation_sensitivity,od_oc_proxy_minus_matched_random_od_oc,od_oc_proxy_minus_matched_random_od_oc,patient,label_quality,gon_label=GON- | quality_group=low,43,30,0.6976744186046512,0.29079427565705185,0.21779101341962812,0.4171694143548553,0.17464525266350814,0.4139430079810344,supported,ConvNeXtTiny,sigma12_dil14,blur,12.0,14,GON-,low
perturbation_sensitivity,od_oc_proxy_minus_matched_random_od_oc,od_oc_proxy_minus_matched_random_od_oc,patient,label_quality,gon_label=GON- | quality_group=medium,55,42,0.7636363636363637,0.365926061102216,0.3626244096085429,0.36701024400905424,0.26976445208238287,0.45953649698643034,supported,ConvNeXtTiny,sigma12_dil14,blur,12.0,14,GON-,medium
perturbation_sensitivity,od_oc_proxy_minus_matched_random_od_oc,od_oc_proxy_minus_matched_random_od_oc,patient,label_quality,gon_label=GON+ | quality_group=high,91,6,0.06593406593406594,-0.42048304357475447,-0.32874098885804415,0.4307214977343955,-0.5109174651567855,-0.3336750769160634,not_supported,ConvNeXtTiny,sigma12_dil14,gaussian_noise,12.0,14,GON+,high
perturbation_sensitivity,od_oc_proxy_minus_matched_random_od_oc,od_oc_proxy_minus_matched_random_od_oc,patient,label_quality,gon_label=GON+ | quality_group=low,116,6,0.05172413793103448,-0.603612496897943,-0.8370663123205304,0.4117967804435887,-0.6769214189801777,-0.5255476415686328,not_supported,ConvNeXtTiny,sigma12_dil14,gaussian_noise,12.0,14,GON+,low
perturbation_sensitivity,od_oc_proxy_minus_matched_random_od_oc,od_oc_proxy_minus_matched_random_od_oc,patient,label_quality,gon_label=GON+ | quality_group=medium,105,9,0.08571428571428572,-0.5308855706579947,-0.6433254774659872,0.44232023750594296,-0.6186627912460692,-0.4516365837781512,not_supported,ConvNeXtTiny,sigma12_dil14,gaussian_noise,12.0,14,GON+,medium
perturbation_sensitivity,od_oc_proxy_minus_matched_random_od_oc,od_oc_proxy_minus_matched_random_od_oc,patient,label_quality,gon_label=GON- | quality_group=high,48,4,0.08333333333333333,-0.4542965698408479,-0.37017713981913397,0.4166713772750755,-0.5710773319234173,-0.33521152079545374,not_supported,ConvNeXtTiny,sigma12_dil14,gaussian_noise,12.0,14,GON-,high
perturbation_sensitivity,od_oc_proxy_minus_matched_random_od_oc,od_oc_proxy_minus_matched_random_od_oc,patient,label_quality,gon_label=GON- | quality_group=low,43,0,0.0,-0.6888733030108025,-0.9347875565290451,0.3894360746420344,-0.8021249567578601,-0.5699162483688947,not_supported,ConvNeXtTiny,sigma12_dil14,gaussian_noise,12.0,14,GON-,low
perturbation_sensitivity,od_oc_proxy_minus_matched_random_od_oc,od_oc_proxy_minus_matched_random_od_oc,patient,label_quality,gon_label=GON- | quality_group=medium,55,3,0.05454545454545454,-0.5795853779518604,-0.7419504476711154,0.4158041696761373,-0.6857213615230476,-0.461953056504041,not_supported,ConvNeXtTiny,sigma12_dil14,gaussian_noise,12.0,14,GON-,medium
perturbation_sensitivity,od_oc_proxy_minus_matched_random_od_oc,od_oc_proxy_minus_matched_random_od_oc,patient,label_quality,gon_label=GON+ | quality_group=high,91,9,0.0989010989010989,-0.6349926697509185,-0.8052891660481694,0.3851010003295432,-0.7129366594476783,-0.5528319258614747,not_supported,ConvNeXtTiny,sigma12_dil14,mean_fill,12.0,14,GON+,high
perturbation_sensitivity,od_oc_proxy_minus_matched_random_od_oc,od_oc_proxy_minus_matched_random_od_oc,patient,label_quality,gon_label=GON+ | quality_group=low,116,19,0.16379310344827586,-0.5132912576407176,-0.7002508100122213,0.47729935407787594,-0.5943107579454265,-0.4231138723601636,not_supported,ConvNeXtTiny,sigma12_dil14,mean_fill,12.0,14,GON+,low
perturbation_sensitivity,od_oc_proxy_minus_matched_random_od_oc,od_oc_proxy_minus_matched_random_od_oc,patient,label_quality,gon_label=GON+ | quality_group=medium,105,11,0.10476190476190476,-0.6077175599499712,-0.8839748971164225,0.4629753844391443,-0.6962147325021396,-0.5196366732116863,not_supported,ConvNeXtTiny,sigma12_dil14,mean_fill,12.0,14,GON+,medium
perturbation_sensitivity,od_oc_proxy_minus_matched_random_od_oc,od_oc_proxy_minus_matched_random_od_oc,patient,label_quality,gon_label=GON- | quality_group=high,48,9,0.1875,-0.4374634206592482,-0.48068240379870986,0.5854395742078724,-0.5947640340306294,-0.27746595173400823,not_supported,ConvNeXtTiny,sigma12_dil14,mean_fill,12.0,14,GON-,high
perturbation_sensitivity,od_oc_proxy_minus_matched_random_od_oc,od_oc_proxy_minus_matched_random_od_oc,patient,label_quality,gon_label=GON- | quality_group=low,43,12,0.27906976744186046,-0.43866130787044016,-0.48385808523744345,0.4729066005474645,-0.5790297054195033,-0.30053956839707774,not_supported,ConvNeXtTiny,sigma12_dil14,mean_fill,12.0,14,GON-,low
perturbation_sensitivity,od_oc_proxy_minus_matched_random_od_oc,od_oc_proxy_minus_matched_random_od_oc,patient,label_quality,gon_label=GON- | quality_group=medium,55,7,0.12727272727272726,-0.4676064005963836,-0.5565144093707203,0.5158208746004334,-0.6004782423334175,-0.3275935511319712,not_supported,ConvNeXtTiny,sigma12_dil14,mean_fill,12.0,14,GON-,medium
perturbation_sensitivity,od_oc_proxy_minus_matched_random_od_oc,od_oc_proxy_minus_matched_random_od_oc,patient,label_quality,gon_label=GON+ | quality_group=high,91,77,0.8461538461538461,0.4742257834004207,0.5395559966564178,0.45206424191789346,0.37792126164964285,0.5580948988427471,supported,ConvNeXtTiny,sigma12_dil7,blur,12.0,7,GON+,high
perturbation_sensitivity,od_oc_proxy_minus_matched_random_od_oc,od_oc_proxy_minus_matched_random_od_oc,patient,label_quality,gon_label=GON+ | quality_group=low,116,92,0.7931034482758621,0.38681130182111884,0.3701434750946646,0.41221028233219215,0.31377150569263884,0.46063255895443056,supported,ConvNeXtTiny,sigma12_dil7,blur,12.0,7,GON+,low
perturbation_sensitivity,od_oc_proxy_minus_matched_random_od_oc,od_oc_proxy_minus_matched_random_od_oc,patient,label_quality,gon_label=GON+ | quality_group=medium,105,86,0.819047619047619,0.4196123576044049,0.40699931893209396,0.4480130921175436,0.3340014050456994,0.5073015748657788,supported,ConvNeXtTiny,sigma12_dil7,blur,12.0,7,GON+,medium
perturbation_sensitivity,od_oc_proxy_minus_matched_random_od_oc,od_oc_proxy_minus_matched_random_od_oc,patient,label_quality,gon_label=GON- | quality_group=high,48,36,0.75,0.35037765401413407,0.2970100080347038,0.4713283588308642,0.22302836456574499,0.4767223772635853,supported,ConvNeXtTiny,sigma12_dil7,blur,12.0,7,GON-,high
perturbation_sensitivity,od_oc_proxy_minus_matched_random_od_oc,od_oc_proxy_minus_matched_random_od_oc,patient,label_quality,gon_label=GON- | quality_group=low,43,25,0.5813953488372093,0.22758479946212393,0.0002971533685922,0.4073943989189775,0.11373034384955961,0.3422569029040755,supported,ConvNeXtTiny,sigma12_dil7,blur,12.0,7,GON-,low
perturbation_sensitivity,od_oc_proxy_minus_matched_random_od_oc,od_oc_proxy_minus_matched_random_od_oc,patient,label_quality,gon_label=GON- | quality_group=medium,55,38,0.6909090909090909,0.2967136741117925,0.1830436466261744,0.3740630463110469,0.2038236947886979,0.3974474596412972,supported,ConvNeXtTiny,sigma12_dil7,blur,12.0,7,GON-,medium
perturbation_sensitivity,od_oc_proxy_minus_matched_random_od_oc,od_oc_proxy_minus_matched_random_od_oc,patient,label_quality,gon_label=GON+ | quality_group=high,91,9,0.0989010989010989,-0.3111245204338521,-0.1222837567329406,0.440276257896405,-0.3987777970442408,-0.22356733419321764,not_supported,ConvNeXtTiny,sigma12_dil7,gaussian_noise,12.0,7,GON+,high
perturbation_sensitivity,od_oc_proxy_minus_matched_random_od_oc,od_oc_proxy_minus_matched_random_od_oc,patient,label_quality,gon_label=GON+ | quality_group=low,116,11,0.09482758620689655,-0.46697921565033934,-0.48855662206187844,0.45349040599611684,-0.5500564502505498,-0.3827337958334301,not_supported,ConvNeXtTiny,sigma12_dil7,gaussian_noise,12.0,7,GON+,low
perturbation_sensitivity,od_oc_proxy_minus_matched_random_od_oc,od_oc_proxy_minus_matched_random_od_oc,patient,label_quality,gon_label=GON+ | quality_group=medium,105,19,0.18095238095238095,-0.37585195998172316,-0.12416690308600664,0.45742360446432895,-0.4618122546787017,-0.29294861596963473,not_supported,ConvNeXtTiny,sigma12_dil7,gaussian_noise,12.0,7,GON+,medium
perturbation_sensitivity,od_oc_proxy_minus_matched_random_od_oc,od_oc_proxy_minus_matched_random_od_oc,patient,label_quality,gon_label=GON- | quality_group=high,48,5,0.10416666666666667,-0.39775413610114657,-0.2958075704949199,0.4154608272584583,-0.5110054868872039,-0.2863017457682427,not_supported,ConvNeXtTiny,sigma12_dil7,gaussian_noise,12.0,7,GON-,high
perturbation_sensitivity,od_oc_proxy_minus_matched_random_od_oc,od_oc_proxy_minus_matched_random_od_oc,patient,label_quality,gon_label=GON- | quality_group=low,43,2,0.046511627906976744,-0.5224546145794214,-0.5186909222975373,0.4576556347624019,-0.6563995967766121,-0.39200122380509006,not_supported,ConvNeXtTiny,sigma12_dil7,gaussian_noise,12.0,7,GON-,low
perturbation_sensitivity,od_oc_proxy_minus_matched_random_od_oc,od_oc_proxy_minus_matched_random_od_oc,patient,label_quality,gon_label=GON- | quality_group=medium,55,2,0.03636363636363636,-0.4250203672113319,-0.28145837783813477,0.4129144533134253,-0.536413540623418,-0.3181881706656433,not_supported,ConvNeXtTiny,sigma12_dil7,gaussian_noise,12.0,7,GON-,medium
perturbation_sensitivity,od_oc_proxy_minus_matched_random_od_oc,od_oc_proxy_minus_matched_random_od_oc,patient,label_quality,gon_label=GON+ | quality_group=high,91,24,0.26373626373626374,-0.3369939960382764,-0.3014286528341472,0.45917965935110266,-0.4280705296534114,-0.24290862016143042,not_supported,ConvNeXtTiny,sigma12_dil7,mean_fill,12.0,7,GON+,high
perturbation_sensitivity,od_oc_proxy_minus_matched_random_od_oc,od_oc_proxy_minus_matched_random_od_oc,patient,label_quality,gon_label=GON+ | quality_group=low,116,25,0.21551724137931033,-0.3499760134225548,-0.4131220527924597,0.491884732886305,-0.44051969049425266,-0.26402822776277,not_supported,ConvNeXtTiny,sigma12_dil7,mean_fill,12.0,7,GON+,low
perturbation_sensitivity,od_oc_proxy_minus_matched_random_od_oc,od_oc_proxy_minus_matched_random_od_oc,patient,label_quality,gon_label=GON+ | quality_group=medium,105,26,0.24761904761904763,-0.33486890067749486,-0.30968952924013127,0.4677247916074336,-0.4220026970056702,-0.24538207295097159,not_supported,ConvNeXtTiny,sigma12_dil7,mean_fill,12.0,7,GON+,medium
perturbation_sensitivity,od_oc_proxy_minus_matched_random_od_oc,od_oc_proxy_minus_matched_random_od_oc,patient,label_quality,gon_label=GON- | quality_group=high,48,17,0.3541666666666667,-0.24547583462703593,-0.17895141988992697,0.5467706405560211,-0.4047135190426641,-0.09302850901931443,not_supported,ConvNeXtTiny,sigma12_dil7,mean_fill,12.0,7,GON-,high
perturbation_sensitivity,od_oc_proxy_minus_matched_random_od_oc,od_oc_proxy_minus_matched_random_od_oc,patient,label_quality,gon_label=GON- | quality_group=low,43,13,0.3023255813953488,-0.2864232073527176,-0.10764834284782415,0.5103190016772573,-0.43919394485423846,-0.13315884192833086,not_supported,ConvNeXtTiny,sigma12_dil7,mean_fill,12.0,7,GON-,low
perturbation_sensitivity,od_oc_proxy_minus_matched_random_od_oc,od_oc_proxy_minus_matched_random_od_oc,patient,label_quality,gon_label=GON- | quality_group=medium,55,12,0.21818181818181817,-0.37274218310358814,-0.3830922739434753,0.5035081938276359,-0.508833658850804,-0.24113624737504655,not_supported,ConvNeXtTiny,sigma12_dil7,mean_fill,12.0,7,GON-,medium
perturbation_sensitivity,od_oc_proxy_minus_matched_random_od_oc,od_oc_proxy_minus_matched_random_od_oc,patient,label_quality,gon_label=GON+ | quality_group=high,91,79,0.8681318681318682,0.2795258150897031,0.2032480947673321,0.33463832574820535,0.21584459678240267,0.351841582879962,supported,ConvNeXtTiny,sigma4_dil0,blur,4.0,0,GON+,high
perturbation_sensitivity,od_oc_proxy_minus_matched_random_od_oc,od_oc_proxy_minus_matched_random_od_oc,patient,label_quality,gon_label=GON+ | quality_group=low,116,92,0.7931034482758621,0.30390964688265476,0.139714976772666,0.37148165593773064,0.23646557441186838,0.3707020618420912,supported,ConvNeXtTiny,sigma4_dil0,blur,4.0,0,GON+,low
perturbation_sensitivity,od_oc_proxy_minus_matched_random_od_oc,od_oc_proxy_minus_matched_random_od_oc,patient,label_quality,gon_label=GON+ | quality_group=medium,105,93,0.8857142857142857,0.3274466005922259,0.1974926609545946,0.3660517383883915,0.2583497700491183,0.3968899611868928,supported,ConvNeXtTiny,sigma4_dil0,blur,4.0,0,GON+,medium
perturbation_sensitivity,od_oc_proxy_minus_matched_random_od_oc,od_oc_proxy_minus_matched_random_od_oc,patient,label_quality,gon_label=GON- | quality_group=high,48,36,0.75,0.3544405812351796,0.3521328291972168,0.46896036034919314,0.225098759800005,0.4891969297775914,supported,ConvNeXtTiny,sigma4_dil0,blur,4.0,0,GON-,high
perturbation_sensitivity,od_oc_proxy_minus_matched_random_od_oc,od_oc_proxy_minus_matched_random_od_oc,patient,label_quality,gon_label=GON- | quality_group=low,43,25,0.5813953488372093,0.22778486268609496,0.005201795455832381,0.40887780233870913,0.11145244070471934,0.3528403202788309,supported,ConvNeXtTiny,sigma4_dil0,blur,4.0,0,GON-,low
perturbation_sensitivity,od_oc_proxy_minus_matched_random_od_oc,od_oc_proxy_minus_matched_random_od_oc,patient,label_quality,gon_label=GON- | quality_group=medium,55,34,0.6181818181818182,0.27678575193931465,0.0253485441207885,0.36500531885622484,0.1839644352020216,0.37491205662669314,supported,ConvNeXtTiny,sigma4_dil0,blur,4.0,0,GON-,medium
perturbation_sensitivity,od_oc_proxy_minus_matched_random_od_oc,od_oc_proxy_minus_matched_random_od_oc,patient,label_quality,gon_label=GON+ | quality_group=high,91,44,0.4835164835164835,0.005870027280115293,-6.5565109252929704e-06,0.3783470251476731,-0.07323833560486681,0.08628346513345556,directional_only,ConvNeXtTiny,sigma4_dil0,gaussian_noise,4.0,0,GON+,high
perturbation_sensitivity,od_oc_proxy_minus_matched_random_od_oc,od_oc_proxy_minus_matched_random_od_oc,patient,label_quality,gon_label=GON+ | quality_group=low,116,68,0.5862068965517241,0.02717938720074979,0.00064049474895,0.47793324076153343,-0.060251148169389576,0.11008596632219225,directional_only,ConvNeXtTiny,sigma4_dil0,gaussian_noise,4.0,0,GON+,low
perturbation_sensitivity,od_oc_proxy_minus_matched_random_od_oc,od_oc_proxy_minus_matched_random_od_oc,patient,label_quality,gon_label=GON+ | quality_group=medium,105,65,0.6190476190476191,0.051971805250417925,0.0016101002693177,0.41918779247788407,-0.02842101228307139,0.1279669967103591,directional_only,ConvNeXtTiny,sigma4_dil0,gaussian_noise,4.0,0,GON+,medium
perturbation_sensitivity,od_oc_proxy_minus_matched_random_od_oc,od_oc_proxy_minus_matched_random_od_oc,patient,label_quality,gon_label=GON- | quality_group=high,48,14,0.2916666666666667,-0.2322613004904623,-0.019958398057496947,0.39357237958314256,-0.3386454593982576,-0.12235637768142589,not_supported,ConvNeXtTiny,sigma4_dil0,gaussian_noise,4.0,0,GON-,high
perturbation_sensitivity,od_oc_proxy_minus_matched_random_od_oc,od_oc_proxy_minus_matched_random_od_oc,patient,label_quality,gon_label=GON- | quality_group=low,43,10,0.23255813953488372,-0.2563832575653874,-0.06803375482559204,0.4829776724183696,-0.40678164515705584,-0.12081412825522911,not_supported,ConvNeXtTiny,sigma4_dil0,gaussian_noise,4.0,0,GON-,low
perturbation_sensitivity,od_oc_proxy_minus_matched_random_od_oc,od_oc_proxy_minus_matched_random_od_oc,patient,label_quality,gon_label=GON- | quality_group=medium,55,16,0.2909090909090909,-0.25362265958675295,-0.024727960022573745,0.4579924475085172,-0.36328836689378446,-0.13243520070782164,not_supported,ConvNeXtTiny,sigma4_dil0,gaussian_noise,4.0,0,GON-,medium
perturbation_sensitivity,od_oc_proxy_minus_matched_random_od_oc,od_oc_proxy_minus_matched_random_od_oc,patient,label_quality,gon_label=GON+ | quality_group=high,91,64,0.7032967032967034,0.246739348887343,0.1657538036815822,0.47823687847577434,0.14427354674495693,0.3381795411213675,supported,ConvNeXtTiny,sigma4_dil0,mean_fill,4.0,0,GON+,high
perturbation_sensitivity,od_oc_proxy_minus_matched_random_od_oc,od_oc_proxy_minus_matched_random_od_oc,patient,label_quality,gon_label=GON+ | quality_group=low,116,66,0.5689655172413793,0.08937588688496916,0.001557797193527211,0.48908298393211064,-0.004976690905239631,0.17819003339261308,directional_only,ConvNeXtTiny,sigma4_dil0,mean_fill,4.0,0,GON+,low
perturbation_sensitivity,od_oc_proxy_minus_matched_random_od_oc,od_oc_proxy_minus_matched_random_od_oc,patient,label_quality,gon_label=GON+ | quality_group=medium,105,63,0.6,0.0871453500812021,0.003488045185804336,0.4595545644211665,-0.001913577191682072,0.1778248741673939,directional_only,ConvNeXtTiny,sigma4_dil0,mean_fill,4.0,0,GON+,medium
perturbation_sensitivity,od_oc_proxy_minus_matched_random_od_oc,od_oc_proxy_minus_matched_random_od_oc,patient,label_quality,gon_label=GON- | quality_group=high,48,25,0.5208333333333334,0.12641645745878172,0.0010924343278019709,0.5950487707643273,-0.03537446269120151,0.2805071196432935,directional_only,ConvNeXtTiny,sigma4_dil0,mean_fill,4.0,0,GON-,high
perturbation_sensitivity,od_oc_proxy_minus_matched_random_od_oc,od_oc_proxy_minus_matched_random_od_oc,patient,label_quality,gon_label=GON- | quality_group=low,43,21,0.4883720930232558,-0.01227463134569535,-8.621066808700562e-05,0.44218148424011616,-0.14216205157848635,0.11518780172854619,not_supported,ConvNeXtTiny,sigma4_dil0,mean_fill,4.0,0,GON-,low
perturbation_sensitivity,od_oc_proxy_minus_matched_random_od_oc,od_oc_proxy_minus_matched_random_od_oc,patient,label_quality,gon_label=GON- | quality_group=medium,55,23,0.41818181818181815,-0.0042864754833841,-0.003849737346172298,0.4821841027944852,-0.13357952609324894,0.1216088681771606,not_supported,ConvNeXtTiny,sigma4_dil0,mean_fill,4.0,0,GON-,medium
perturbation_sensitivity,od_oc_proxy_minus_matched_random_od_oc,od_oc_proxy_minus_matched_random_od_oc,patient,label_quality,gon_label=GON+ | quality_group=high,91,86,0.945054945054945,0.6541921562998142,0.8969012762536295,0.3847500545971072,0.5732874958711267,0.7325008483020957,supported,ConvNeXtTiny,sigma4_dil14,blur,4.0,14,GON+,high
perturbation_sensitivity,od_oc_proxy_minus_matched_random_od_oc,od_oc_proxy_minus_matched_random_od_oc,patient,label_quality,gon_label=GON+ | quality_group=low,116,96,0.8275862068965517,0.5533775034363388,0.5696481216698885,0.3944285592770297,0.480850631354088,0.6257034823833809,supported,ConvNeXtTiny,sigma4_dil14,blur,4.0,14,GON+,low
perturbation_sensitivity,od_oc_proxy_minus_matched_random_od_oc,od_oc_proxy_minus_matched_random_od_oc,patient,label_quality,gon_label=GON+ | quality_group=medium,105,94,0.8952380952380953,0.5923171964782403,0.7094774292781949,0.4078635647260874,0.5177477978271169,0.6709788720762174,supported,ConvNeXtTiny,sigma4_dil14,blur,4.0,14,GON+,medium
perturbation_sensitivity,od_oc_proxy_minus_matched_random_od_oc,od_oc_proxy_minus_matched_random_od_oc,patient,label_quality,gon_label=GON- | quality_group=high,48,38,0.7916666666666666,0.5478220521422182,0.6969433692283928,0.4225407486469272,0.42833490011484804,0.6622888601220913,supported,ConvNeXtTiny,sigma4_dil14,blur,4.0,14,GON-,high
perturbation_sensitivity,od_oc_proxy_minus_matched_random_od_oc,od_oc_proxy_minus_matched_random_od_oc,patient,label_quality,gon_label=GON- | quality_group=low,43,25,0.5813953488372093,0.31783601380168897,0.012753361836075701,0.39389049423311917,0.20454841093216686,0.43453898729476986,supported,ConvNeXtTiny,sigma4_dil14,blur,4.0,14,GON-,low
perturbation_sensitivity,od_oc_proxy_minus_matched_random_od_oc,od_oc_proxy_minus_matched_random_od_oc,patient,label_quality,gon_label=GON- | quality_group=medium,55,39,0.7090909090909091,0.40622139562721277,0.4380148563068359,0.3847850724937113,0.29936800826330795,0.5102995629969146,supported,ConvNeXtTiny,sigma4_dil14,blur,4.0,14,GON-,medium
perturbation_sensitivity,od_oc_proxy_minus_matched_random_od_oc,od_oc_proxy_minus_matched_random_od_oc,patient,label_quality,gon_label=GON+ | quality_group=high,91,5,0.054945054945054944,-0.4177009382047628,-0.35159011495610076,0.4376085828152219,-0.5100881126009371,-0.3272051374426893,not_supported,ConvNeXtTiny,sigma4_dil14,gaussian_noise,4.0,14,GON+,high
perturbation_sensitivity,od_oc_proxy_minus_matched_random_od_oc,od_oc_proxy_minus_matched_random_od_oc,patient,label_quality,gon_label=GON+ | quality_group=low,116,13,0.11206896551724138,-0.5575809710165638,-0.6955452129089583,0.436423206627163,-0.6349114659899275,-0.47364575365666856,not_supported,ConvNeXtTiny,sigma4_dil14,gaussian_noise,4.0,14,GON+,low
perturbation_sensitivity,od_oc_proxy_minus_matched_random_od_oc,od_oc_proxy_minus_matched_random_od_oc,patient,label_quality,gon_label=GON+ | quality_group=medium,105,14,0.13333333333333333,-0.510076553911956,-0.49143549799919123,0.4263333512682182,-0.5897186380027069,-0.4279799345536082,not_supported,ConvNeXtTiny,sigma4_dil14,gaussian_noise,4.0,14,GON+,medium
perturbation_sensitivity,od_oc_proxy_minus_matched_random_od_oc,od_oc_proxy_minus_matched_random_od_oc,patient,label_quality,gon_label=GON- | quality_group=high,48,3,0.0625,-0.40432139838325537,-0.32216444114844006,0.46114769154832774,-0.5293217865141755,-0.28357983268601006,not_supported,ConvNeXtTiny,sigma4_dil14,gaussian_noise,4.0,14,GON-,high
perturbation_sensitivity,od_oc_proxy_minus_matched_random_od_oc,od_oc_proxy_minus_matched_random_od_oc,patient,label_quality,gon_label=GON- | quality_group=low,43,3,0.06976744186046512,-0.5631479908430307,-0.6797143183648586,0.4206084863501545,-0.679282997695582,-0.44161145676611724,not_supported,ConvNeXtTiny,sigma4_dil14,gaussian_noise,4.0,14,GON-,low
perturbation_sensitivity,od_oc_proxy_minus_matched_random_od_oc,od_oc_proxy_minus_matched_random_od_oc,patient,label_quality,gon_label=GON- | quality_group=medium,55,5,0.09090909090909091,-0.5387765049257227,-0.7239511492662132,0.4709325490038672,-0.6543758406950971,-0.4129288417952783,not_supported,ConvNeXtTiny,sigma4_dil14,gaussian_noise,4.0,14,GON-,medium
perturbation_sensitivity,od_oc_proxy_minus_matched_random_od_oc,od_oc_proxy_minus_matched_random_od_oc,patient,label_quality,gon_label=GON+ | quality_group=high,91,9,0.0989010989010989,-0.6235301726187592,-0.7735116258481867,0.40485910916643264,-0.7037868445808635,-0.5417621365392582,not_supported,ConvNeXtTiny,sigma4_dil14,mean_fill,4.0,14,GON+,high
perturbation_sensitivity,od_oc_proxy_minus_matched_random_od_oc,od_oc_proxy_minus_matched_random_od_oc,patient,label_quality,gon_label=GON+ | quality_group=low,116,13,0.11206896551724138,-0.5740003597145037,-0.7513159061782062,0.44895145078493465,-0.6512112381356412,-0.492428015032177,not_supported,ConvNeXtTiny,sigma4_dil14,mean_fill,4.0,14,GON+,low
perturbation_sensitivity,od_oc_proxy_minus_matched_random_od_oc,od_oc_proxy_minus_matched_random_od_oc,patient,label_quality,gon_label=GON+ | quality_group=medium,105,12,0.11428571428571428,-0.615092993193388,-0.7903685528784989,0.411726747986011,-0.6922278697119442,-0.5369855916740595,not_supported,ConvNeXtTiny,sigma4_dil14,mean_fill,4.0,14,GON+,medium
perturbation_sensitivity,od_oc_proxy_minus_matched_random_od_oc,od_oc_proxy_minus_matched_random_od_oc,patient,label_quality,gon_label=GON- | quality_group=high,48,13,0.2708333333333333,-0.35072185703888353,-0.15757676959037784,0.514782412983548,-0.5013518012333634,-0.20370833691763196,not_supported,ConvNeXtTiny,sigma4_dil14,mean_fill,4.0,14,GON-,high
perturbation_sensitivity,od_oc_proxy_minus_matched_random_od_oc,od_oc_proxy_minus_matched_random_od_oc,patient,label_quality,gon_label=GON- | quality_group=low,43,8,0.18604651162790697,-0.45611671822383826,-0.483463273383677,0.4921363784648857,-0.5884294314324845,-0.30556240983017685,not_supported,ConvNeXtTiny,sigma4_dil14,mean_fill,4.0,14,GON-,low
perturbation_sensitivity,od_oc_proxy_minus_matched_random_od_oc,od_oc_proxy_minus_matched_random_od_oc,patient,label_quality,gon_label=GON- | quality_group=medium,55,6,0.10909090909090909,-0.4751688584789394,-0.4889193647541106,0.4601611742735018,-0.5854031123810406,-0.3551112974469839,not_supported,ConvNeXtTiny,sigma4_dil14,mean_fill,4.0,14,GON-,medium
perturbation_sensitivity,od_oc_proxy_minus_matched_random_od_oc,od_oc_proxy_minus_matched_random_od_oc,patient,label_quality,gon_label=GON+ | quality_group=high,91,86,0.945054945054945,0.586689479001299,0.6487974040210247,0.37727343981374417,0.5072615950872471,0.6598720446275781,supported,ConvNeXtTiny,sigma4_dil7,blur,4.0,7,GON+,high
perturbation_sensitivity,od_oc_proxy_minus_matched_random_od_oc,od_oc_proxy_minus_matched_random_od_oc,patient,label_quality,gon_label=GON+ | quality_group=low,116,96,0.8275862068965517,0.5267730711347004,0.5682946085087679,0.4093061633202437,0.4528522632199209,0.6001921762171152,supported,ConvNeXtTiny,sigma4_dil7,blur,4.0,7,GON+,low
perturbation_sensitivity,od_oc_proxy_minus_matched_random_od_oc,od_oc_proxy_minus_matched_random_od_oc,patient,label_quality,gon_label=GON+ | quality_group=medium,105,97,0.9238095238095239,0.5735100185477552,0.6948386430740356,0.3997653754739943,0.496800945942625,0.6450974468372142,supported,ConvNeXtTiny,sigma4_dil7,blur,4.0,7,GON+,medium
perturbation_sensitivity,od_oc_proxy_minus_matched_random_od_oc,od_oc_proxy_minus_matched_random_od_oc,patient,label_quality,gon_label=GON- | quality_group=high,48,37,0.7708333333333334,0.4716476378265308,0.5996334386260667,0.5183968136359496,0.3189782235583446,0.6155279589264075,supported,ConvNeXtTiny,sigma4_dil7,blur,4.0,7,GON-,high
perturbation_sensitivity,od_oc_proxy_minus_matched_random_od_oc,od_oc_proxy_minus_matched_random_od_oc,patient,label_quality,gon_label=GON- | quality_group=low,43,26,0.6046511627906976,0.28383644929915114,0.0220569986850023,0.4074298679376996,0.16755331971381504,0.4096147835514573,supported,ConvNeXtTiny,sigma4_dil7,blur,4.0,7,GON-,low
perturbation_sensitivity,od_oc_proxy_minus_matched_random_od_oc,od_oc_proxy_minus_matched_random_od_oc,patient,label_quality,gon_label=GON- | quality_group=medium,55,40,0.7272727272727273,0.33439901614001977,0.19110576435923582,0.360873618401855,0.23829888450278652,0.42894698872326675,supported,ConvNeXtTiny,sigma4_dil7,blur,4.0,7,GON-,medium
perturbation_sensitivity,od_oc_proxy_minus_matched_random_od_oc,od_oc_proxy_minus_matched_random_od_oc,patient,label_quality,gon_label=GON+ | quality_group=high,91,8,0.08791208791208792,-0.32107194895048274,-0.142761468887329,0.4389330338145876,-0.4150349043457101,-0.22688938641575482,not_supported,ConvNeXtTiny,sigma4_dil7,gaussian_noise,4.0,7,GON+,high
perturbation_sensitivity,od_oc_proxy_minus_matched_random_od_oc,od_oc_proxy_minus_matched_random_od_oc,patient,label_quality,gon_label=GON+ | quality_group=low,116,17,0.14655172413793102,-0.4276946007706488,-0.46763848792761553,0.4573220194263797,-0.5116509786458803,-0.347533608317513,not_supported,ConvNeXtTiny,sigma4_dil7,gaussian_noise,4.0,7,GON+,low
perturbation_sensitivity,od_oc_proxy_minus_matched_random_od_oc,od_oc_proxy_minus_matched_random_od_oc,patient,label_quality,gon_label=GON+ | quality_group=medium,105,17,0.1619047619047619,-0.3532059812292442,-0.2139370441436767,0.3944613548890728,-0.42974577386650864,-0.2790403031823776,not_supported,ConvNeXtTiny,sigma4_dil7,gaussian_noise,4.0,7,GON+,medium
perturbation_sensitivity,od_oc_proxy_minus_matched_random_od_oc,od_oc_proxy_minus_matched_random_od_oc,patient,label_quality,gon_label=GON- | quality_group=high,48,6,0.125,-0.41558105833997333,-0.33958329147814453,0.42301659158934757,-0.537619306965418,-0.30314588479036414,not_supported,ConvNeXtTiny,sigma4_dil7,gaussian_noise,4.0,7,GON-,high
perturbation_sensitivity,od_oc_proxy_minus_matched_random_od_oc,od_oc_proxy_minus_matched_random_od_oc,patient,label_quality,gon_label=GON- | quality_group=low,43,2,0.046511627906976744,-0.5775659096915089,-0.8918800428509712,0.42639278201366093,-0.706227201362507,-0.44897581208853693,not_supported,ConvNeXtTiny,sigma4_dil7,gaussian_noise,4.0,7,GON-,low
perturbation_sensitivity,od_oc_proxy_minus_matched_random_od_oc,od_oc_proxy_minus_matched_random_od_oc,patient,label_quality,gon_label=GON- | quality_group=medium,55,1,0.01818181818181818,-0.4730259618245272,-0.49982546858609567,0.38793131262607594,-0.5759278870883507,-0.36985041236071947,not_supported,ConvNeXtTiny,sigma4_dil7,gaussian_noise,4.0,7,GON-,medium
perturbation_sensitivity,od_oc_proxy_minus_matched_random_od_oc,od_oc_proxy_minus_matched_random_od_oc,patient,label_quality,gon_label=GON+ | quality_group=high,91,28,0.3076923076923077,-0.30970247545464435,-0.3457095064222813,0.48773196008711733,-0.40391504755141366,-0.20483854374313315,not_supported,ConvNeXtTiny,sigma4_dil7,mean_fill,4.0,7,GON+,high
perturbation_sensitivity,od_oc_proxy_minus_matched_random_od_oc,od_oc_proxy_minus_matched_random_od_oc,patient,label_quality,gon_label=GON+ | quality_group=low,116,25,0.21551724137931033,-0.3940086902329616,-0.41222091228701174,0.4932405041923059,-0.47770322140550936,-0.3044467306752298,not_supported,ConvNeXtTiny,sigma4_dil7,mean_fill,4.0,7,GON+,low
perturbation_sensitivity,od_oc_proxy_minus_matched_random_od_oc,od_oc_proxy_minus_matched_random_od_oc,patient,label_quality,gon_label=GON+ | quality_group=medium,105,23,0.21904761904761905,-0.3250131556616159,-0.2603121204301715,0.46004900984969954,-0.40894444182692746,-0.2318562498771908,not_supported,ConvNeXtTiny,sigma4_dil7,mean_fill,4.0,7,GON+,medium
perturbation_sensitivity,od_oc_proxy_minus_matched_random_od_oc,od_oc_proxy_minus_matched_random_od_oc,patient,label_quality,gon_label=GON- | quality_group=high,48,18,0.375,-0.20767242306349468,-0.12542335626979673,0.5307484754222733,-0.35345441763224317,-0.05589534199017443,not_supported,ConvNeXtTiny,sigma4_dil7,mean_fill,4.0,7,GON-,high
perturbation_sensitivity,od_oc_proxy_minus_matched_random_od_oc,od_oc_proxy_minus_matched_random_od_oc,patient,label_quality,gon_label=GON- | quality_group=low,43,13,0.3023255813953488,-0.23951989524695902,-0.10541340615600331,0.5088792176030416,-0.3918938933200099,-0.0836288647002728,not_supported,ConvNeXtTiny,sigma4_dil7,mean_fill,4.0,7,GON-,low
perturbation_sensitivity,od_oc_proxy_minus_matched_random_od_oc,od_oc_proxy_minus_matched_random_od_oc,patient,label_quality,gon_label=GON- | quality_group=medium,55,7,0.12727272727272726,-0.3766804795422076,-0.34365508402697736,0.47985761084390033,-0.4922489600005704,-0.24576383250184974,not_supported,ConvNeXtTiny,sigma4_dil7,mean_fill,4.0,7,GON-,medium
perturbation_sensitivity,od_oc_proxy_minus_matched_random_od_oc,od_oc_proxy_minus_matched_random_od_oc,patient,label_quality,gon_label=GON+ | quality_group=high,91,72,0.7912087912087912,0.25277528151076367,0.07346332073211664,0.4097685033905478,0.16737994919241553,0.3346808824350275,supported,ConvNeXtTiny,sigma8_dil0,blur,8.0,0,GON+,high
perturbation_sensitivity,od_oc_proxy_minus_matched_random_od_oc,od_oc_proxy_minus_matched_random_od_oc,patient,label_quality,gon_label=GON+ | quality_group=low,116,94,0.8103448275862069,0.34504212295908987,0.2525151409790851,0.390371742889723,0.27396732861125017,0.4165521492985004,supported,ConvNeXtTiny,sigma8_dil0,blur,8.0,0,GON+,low
perturbation_sensitivity,od_oc_proxy_minus_matched_random_od_oc,od_oc_proxy_minus_matched_random_od_oc,patient,label_quality,gon_label=GON+ | quality_group=medium,105,87,0.8285714285714286,0.323846552859542,0.16187004473249544,0.4006582850774219,0.24995253682946764,0.3985609550355149,supported,ConvNeXtTiny,sigma8_dil0,blur,8.0,0,GON+,medium
perturbation_sensitivity,od_oc_proxy_minus_matched_random_od_oc,od_oc_proxy_minus_matched_random_od_oc,patient,label_quality,gon_label=GON- | quality_group=high,48,39,0.8125,0.356112243318143,0.3499434143304825,0.4343025754796045,0.23771679023756778,0.4770629375932792,supported,ConvNeXtTiny,sigma8_dil0,blur,8.0,0,GON-,high
perturbation_sensitivity,od_oc_proxy_minus_matched_random_od_oc,od_oc_proxy_minus_matched_random_od_oc,patient,label_quality,gon_label=GON- | quality_group=low,43,26,0.6046511627906976,0.20907830602262165,0.007562765178590721,0.4345562717150526,0.08141020727487369,0.34496638807521307,supported,ConvNeXtTiny,sigma8_dil0,blur,8.0,0,GON-,low
perturbation_sensitivity,od_oc_proxy_minus_matched_random_od_oc,od_oc_proxy_minus_matched_random_od_oc,patient,label_quality,gon_label=GON- | quality_group=medium,55,34,0.6181818181818182,0.252554639008706,0.07558221928775316,0.4162505328853306,0.15542173098384013,0.36160267406079727,supported,ConvNeXtTiny,sigma8_dil0,blur,8.0,0,GON-,medium
perturbation_sensitivity,od_oc_proxy_minus_matched_random_od_oc,od_oc_proxy_minus_matched_random_od_oc,patient,label_quality,gon_label=GON+ | quality_group=high,91,45,0.4945054945054945,0.018640660433115346,-4.649162292480469e-06,0.38997383790435064,-0.05843814043947181,0.09861231932498427,directional_only,ConvNeXtTiny,sigma8_dil0,gaussian_noise,8.0,0,GON+,high
perturbation_sensitivity,od_oc_proxy_minus_matched_random_od_oc,od_oc_proxy_minus_matched_random_od_oc,patient,label_quality,gon_label=GON+ | quality_group=low,116,60,0.5172413793103449,-0.02991512967362242,0.00011151935905216686,0.41916131245338867,-0.10646915101502034,0.044616238834281924,not_supported,ConvNeXtTiny,sigma8_dil0,gaussian_noise,8.0,0,GON+,low
perturbation_sensitivity,od_oc_proxy_minus_matched_random_od_oc,od_oc_proxy_minus_matched_random_od_oc,patient,label_quality,gon_label=GON+ | quality_group=medium,105,64,0.6095238095238096,0.07482996551344095,0.00064390897750845,0.42135987967772115,-0.010259626173307668,0.1558915084782508,directional_only,ConvNeXtTiny,sigma8_dil0,gaussian_noise,8.0,0,GON+,medium
perturbation_sensitivity,od_oc_proxy_minus_matched_random_od_oc,od_oc_proxy_minus_matched_random_od_oc,patient,label_quality,gon_label=GON- | quality_group=high,48,12,0.25,-0.21755454405883434,-0.016801708010461852,0.3801611233941101,-0.32620634235430795,-0.11817234634961742,not_supported,ConvNeXtTiny,sigma8_dil0,gaussian_noise,8.0,0,GON-,high
perturbation_sensitivity,od_oc_proxy_minus_matched_random_od_oc,od_oc_proxy_minus_matched_random_od_oc,patient,label_quality,gon_label=GON- | quality_group=low,43,13,0.3023255813953488,-0.23578296097362317,-0.02971088141202923,0.46409073673298823,-0.3652474739013637,-0.09992908261333805,not_supported,ConvNeXtTiny,sigma8_dil0,gaussian_noise,8.0,0,GON-,low
perturbation_sensitivity,od_oc_proxy_minus_matched_random_od_oc,od_oc_proxy_minus_matched_random_od_oc,patient,label_quality,gon_label=GON- | quality_group=medium,55,16,0.2909090909090909,-0.2032195424003999,-0.04594389301928449,0.47999930480160785,-0.32905442710811317,-0.07242602126741132,not_supported,ConvNeXtTiny,sigma8_dil0,gaussian_noise,8.0,0,GON-,medium
perturbation_sensitivity,od_oc_proxy_minus_matched_random_od_oc,od_oc_proxy_minus_matched_random_od_oc,patient,label_quality,gon_label=GON+ | quality_group=high,91,61,0.6703296703296703,0.1961894070969343,0.12431934755295515,0.49470038024153157,0.09710112916024298,0.2963395531376086,supported,ConvNeXtTiny,sigma8_dil0,mean_fill,8.0,0,GON+,high
perturbation_sensitivity,od_oc_proxy_minus_matched_random_od_oc,od_oc_proxy_minus_matched_random_od_oc,patient,label_quality,gon_label=GON+ | quality_group=low,116,61,0.5258620689655172,0.05811366666020014,0.0003719730302691354,0.47002085975927255,-0.022160401240503065,0.14393603565804913,directional_only,ConvNeXtTiny,sigma8_dil0,mean_fill,8.0,0,GON+,low
perturbation_sensitivity,od_oc_proxy_minus_matched_random_od_oc,od_oc_proxy_minus_matched_random_od_oc,patient,label_quality,gon_label=GON+ | quality_group=medium,105,59,0.5619047619047619,0.06408581789109295,0.0015307068824767,0.42229609935837004,-0.019598714733216806,0.1417413771296469,directional_only,ConvNeXtTiny,sigma8_dil0,mean_fill,8.0,0,GON+,medium
perturbation_sensitivity,od_oc_proxy_minus_matched_random_od_oc,od_oc_proxy_minus_matched_random_od_oc,patient,label_quality,gon_label=GON- | quality_group=high,48,25,0.5208333333333334,0.15691153240043657,0.0032648284295646417,0.5808107482332062,-0.011459239748925936,0.3130004498192723,directional_only,ConvNeXtTiny,sigma8_dil0,mean_fill,8.0,0,GON-,high
perturbation_sensitivity,od_oc_proxy_minus_matched_random_od_oc,od_oc_proxy_minus_matched_random_od_oc,patient,label_quality,gon_label=GON- | quality_group=low,43,21,0.4883720930232558,0.06746596729795401,-1.3329088687896729e-05,0.43932675772681806,-0.0556954258994517,0.19358864015232946,directional_only,ConvNeXtTiny,sigma8_dil0,mean_fill,8.0,0,GON-,low
perturbation_sensitivity,od_oc_proxy_minus_matched_random_od_oc,od_oc_proxy_minus_matched_random_od_oc,patient,label_quality,gon_label=GON- | quality_group=medium,55,29,0.5272727272727272,0.004388028290536159,0.0005497429519890629,0.5261965584868779,-0.12721110849025893,0.14008262014024664,directional_only,ConvNeXtTiny,sigma8_dil0,mean_fill,8.0,0,GON-,medium
perturbation_sensitivity,od_oc_proxy_minus_matched_random_od_oc,od_oc_proxy_minus_matched_random_od_oc,patient,label_quality,gon_label=GON+ | quality_group=high,91,86,0.945054945054945,0.6606018752143107,0.8835696349851787,0.3765186262553482,0.5834008220978667,0.7321272950407577,supported,ConvNeXtTiny,sigma8_dil14,blur,8.0,14,GON+,high
perturbation_sensitivity,od_oc_proxy_minus_matched_random_od_oc,od_oc_proxy_minus_matched_random_od_oc,patient,label_quality,gon_label=GON+ | quality_group=low,116,101,0.8706896551724138,0.548913142473554,0.5954299035171668,0.4039044930949844,0.4744456723138562,0.619948235034389,supported,ConvNeXtTiny,sigma8_dil14,blur,8.0,14,GON+,low
perturbation_sensitivity,od_oc_proxy_minus_matched_random_od_oc,od_oc_proxy_minus_matched_random_od_oc,patient,label_quality,gon_label=GON+ | quality_group=medium,105,93,0.8857142857142857,0.5738031154030361,0.7513829944655299,0.40966493026806544,0.49694552843193374,0.6511739437395321,supported,ConvNeXtTiny,sigma8_dil14,blur,8.0,14,GON+,medium
perturbation_sensitivity,od_oc_proxy_minus_matched_random_od_oc,od_oc_proxy_minus_matched_random_od_oc,patient,label_quality,gon_label=GON- | quality_group=high,48,34,0.7083333333333334,0.5155807887803248,0.7062959768809378,0.46056484401499853,0.3940697733998674,0.6486240977282447,supported,ConvNeXtTiny,sigma8_dil14,blur,8.0,14,GON-,high
perturbation_sensitivity,od_oc_proxy_minus_matched_random_od_oc,od_oc_proxy_minus_matched_random_od_oc,patient,label_quality,gon_label=GON- | quality_group=low,43,25,0.5813953488372093,0.3237342282936456,0.008294224739074707,0.41630494707293847,0.20442025837259026,0.4483993938598825,supported,ConvNeXtTiny,sigma8_dil14,blur,8.0,14,GON-,low
perturbation_sensitivity,od_oc_proxy_minus_matched_random_od_oc,od_oc_proxy_minus_matched_random_od_oc,patient,label_quality,gon_label=GON- | quality_group=medium,55,41,0.7454545454545455,0.3901848426167293,0.29133075766731065,0.40855502931955207,0.2841561805822855,0.5004619183194352,supported,ConvNeXtTiny,sigma8_dil14,blur,8.0,14,GON-,medium
perturbation_sensitivity,od_oc_proxy_minus_matched_random_od_oc,od_oc_proxy_minus_matched_random_od_oc,patient,label_quality,gon_label=GON+ | quality_group=high,91,7,0.07692307692307693,-0.39735968847908526,-0.2796912646626879,0.414797615291832,-0.48556217068697816,-0.3165150385781584,not_supported,ConvNeXtTiny,sigma8_dil14,gaussian_noise,8.0,14,GON+,high
perturbation_sensitivity,od_oc_proxy_minus_matched_random_od_oc,od_oc_proxy_minus_matched_random_od_oc,patient,label_quality,gon_label=GON+ | quality_group=low,116,8,0.06896551724137931,-0.5800067373497275,-0.7651497493032366,0.43340581817468554,-0.6562816421161835,-0.5002399320021841,not_supported,ConvNeXtTiny,sigma8_dil14,gaussian_noise,8.0,14,GON+,low
perturbation_sensitivity,od_oc_proxy_minus_matched_random_od_oc,od_oc_proxy_minus_matched_random_od_oc,patient,label_quality,gon_label=GON+ | quality_group=medium,105,6,0.05714285714285714,-0.5438393867344011,-0.6153936183545738,0.42628077758879973,-0.6230147021982688,-0.45740537029790734,not_supported,ConvNeXtTiny,sigma8_dil14,gaussian_noise,8.0,14,GON+,medium
perturbation_sensitivity,od_oc_proxy_minus_matched_random_od_oc,od_oc_proxy_minus_matched_random_od_oc,patient,label_quality,gon_label=GON- | quality_group=high,48,6,0.125,-0.4179450658269211,-0.3239992782473564,0.4290911334451963,-0.5354376785103313,-0.2969507410323767,not_supported,ConvNeXtTiny,sigma8_dil14,gaussian_noise,8.0,14,GON-,high
perturbation_sensitivity,od_oc_proxy_minus_matched_random_od_oc,od_oc_proxy_minus_matched_random_od_oc,patient,label_quality,gon_label=GON- | quality_group=low,43,1,0.023255813953488372,-0.6052376951057066,-0.935032494366169,0.4440629199091586,-0.7276734901112504,-0.46310947169628036,not_supported,ConvNeXtTiny,sigma8_dil14,gaussian_noise,8.0,14,GON-,low
perturbation_sensitivity,od_oc_proxy_minus_matched_random_od_oc,od_oc_proxy_minus_matched_random_od_oc,patient,label_quality,gon_label=GON- | quality_group=medium,55,1,0.01818181818181818,-0.5506424437804801,-0.6813964806497097,0.42349591177523194,-0.6603867635147682,-0.44041541157850705,not_supported,ConvNeXtTiny,sigma8_dil14,gaussian_noise,8.0,14,GON-,medium
perturbation_sensitivity,od_oc_proxy_minus_matched_random_od_oc,od_oc_proxy_minus_matched_random_od_oc,patient,label_quality,gon_label=GON+ | quality_group=high,91,13,0.14285714285714285,-0.6157898650365944,-0.8055673986673356,0.4126674848080771,-0.6978827421207218,-0.5298039021596971,not_supported,ConvNeXtTiny,sigma8_dil14,mean_fill,8.0,14,GON+,high
perturbation_sensitivity,od_oc_proxy_minus_matched_random_od_oc,od_oc_proxy_minus_matched_random_od_oc,patient,label_quality,gon_label=GON+ | quality_group=low,116,19,0.16379310344827586,-0.5145215768769467,-0.623471845096598,0.45299855750834217,-0.5924081050241399,-0.43231789421157596,not_supported,ConvNeXtTiny,sigma8_dil14,mean_fill,8.0,14,GON+,low
perturbation_sensitivity,od_oc_proxy_minus_matched_random_od_oc,od_oc_proxy_minus_matched_random_od_oc,patient,label_quality,gon_label=GON+ | quality_group=medium,105,13,0.12380952380952381,-0.5866984231088653,-0.8542411327362062,0.4853081137611655,-0.6739426907311814,-0.4926390886428526,not_supported,ConvNeXtTiny,sigma8_dil14,mean_fill,8.0,14,GON+,medium
perturbation_sensitivity,od_oc_proxy_minus_matched_random_od_oc,od_oc_proxy_minus_matched_random_od_oc,patient,label_quality,gon_label=GON- | quality_group=high,48,10,0.20833333333333334,-0.40132212567376274,-0.4857410490512848,0.572009331968431,-0.550729984215372,-0.2369064420664063,not_supported,ConvNeXtTiny,sigma8_dil14,mean_fill,8.0,14,GON-,high
perturbation_sensitivity,od_oc_proxy_minus_matched_random_od_oc,od_oc_proxy_minus_matched_random_od_oc,patient,label_quality,gon_label=GON- | quality_group=low,43,8,0.18604651162790697,-0.4784960150556249,-0.4869298515841365,0.4343996785721732,-0.6011404093835492,-0.350290939703768,not_supported,ConvNeXtTiny,sigma8_dil14,mean_fill,8.0,14,GON-,low
perturbation_sensitivity,od_oc_proxy_minus_matched_random_od_oc,od_oc_proxy_minus_matched_random_od_oc,patient,label_quality,gon_label=GON- | quality_group=medium,55,4,0.07272727272727272,-0.5368848236567856,-0.7465780973434448,0.4752177663240409,-0.6570350029621521,-0.40704989582215967,not_supported,ConvNeXtTiny,sigma8_dil14,mean_fill,8.0,14,GON-,medium
perturbation_sensitivity,od_oc_proxy_minus_matched_random_od_oc,od_oc_proxy_minus_matched_random_od_oc,patient,label_quality,gon_label=GON+ | quality_group=high,91,79,0.8681318681318682,0.5204534373926701,0.6055635168013396,0.40755926427186795,0.4335603905121662,0.6012938735856085,supported,ConvNeXtTiny,sigma8_dil7,blur,8.0,7,GON+,high
perturbation_sensitivity,od_oc_proxy_minus_matched_random_od_oc,od_oc_proxy_minus_matched_random_od_oc,patient,label_quality,gon_label=GON+ | quality_group=low,116,97,0.8362068965517241,0.4554973419446103,0.4866958279162645,0.40550549820998605,0.3813575501999361,0.5286370685177816,supported,ConvNeXtTiny,sigma8_dil7,blur,8.0,7,GON+,low
perturbation_sensitivity,od_oc_proxy_minus_matched_random_od_oc,od_oc_proxy_minus_matched_random_od_oc,patient,label_quality,gon_label=GON+ | quality_group=medium,105,91,0.8666666666666667,0.5173624293474818,0.4912639129906892,0.40898337868388723,0.4360904396187288,0.5949866423809823,supported,ConvNeXtTiny,sigma8_dil7,blur,8.0,7,GON+,medium
perturbation_sensitivity,od_oc_proxy_minus_matched_random_od_oc,od_oc_proxy_minus_matched_random_od_oc,patient,label_quality,gon_label=GON- | quality_group=high,48,35,0.7291666666666666,0.420637581744207,0.45924397790804494,0.5076816369038654,0.2765526228917787,0.5607816644311802,supported,ConvNeXtTiny,sigma8_dil7,blur,8.0,7,GON-,high
perturbation_sensitivity,od_oc_proxy_minus_matched_random_od_oc,od_oc_proxy_minus_matched_random_od_oc,patient,label_quality,gon_label=GON- | quality_group=low,43,26,0.6046511627906976,0.27051181834276367,0.0023112629860406247,0.39838432324694845,0.1563124996466074,0.3922628281964217,supported,ConvNeXtTiny,sigma8_dil7,blur,8.0,7,GON-,low
perturbation_sensitivity,od_oc_proxy_minus_matched_random_od_oc,od_oc_proxy_minus_matched_random_od_oc,patient,label_quality,gon_label=GON- | quality_group=medium,55,38,0.6909090909090909,0.317997887283976,0.2237219810485839,0.405017985246758,0.21009122365425026,0.42558109256544746,supported,ConvNeXtTiny,sigma8_dil7,blur,8.0,7,GON-,medium
perturbation_sensitivity,od_oc_proxy_minus_matched_random_od_oc,od_oc_proxy_minus_matched_random_od_oc,patient,label_quality,gon_label=GON+ | quality_group=high,91,9,0.0989010989010989,-0.33549206021747463,-0.0980657359784042,0.3922342391512259,-0.41740472920468463,-0.2547482449300131,not_supported,ConvNeXtTiny,sigma8_dil7,gaussian_noise,8.0,7,GON+,high
perturbation_sensitivity,od_oc_proxy_minus_matched_random_od_oc,od_oc_proxy_minus_matched_random_od_oc,patient,label_quality,gon_label=GON+ | quality_group=low,116,16,0.13793103448275862,-0.4538281191532729,-0.4792844015173614,0.45579293560411993,-0.5388853077157495,-0.3710548405972213,not_supported,ConvNeXtTiny,sigma8_dil7,gaussian_noise,8.0,7,GON+,low
perturbation_sensitivity,od_oc_proxy_minus_matched_random_od_oc,od_oc_proxy_minus_matched_random_od_oc,patient,label_quality,gon_label=GON+ | quality_group=medium,105,16,0.1523809523809524,-0.3845279243789528,-0.3232775914172331,0.41909218280814214,-0.46402702429102577,-0.30641508543026225,not_supported,ConvNeXtTiny,sigma8_dil7,gaussian_noise,8.0,7,GON+,medium
perturbation_sensitivity,od_oc_proxy_minus_matched_random_od_oc,od_oc_proxy_minus_matched_random_od_oc,patient,label_quality,gon_label=GON- | quality_group=high,48,2,0.041666666666666664,-0.41721040449048513,-0.3353968667797744,0.41055039368203117,-0.5357055583762341,-0.30360639346143903,not_supported,ConvNeXtTiny,sigma8_dil7,gaussian_noise,8.0,7,GON-,high
perturbation_sensitivity,od_oc_proxy_minus_matched_random_od_oc,od_oc_proxy_minus_matched_random_od_oc,patient,label_quality,gon_label=GON- | quality_group=low,43,4,0.09302325581395349,-0.5479578139642568,-0.5918763298541306,0.41958211109088633,-0.6692169377175634,-0.42716516888925726,not_supported,ConvNeXtTiny,sigma8_dil7,gaussian_noise,8.0,7,GON-,low
perturbation_sensitivity,od_oc_proxy_minus_matched_random_od_oc,od_oc_proxy_minus_matched_random_od_oc,patient,label_quality,gon_label=GON- | quality_group=medium,55,3,0.05454545454545454,-0.5340773263987075,-0.5302456567684809,0.43353411861861224,-0.6466349634384787,-0.4212234549054566,not_supported,ConvNeXtTiny,sigma8_dil7,gaussian_noise,8.0,7,GON-,medium
perturbation_sensitivity,od_oc_proxy_minus_matched_random_od_oc,od_oc_proxy_minus_matched_random_od_oc,patient,label_quality,gon_label=GON+ | quality_group=high,91,23,0.25274725274725274,-0.3428930289225625,-0.34489912725985056,0.46626267027767304,-0.4362099664890076,-0.24638476050499583,not_supported,ConvNeXtTiny,sigma8_dil7,mean_fill,8.0,7,GON+,high
perturbation_sensitivity,od_oc_proxy_minus_matched_random_od_oc,od_oc_proxy_minus_matched_random_od_oc,patient,label_quality,gon_label=GON+ | quality_group=low,116,29,0.25,-0.33967697218899273,-0.3382511146987478,0.5137193517414755,-0.4320613239528849,-0.2480792140977538,not_supported,ConvNeXtTiny,sigma8_dil7,mean_fill,8.0,7,GON+,low
perturbation_sensitivity,od_oc_proxy_minus_matched_random_od_oc,od_oc_proxy_minus_matched_random_od_oc,patient,label_quality,gon_label=GON+ | quality_group=medium,105,27,0.2571428571428571,-0.32126618602978274,-0.25742601230740547,0.487542970432553,-0.4181827283706745,-0.22799635855038905,not_supported,ConvNeXtTiny,sigma8_dil7,mean_fill,8.0,7,GON+,medium
perturbation_sensitivity,od_oc_proxy_minus_matched_random_od_oc,od_oc_proxy_minus_matched_random_od_oc,patient,label_quality,gon_label=GON- | quality_group=high,48,15,0.3125,-0.22904583530955355,-0.17363706201876994,0.5597331479953099,-0.3837966033268168,-0.07097525622100109,not_supported,ConvNeXtTiny,sigma8_dil7,mean_fill,8.0,7,GON-,high
perturbation_sensitivity,od_oc_proxy_minus_matched_random_od_oc,od_oc_proxy_minus_matched_random_od_oc,patient,label_quality,gon_label=GON- | quality_group=low,43,12,0.27906976744186046,-0.21757164300330725,-0.0625469870865345,0.5308294299884548,-0.37380735002322135,-0.0617559681897631,not_supported,ConvNeXtTiny,sigma8_dil7,mean_fill,8.0,7,GON-,low
perturbation_sensitivity,od_oc_proxy_minus_matched_random_od_oc,od_oc_proxy_minus_matched_random_od_oc,patient,label_quality,gon_label=GON- | quality_group=medium,55,9,0.16363636363636364,-0.4670335653895039,-0.4821293791756034,0.44535702750010897,-0.5827160819912762,-0.34738579003588355,not_supported,ConvNeXtTiny,sigma8_dil7,mean_fill,8.0,7,GON-,medium
perturbation_sensitivity,od_oc_proxy_minus_matched_random_od_oc,od_oc_proxy_minus_matched_random_od_oc,patient,label_quality,gon_label=GON+ | quality_group=high,91,52,0.5714285714285714,0.06810710785675196,0.03196687429044687,0.36564297304434623,-0.009496320111706726,0.14068155526466364,directional_only,EfficientNetB0,sigma12_dil0,blur,12.0,0,GON+,high
perturbation_sensitivity,od_oc_proxy_minus_matched_random_od_oc,od_oc_proxy_minus_matched_random_od_oc,patient,label_quality,gon_label=GON+ | quality_group=low,116,63,0.5431034482758621,0.06829987938129473,7.934079621918826e-05,0.3346469869394976,0.009099727182665574,0.12828648528448675,supported,EfficientNetB0,sigma12_dil0,blur,12.0,0,GON+,low
perturbation_sensitivity,od_oc_proxy_minus_matched_random_od_oc,od_oc_proxy_minus_matched_random_od_oc,patient,label_quality,gon_label=GON+ | quality_group=medium,105,53,0.5047619047619047,0.017471288319423964,5.0067901611328125e-06,0.3393138710426758,-0.04762231775276539,0.08306798316192347,directional_only,EfficientNetB0,sigma12_dil0,blur,12.0,0,GON+,medium
perturbation_sensitivity,od_oc_proxy_minus_matched_random_od_oc,od_oc_proxy_minus_matched_random_od_oc,patient,label_quality,gon_label=GON- | quality_group=high,48,15,0.3125,-0.06781236874258956,-0.040558324402809334,0.31807990800995445,-0.15283360402446236,0.023050926097829803,not_supported,EfficientNetB0,sigma12_dil0,blur,12.0,0,GON-,high
perturbation_sensitivity,od_oc_proxy_minus_matched_random_od_oc,od_oc_proxy_minus_matched_random_od_oc,patient,label_quality,gon_label=GON- | quality_group=low,43,8,0.18604651162790697,-0.12254805241295054,-0.041218693368136904,0.22145255975931166,-0.18996941486485502,-0.05940657762104331,not_supported,EfficientNetB0,sigma12_dil0,blur,12.0,0,GON-,low
perturbation_sensitivity,od_oc_proxy_minus_matched_random_od_oc,od_oc_proxy_minus_matched_random_od_oc,patient,label_quality,gon_label=GON- | quality_group=medium,55,17,0.3090909090909091,-0.11620857291410677,-0.00743268697988245,0.2526468581871978,-0.18237005498634523,-0.04618301640238301,not_supported,EfficientNetB0,sigma12_dil0,blur,12.0,0,GON-,medium
perturbation_sensitivity,od_oc_proxy_minus_matched_random_od_oc,od_oc_proxy_minus_matched_random_od_oc,patient,label_quality,gon_label=GON+ | quality_group=high,91,46,0.5054945054945055,0.005505001566386047,0.00030147563666100066,0.3416089732920952,-0.06756224107489249,0.07251695781471025,directional_only,EfficientNetB0,sigma12_dil0,gaussian_noise,12.0,0,GON+,high
perturbation_sensitivity,od_oc_proxy_minus_matched_random_od_oc,od_oc_proxy_minus_matched_random_od_oc,patient,label_quality,gon_label=GON+ | quality_group=low,116,52,0.4482758620689655,0.01670705177615114,-0.015190423377134705,0.3806106430202491,-0.054368938225188373,0.08733204132331561,directional_only,EfficientNetB0,sigma12_dil0,gaussian_noise,12.0,0,GON+,low
perturbation_sensitivity,od_oc_proxy_minus_matched_random_od_oc,od_oc_proxy_minus_matched_random_od_oc,patient,label_quality,gon_label=GON+ | quality_group=medium,105,40,0.38095238095238093,-0.0837354551527635,-0.0543834769632666,0.3789421540487958,-0.15725749849538692,-0.012195180512978186,not_supported,EfficientNetB0,sigma12_dil0,gaussian_noise,12.0,0,GON+,medium
perturbation_sensitivity,od_oc_proxy_minus_matched_random_od_oc,od_oc_proxy_minus_matched_random_od_oc,patient,label_quality,gon_label=GON- | quality_group=high,48,14,0.2916666666666667,-0.08462248822265661,-0.05423122229694842,0.2796593359307569,-0.16329210499367147,-0.0027233055800983483,not_supported,EfficientNetB0,sigma12_dil0,gaussian_noise,12.0,0,GON-,high
perturbation_sensitivity,od_oc_proxy_minus_matched_random_od_oc,od_oc_proxy_minus_matched_random_od_oc,patient,label_quality,gon_label=GON- | quality_group=low,43,10,0.23255813953488372,-0.1252531234333637,-0.0570800718560349,0.3154485033899554,-0.21712741255582932,-0.02786449986820835,not_supported,EfficientNetB0,sigma12_dil0,gaussian_noise,12.0,0,GON-,low
perturbation_sensitivity,od_oc_proxy_minus_matched_random_od_oc,od_oc_proxy_minus_matched_random_od_oc,patient,label_quality,gon_label=GON- | quality_group=medium,55,8,0.14545454545454545,-0.1613665537907543,-0.09054748062044371,0.28237912974350426,-0.23726021910417314,-0.09024991408938844,not_supported,EfficientNetB0,sigma12_dil0,gaussian_noise,12.0,0,GON-,medium
perturbation_sensitivity,od_oc_proxy_minus_matched_random_od_oc,od_oc_proxy_minus_matched_random_od_oc,patient,label_quality,gon_label=GON+ | quality_group=high,91,67,0.7362637362637363,0.24934394597725587,0.1966619631275535,0.33298190145337214,0.18206411316963853,0.31866863342117463,supported,EfficientNetB0,sigma12_dil0,mean_fill,12.0,0,GON+,high
perturbation_sensitivity,od_oc_proxy_minus_matched_random_od_oc,od_oc_proxy_minus_matched_random_od_oc,patient,label_quality,gon_label=GON+ | quality_group=low,116,77,0.6637931034482759,0.17776474423193625,0.0813118014484644,0.34750993375742395,0.11477279129876378,0.2451023738979965,supported,EfficientNetB0,sigma12_dil0,mean_fill,12.0,0,GON+,low
perturbation_sensitivity,od_oc_proxy_minus_matched_random_od_oc,od_oc_proxy_minus_matched_random_od_oc,patient,label_quality,gon_label=GON+ | quality_group=medium,105,64,0.6095238095238096,0.1339729133213386,0.013062477111816378,0.31110320827610893,0.07576657033384965,0.19256540778649409,supported,EfficientNetB0,sigma12_dil0,mean_fill,12.0,0,GON+,medium
perturbation_sensitivity,od_oc_proxy_minus_matched_random_od_oc,od_oc_proxy_minus_matched_random_od_oc,patient,label_quality,gon_label=GON- | quality_group=high,48,25,0.5208333333333334,0.06215436914332254,0.0112952939234674,0.22419939031793196,-0.00018506139443255805,0.1259390578873213,directional_only,EfficientNetB0,sigma12_dil0,mean_fill,12.0,0,GON-,high
perturbation_sensitivity,od_oc_proxy_minus_matched_random_od_oc,od_oc_proxy_minus_matched_random_od_oc,patient,label_quality,gon_label=GON- | quality_group=low,43,19,0.4418604651162791,0.009801368207473378,-0.002274039552275909,0.28204331719881076,-0.07225360983396656,0.0940083037326016,directional_only,EfficientNetB0,sigma12_dil0,mean_fill,12.0,0,GON-,low
perturbation_sensitivity,od_oc_proxy_minus_matched_random_od_oc,od_oc_proxy_minus_matched_random_od_oc,patient,label_quality,gon_label=GON- | quality_group=medium,55,26,0.4727272727272727,0.015784528178630304,-6.72505939292023e-06,0.21890646094846286,-0.04158539552234923,0.07446996419484984,directional_only,EfficientNetB0,sigma12_dil0,mean_fill,12.0,0,GON-,medium
perturbation_sensitivity,od_oc_proxy_minus_matched_random_od_oc,od_oc_proxy_minus_matched_random_od_oc,patient,label_quality,gon_label=GON+ | quality_group=high,91,42,0.46153846153846156,-0.022567183325593737,-0.0255095503525808,0.4365253300520538,-0.10898815711623171,0.06207680156978503,not_supported,EfficientNetB0,sigma12_dil14,blur,12.0,14,GON+,high
perturbation_sensitivity,od_oc_proxy_minus_matched_random_od_oc,od_oc_proxy_minus_matched_random_od_oc,patient,label_quality,gon_label=GON+ | quality_group=low,116,56,0.4827586206896552,0.0026636219856978117,-0.011004433820449576,0.3769986528067622,-0.06779142388106424,0.0725138287678483,directional_only,EfficientNetB0,sigma12_dil14,blur,12.0,14,GON+,low
perturbation_sensitivity,od_oc_proxy_minus_matched_random_od_oc,od_oc_proxy_minus_matched_random_od_oc,patient,label_quality,gon_label=GON+ | quality_group=medium,105,45,0.42857142857142855,-0.0809355680702266,-0.0591482243617064,0.4455127225447639,-0.16671375596288288,0.0060294506286754255,not_supported,EfficientNetB0,sigma12_dil14,blur,12.0,14,GON+,medium
perturbation_sensitivity,od_oc_proxy_minus_matched_random_od_oc,od_oc_proxy_minus_matched_random_od_oc,patient,label_quality,gon_label=GON- | quality_group=high,48,11,0.22916666666666666,-0.21546113657169597,-0.18294964235974476,0.3341870652961575,-0.3045138147995143,-0.12043460133236836,not_supported,EfficientNetB0,sigma12_dil14,blur,12.0,14,GON-,high
perturbation_sensitivity,od_oc_proxy_minus_matched_random_od_oc,od_oc_proxy_minus_matched_random_od_oc,patient,label_quality,gon_label=GON- | quality_group=low,43,12,0.27906976744186046,-0.21086307696458562,-0.09814841478795695,0.3099529943137664,-0.30720476981772726,-0.12304058584782329,not_supported,EfficientNetB0,sigma12_dil14,blur,12.0,14,GON-,low
perturbation_sensitivity,od_oc_proxy_minus_matched_random_od_oc,od_oc_proxy_minus_matched_random_od_oc,patient,label_quality,gon_label=GON- | quality_group=medium,55,6,0.10909090909090909,-0.27716482491765204,-0.1908610854297876,0.32920818445957606,-0.36153572961740466,-0.1866774764874331,not_supported,EfficientNetB0,sigma12_dil14,blur,12.0,14,GON-,medium
perturbation_sensitivity,od_oc_proxy_minus_matched_random_od_oc,od_oc_proxy_minus_matched_random_od_oc,patient,label_quality,gon_label=GON+ | quality_group=high,91,37,0.4065934065934066,-0.047347620551151784,-0.06086330031287295,0.4359327746133862,-0.1335405386240013,0.04264182387926731,not_supported,EfficientNetB0,sigma12_dil14,gaussian_noise,12.0,14,GON+,high
perturbation_sensitivity,od_oc_proxy_minus_matched_random_od_oc,od_oc_proxy_minus_matched_random_od_oc,patient,label_quality,gon_label=GON+ | quality_group=low,116,50,0.43103448275862066,-0.024945376120578306,-0.03519219953875564,0.4066922429230099,-0.09549604599531426,0.050137983910044225,not_supported,EfficientNetB0,sigma12_dil14,gaussian_noise,12.0,14,GON+,low
perturbation_sensitivity,od_oc_proxy_minus_matched_random_od_oc,od_oc_proxy_minus_matched_random_od_oc,patient,label_quality,gon_label=GON+ | quality_group=medium,105,43,0.4095238095238095,-0.0779295197435023,-0.0850878544151782,0.4375903946026702,-0.1613263105433554,0.0017989741954062344,not_supported,EfficientNetB0,sigma12_dil14,gaussian_noise,12.0,14,GON+,medium
perturbation_sensitivity,od_oc_proxy_minus_matched_random_od_oc,od_oc_proxy_minus_matched_random_od_oc,patient,label_quality,gon_label=GON- | quality_group=high,48,11,0.22916666666666666,-0.13246789757753039,-0.11473095929250121,0.28333873514126423,-0.21370848911561202,-0.0559977220039466,not_supported,EfficientNetB0,sigma12_dil14,gaussian_noise,12.0,14,GON-,high
perturbation_sensitivity,od_oc_proxy_minus_matched_random_od_oc,od_oc_proxy_minus_matched_random_od_oc,patient,label_quality,gon_label=GON- | quality_group=low,43,10,0.23255813953488372,-0.16659918397069995,-0.07909913384355609,0.388649390032468,-0.2787585939667817,-0.05404582821352447,not_supported,EfficientNetB0,sigma12_dil14,gaussian_noise,12.0,14,GON-,low
perturbation_sensitivity,od_oc_proxy_minus_matched_random_od_oc,od_oc_proxy_minus_matched_random_od_oc,patient,label_quality,gon_label=GON- | quality_group=medium,55,15,0.2727272727272727,-0.15063527828222825,-0.10003113851416856,0.3472497144994991,-0.24110522237528556,-0.06035882084182266,not_supported,EfficientNetB0,sigma12_dil14,gaussian_noise,12.0,14,GON-,medium
perturbation_sensitivity,od_oc_proxy_minus_matched_random_od_oc,od_oc_proxy_minus_matched_random_od_oc,patient,label_quality,gon_label=GON+ | quality_group=high,91,72,0.7912087912087912,0.24742839114844128,0.2102227493664942,0.3664659356369786,0.17070647158939314,0.32428656389723776,supported,EfficientNetB0,sigma12_dil14,mean_fill,12.0,14,GON+,high
perturbation_sensitivity,od_oc_proxy_minus_matched_random_od_oc,od_oc_proxy_minus_matched_random_od_oc,patient,label_quality,gon_label=GON+ | quality_group=low,116,62,0.5344827586206896,0.09156981798661146,0.021871099666213888,0.365562927874761,0.026443862477317094,0.1555103417548087,supported,EfficientNetB0,sigma12_dil14,mean_fill,12.0,14,GON+,low
perturbation_sensitivity,od_oc_proxy_minus_matched_random_od_oc,od_oc_proxy_minus_matched_random_od_oc,patient,label_quality,gon_label=GON+ | quality_group=medium,105,64,0.6095238095238096,0.14860454578666096,0.12147915363311762,0.37997439356333007,0.07702608743621753,0.21501976633446776,supported,EfficientNetB0,sigma12_dil14,mean_fill,12.0,14,GON+,medium
perturbation_sensitivity,od_oc_proxy_minus_matched_random_od_oc,od_oc_proxy_minus_matched_random_od_oc,patient,label_quality,gon_label=GON- | quality_group=high,48,24,0.5,0.003285324017384373,-6.06639205216013e-05,0.268856575797675,-0.07049545125793573,0.07467634312203295,directional_only,EfficientNetB0,sigma12_dil14,mean_fill,12.0,14,GON-,high
perturbation_sensitivity,od_oc_proxy_minus_matched_random_od_oc,od_oc_proxy_minus_matched_random_od_oc,patient,label_quality,gon_label=GON- | quality_group=low,43,21,0.4883720930232558,0.04152148548496965,-0.0010699127451517,0.31598927495176715,-0.05122638872252111,0.13955589569302176,directional_only,EfficientNetB0,sigma12_dil14,mean_fill,12.0,14,GON-,low
perturbation_sensitivity,od_oc_proxy_minus_matched_random_od_oc,od_oc_proxy_minus_matched_random_od_oc,patient,label_quality,gon_label=GON- | quality_group=medium,55,28,0.509090909090909,-0.00025909358686454297,0.0034501701593399985,0.2976761030850496,-0.07442600875007238,0.07864440194565245,not_supported,EfficientNetB0,sigma12_dil14,mean_fill,12.0,14,GON-,medium
perturbation_sensitivity,od_oc_proxy_minus_matched_random_od_oc,od_oc_proxy_minus_matched_random_od_oc,patient,label_quality,gon_label=GON+ | quality_group=high,91,43,0.4725274725274725,-0.0010619427929890238,-0.0029809385305271004,0.42214408779806456,-0.08555038285682397,0.08681415661018885,not_supported,EfficientNetB0,sigma12_dil7,blur,12.0,7,GON+,high
perturbation_sensitivity,od_oc_proxy_minus_matched_random_od_oc,od_oc_proxy_minus_matched_random_od_oc,patient,label_quality,gon_label=GON+ | quality_group=low,116,55,0.47413793103448276,-0.00514763534549878,-0.004717819027064274,0.40926635335648304,-0.07717018775652548,0.06893469676433171,not_supported,EfficientNetB0,sigma12_dil7,blur,12.0,7,GON+,low
perturbation_sensitivity,od_oc_proxy_minus_matched_random_od_oc,od_oc_proxy_minus_matched_random_od_oc,patient,label_quality,gon_label=GON+ | quality_group=medium,105,43,0.4095238095238095,-0.05095760175656518,-0.0357782348291949,0.38889508438285647,-0.12410715227635778,0.0204899166654024,not_supported,EfficientNetB0,sigma12_dil7,blur,12.0,7,GON+,medium
perturbation_sensitivity,od_oc_proxy_minus_matched_random_od_oc,od_oc_proxy_minus_matched_random_od_oc,patient,label_quality,gon_label=GON- | quality_group=high,48,14,0.2916666666666667,-0.14046323122409946,-0.04390321970887297,0.32290467970398895,-0.23508586996642017,-0.052615016255050544,not_supported,EfficientNetB0,sigma12_dil7,blur,12.0,7,GON-,high
perturbation_sensitivity,od_oc_proxy_minus_matched_random_od_oc,od_oc_proxy_minus_matched_random_od_oc,patient,label_quality,gon_label=GON- | quality_group=low,43,10,0.23255813953488372,-0.16055079761679908,-0.0865010968409477,0.26439523172065127,-0.24196265918110918,-0.08527552740537864,not_supported,EfficientNetB0,sigma12_dil7,blur,12.0,7,GON-,low
perturbation_sensitivity,od_oc_proxy_minus_matched_random_od_oc,od_oc_proxy_minus_matched_random_od_oc,patient,label_quality,gon_label=GON- | quality_group=medium,55,12,0.21818181818181817,-0.24062723357920052,-0.05762872096966015,0.3105546460686453,-0.3225266901604001,-0.15855984397094663,not_supported,EfficientNetB0,sigma12_dil7,blur,12.0,7,GON-,medium
perturbation_sensitivity,od_oc_proxy_minus_matched_random_od_oc,od_oc_proxy_minus_matched_random_od_oc,patient,label_quality,gon_label=GON+ | quality_group=high,91,34,0.37362637362637363,-0.012842668458336204,-0.0441961466785869,0.4174033766990126,-0.09375818240223949,0.07144124220909452,not_supported,EfficientNetB0,sigma12_dil7,gaussian_noise,12.0,7,GON+,high
perturbation_sensitivity,od_oc_proxy_minus_matched_random_od_oc,od_oc_proxy_minus_matched_random_od_oc,patient,label_quality,gon_label=GON+ | quality_group=low,116,48,0.41379310344827586,-0.022850555103334343,-0.04446195109359502,0.4282754400601575,-0.09588550782385416,0.05485287730712751,not_supported,EfficientNetB0,sigma12_dil7,gaussian_noise,12.0,7,GON+,low
perturbation_sensitivity,od_oc_proxy_minus_matched_random_od_oc,od_oc_proxy_minus_matched_random_od_oc,patient,label_quality,gon_label=GON+ | quality_group=medium,105,40,0.38095238095238093,-0.08693984761139677,-0.0961253326968289,0.42090847765124506,-0.16213095067409966,-0.00993026226160284,not_supported,EfficientNetB0,sigma12_dil7,gaussian_noise,12.0,7,GON+,medium
perturbation_sensitivity,od_oc_proxy_minus_matched_random_od_oc,od_oc_proxy_minus_matched_random_od_oc,patient,label_quality,gon_label=GON- | quality_group=high,48,13,0.2708333333333333,-0.08651109070371499,-0.0818035559277632,0.3115303319802362,-0.16952823026589564,0.0016318493891700266,not_supported,EfficientNetB0,sigma12_dil7,gaussian_noise,12.0,7,GON-,high
perturbation_sensitivity,od_oc_proxy_minus_matched_random_od_oc,od_oc_proxy_minus_matched_random_od_oc,patient,label_quality,gon_label=GON- | quality_group=low,43,12,0.27906976744186046,-0.09808043331679558,-0.06156530417501929,0.3481057233099548,-0.2033072506707156,0.007629646002432087,not_supported,EfficientNetB0,sigma12_dil7,gaussian_noise,12.0,7,GON-,low
perturbation_sensitivity,od_oc_proxy_minus_matched_random_od_oc,od_oc_proxy_minus_matched_random_od_oc,patient,label_quality,gon_label=GON- | quality_group=medium,55,15,0.2727272727272727,-0.15432251331526872,-0.06952077150344849,0.32903729555657657,-0.24238653346430727,-0.06508483358257205,not_supported,EfficientNetB0,sigma12_dil7,gaussian_noise,12.0,7,GON-,medium
perturbation_sensitivity,od_oc_proxy_minus_matched_random_od_oc,od_oc_proxy_minus_matched_random_od_oc,patient,label_quality,gon_label=GON+ | quality_group=high,91,76,0.8351648351648352,0.29158040138600666,0.27702852998239297,0.35914312130696,0.2220428402582638,0.36365592503923844,supported,EfficientNetB0,sigma12_dil7,mean_fill,12.0,7,GON+,high
perturbation_sensitivity,od_oc_proxy_minus_matched_random_od_oc,od_oc_proxy_minus_matched_random_od_oc,patient,label_quality,gon_label=GON+ | quality_group=low,116,79,0.6810344827586207,0.14431151000419726,0.09403273608040762,0.3633998544265572,0.07574274776169748,0.20714458898172297,supported,EfficientNetB0,sigma12_dil7,mean_fill,12.0,7,GON+,low
perturbation_sensitivity,od_oc_proxy_minus_matched_random_od_oc,od_oc_proxy_minus_matched_random_od_oc,patient,label_quality,gon_label=GON+ | quality_group=medium,105,68,0.6476190476190476,0.17639249528603662,0.0386361582204699,0.35981450092216893,0.10819989649782516,0.24146779243552463,supported,EfficientNetB0,sigma12_dil7,mean_fill,12.0,7,GON+,medium
perturbation_sensitivity,od_oc_proxy_minus_matched_random_od_oc,od_oc_proxy_minus_matched_random_od_oc,patient,label_quality,gon_label=GON- | quality_group=high,48,28,0.5833333333333334,0.07345447567679779,0.01635238040762485,0.31747326731004594,-0.020213862163151818,0.15831422757449917,directional_only,EfficientNetB0,sigma12_dil7,mean_fill,12.0,7,GON-,high
perturbation_sensitivity,od_oc_proxy_minus_matched_random_od_oc,od_oc_proxy_minus_matched_random_od_oc,patient,label_quality,gon_label=GON- | quality_group=low,43,23,0.5348837209302325,0.04005829497785715,0.008005479350686046,0.2976834925096819,-0.048294384487249764,0.12800386189724774,directional_only,EfficientNetB0,sigma12_dil7,mean_fill,12.0,7,GON-,low
perturbation_sensitivity,od_oc_proxy_minus_matched_random_od_oc,od_oc_proxy_minus_matched_random_od_oc,patient,label_quality,gon_label=GON- | quality_group=medium,55,28,0.509090909090909,0.024699129878951516,6.486313182563208e-05,0.3031421272910527,-0.0538488223021002,0.10769534557848759,directional_only,EfficientNetB0,sigma12_dil7,mean_fill,12.0,7,GON-,medium
perturbation_sensitivity,od_oc_proxy_minus_matched_random_od_oc,od_oc_proxy_minus_matched_random_od_oc,patient,label_quality,gon_label=GON+ | quality_group=high,91,51,0.5604395604395604,0.04224356850013517,0.008565485477447466,0.29662226969972205,-0.01679342873541475,0.10351618677036964,directional_only,EfficientNetB0,sigma4_dil0,blur,4.0,0,GON+,high
perturbation_sensitivity,od_oc_proxy_minus_matched_random_od_oc,od_oc_proxy_minus_matched_random_od_oc,patient,label_quality,gon_label=GON+ | quality_group=low,116,66,0.5689655172413793,0.049420807106700985,0.0012333989143370676,0.3171689066248264,-0.007999313424595507,0.1072399865763121,directional_only,EfficientNetB0,sigma4_dil0,blur,4.0,0,GON+,low
perturbation_sensitivity,od_oc_proxy_minus_matched_random_od_oc,od_oc_proxy_minus_matched_random_od_oc,patient,label_quality,gon_label=GON+ | quality_group=medium,105,52,0.49523809523809526,0.010467817562383323,-2.065894650765676e-06,0.2748259934278412,-0.043188282916943085,0.06119520343958759,directional_only,EfficientNetB0,sigma4_dil0,blur,4.0,0,GON+,medium
perturbation_sensitivity,od_oc_proxy_minus_matched_random_od_oc,od_oc_proxy_minus_matched_random_od_oc,patient,label_quality,gon_label=GON- | quality_group=high,48,19,0.3958333333333333,-0.008629329598072782,-0.004142016690419508,0.27938117714772853,-0.08269914304830343,0.07108630826353465,not_supported,EfficientNetB0,sigma4_dil0,blur,4.0,0,GON-,high
perturbation_sensitivity,od_oc_proxy_minus_matched_random_od_oc,od_oc_proxy_minus_matched_random_od_oc,patient,label_quality,gon_label=GON- | quality_group=low,43,13,0.3023255813953488,-0.08079681818996932,-0.013935946670244384,0.1839996101603902,-0.14104029903937745,-0.032857976856100785,not_supported,EfficientNetB0,sigma4_dil0,blur,4.0,0,GON-,low
perturbation_sensitivity,od_oc_proxy_minus_matched_random_od_oc,od_oc_proxy_minus_matched_random_od_oc,patient,label_quality,gon_label=GON- | quality_group=medium,55,20,0.36363636363636365,-0.11140238360786292,-0.00565792913437231,0.21350902597925908,-0.169093967364322,-0.0569522006097963,not_supported,EfficientNetB0,sigma4_dil0,blur,4.0,0,GON-,medium
perturbation_sensitivity,od_oc_proxy_minus_matched_random_od_oc,od_oc_proxy_minus_matched_random_od_oc,patient,label_quality,gon_label=GON+ | quality_group=high,91,42,0.46153846153846156,-0.019776136343878502,-0.03153340027465385,0.403062533273578,-0.10123179384428031,0.05829857762060248,not_supported,EfficientNetB0,sigma4_dil0,gaussian_noise,4.0,0,GON+,high
perturbation_sensitivity,od_oc_proxy_minus_matched_random_od_oc,od_oc_proxy_minus_matched_random_od_oc,patient,label_quality,gon_label=GON+ | quality_group=low,116,51,0.4396551724137931,-0.0008636728141204245,-0.009021466559109563,0.38204242775559244,-0.07074741900308215,0.06822821546616376,not_supported,EfficientNetB0,sigma4_dil0,gaussian_noise,4.0,0,GON+,low
perturbation_sensitivity,od_oc_proxy_minus_matched_random_od_oc,od_oc_proxy_minus_matched_random_od_oc,patient,label_quality,gon_label=GON+ | quality_group=medium,105,44,0.41904761904761906,-0.057505254447417366,-0.0246709971688688,0.3471964299839226,-0.12510732943471553,0.005778088747426845,not_supported,EfficientNetB0,sigma4_dil0,gaussian_noise,4.0,0,GON+,medium
perturbation_sensitivity,od_oc_proxy_minus_matched_random_od_oc,od_oc_proxy_minus_matched_random_od_oc,patient,label_quality,gon_label=GON- | quality_group=high,48,13,0.2708333333333333,-0.11554217482237156,-0.06466554180595802,0.24291222750596755,-0.18417715938987334,-0.04957064066293496,not_supported,EfficientNetB0,sigma4_dil0,gaussian_noise,4.0,0,GON-,high
perturbation_sensitivity,od_oc_proxy_minus_matched_random_od_oc,od_oc_proxy_minus_matched_random_od_oc,patient,label_quality,gon_label=GON- | quality_group=low,43,12,0.27906976744186046,-0.10600972241920871,-0.1053150714142247,0.31256793493375756,-0.19959516411600603,-0.008526028671820497,not_supported,EfficientNetB0,sigma4_dil0,gaussian_noise,4.0,0,GON-,low
perturbation_sensitivity,od_oc_proxy_minus_matched_random_od_oc,od_oc_proxy_minus_matched_random_od_oc,patient,label_quality,gon_label=GON- | quality_group=medium,55,13,0.23636363636363636,-0.19791213937222804,-0.07298102695494893,0.30443225489936865,-0.28204200667358387,-0.12036120926809739,not_supported,EfficientNetB0,sigma4_dil0,gaussian_noise,4.0,0,GON-,medium
perturbation_sensitivity,od_oc_proxy_minus_matched_random_od_oc,od_oc_proxy_minus_matched_random_od_oc,patient,label_quality,gon_label=GON+ | quality_group=high,91,69,0.7582417582417582,0.2448291546145007,0.24541002698242664,0.3489176629022183,0.17690189642771245,0.31696634729066386,supported,EfficientNetB0,sigma4_dil0,mean_fill,4.0,0,GON+,high
perturbation_sensitivity,od_oc_proxy_minus_matched_random_od_oc,od_oc_proxy_minus_matched_random_od_oc,patient,label_quality,gon_label=GON+ | quality_group=low,116,77,0.6637931034482759,0.13761063310348406,0.0584016092616365,0.3474446610391769,0.0770099186407956,0.1991607229246789,supported,EfficientNetB0,sigma4_dil0,mean_fill,4.0,0,GON+,low
perturbation_sensitivity,od_oc_proxy_minus_matched_random_od_oc,od_oc_proxy_minus_matched_random_od_oc,patient,label_quality,gon_label=GON+ | quality_group=medium,105,64,0.6095238095238096,0.15583986784147108,0.0654693963588214,0.3264953051692437,0.09562258496504235,0.21663280996154072,supported,EfficientNetB0,sigma4_dil0,mean_fill,4.0,0,GON+,medium
perturbation_sensitivity,od_oc_proxy_minus_matched_random_od_oc,od_oc_proxy_minus_matched_random_od_oc,patient,label_quality,gon_label=GON- | quality_group=high,48,22,0.4583333333333333,0.04625317613398145,-0.0002496665483919072,0.262992565199498,-0.026532981006540415,0.12151742224859469,directional_only,EfficientNetB0,sigma4_dil0,mean_fill,4.0,0,GON-,high
perturbation_sensitivity,od_oc_proxy_minus_matched_random_od_oc,od_oc_proxy_minus_matched_random_od_oc,patient,label_quality,gon_label=GON- | quality_group=low,43,19,0.4418604651162791,0.02271194547957962,-0.0013802142168942858,0.3313721410372302,-0.07357681713753897,0.12282496505725553,directional_only,EfficientNetB0,sigma4_dil0,mean_fill,4.0,0,GON-,low
perturbation_sensitivity,od_oc_proxy_minus_matched_random_od_oc,od_oc_proxy_minus_matched_random_od_oc,patient,label_quality,gon_label=GON- | quality_group=medium,55,25,0.45454545454545453,-0.022783501376579453,-0.000503329789353233,0.2802401448318759,-0.09593473716204565,0.05197207039752839,not_supported,EfficientNetB0,sigma4_dil0,mean_fill,4.0,0,GON-,medium
perturbation_sensitivity,od_oc_proxy_minus_matched_random_od_oc,od_oc_proxy_minus_matched_random_od_oc,patient,label_quality,gon_label=GON+ | quality_group=high,91,44,0.4835164835164835,0.09577778808867517,-0.0011755417799577013,0.39552565668951506,0.016012596089524857,0.18049009117601603,supported,EfficientNetB0,sigma4_dil14,blur,4.0,14,GON+,high
perturbation_sensitivity,od_oc_proxy_minus_matched_random_od_oc,od_oc_proxy_minus_matched_random_od_oc,patient,label_quality,gon_label=GON+ | quality_group=low,116,57,0.49137931034482757,0.045239355344108535,-6.610432555474743e-05,0.33260243130855804,-0.01617294512281782,0.10450754861289388,directional_only,EfficientNetB0,sigma4_dil14,blur,4.0,14,GON+,low
perturbation_sensitivity,od_oc_proxy_minus_matched_random_od_oc,od_oc_proxy_minus_matched_random_od_oc,patient,label_quality,gon_label=GON+ | quality_group=medium,105,41,0.3904761904761905,-0.008191315504008045,-0.0287868316518141,0.378649088792057,-0.08068104471790839,0.06331859725946597,not_supported,EfficientNetB0,sigma4_dil14,blur,4.0,14,GON+,medium
perturbation_sensitivity,od_oc_proxy_minus_matched_random_od_oc,od_oc_proxy_minus_matched_random_od_oc,patient,label_quality,gon_label=GON- | quality_group=high,48,13,0.2708333333333333,-0.058413926721157555,-0.036692259347461204,0.3106944474738411,-0.14075760391345843,0.033129740803619315,not_supported,EfficientNetB0,sigma4_dil14,blur,4.0,14,GON-,high
perturbation_sensitivity,od_oc_proxy_minus_matched_random_od_oc,od_oc_proxy_minus_matched_random_od_oc,patient,label_quality,gon_label=GON- | quality_group=low,43,7,0.16279069767441862,-0.1453280683670286,-0.0422885350417345,0.24585380991048497,-0.22324857892011568,-0.07491125015300582,not_supported,EfficientNetB0,sigma4_dil14,blur,4.0,14,GON-,low
perturbation_sensitivity,od_oc_proxy_minus_matched_random_od_oc,od_oc_proxy_minus_matched_random_od_oc,patient,label_quality,gon_label=GON- | quality_group=medium,55,13,0.23636363636363636,-0.14735140313524178,-0.08093695342540747,0.2702137674238568,-0.22067067122939446,-0.07972180581132086,not_supported,EfficientNetB0,sigma4_dil14,blur,4.0,14,GON-,medium
perturbation_sensitivity,od_oc_proxy_minus_matched_random_od_oc,od_oc_proxy_minus_matched_random_od_oc,patient,label_quality,gon_label=GON+ | quality_group=high,91,37,0.4065934065934066,-0.050804255234325794,-0.0636395439505576,0.4354132021358202,-0.14050826198053332,0.039276812719547693,not_supported,EfficientNetB0,sigma4_dil14,gaussian_noise,4.0,14,GON+,high
perturbation_sensitivity,od_oc_proxy_minus_matched_random_od_oc,od_oc_proxy_minus_matched_random_od_oc,patient,label_quality,gon_label=GON+ | quality_group=low,116,54,0.46551724137931033,0.0052845856958610325,-0.00783429053262805,0.36485910531960175,-0.0604601689479916,0.07135130338444208,directional_only,EfficientNetB0,sigma4_dil14,gaussian_noise,4.0,14,GON+,low
perturbation_sensitivity,od_oc_proxy_minus_matched_random_od_oc,od_oc_proxy_minus_matched_random_od_oc,patient,label_quality,gon_label=GON+ | quality_group=medium,105,34,0.3238095238095238,-0.10225980550485471,-0.08881573038769372,0.4021610126626321,-0.17845469747754447,-0.02681670524722205,not_supported,EfficientNetB0,sigma4_dil14,gaussian_noise,4.0,14,GON+,medium
perturbation_sensitivity,od_oc_proxy_minus_matched_random_od_oc,od_oc_proxy_minus_matched_random_od_oc,patient,label_quality,gon_label=GON- | quality_group=high,48,14,0.2916666666666667,-0.0379161261156282,-0.07146741449832913,0.36070920509102555,-0.13504360691679052,0.06924231589436361,not_supported,EfficientNetB0,sigma4_dil14,gaussian_noise,4.0,14,GON-,high
perturbation_sensitivity,od_oc_proxy_minus_matched_random_od_oc,od_oc_proxy_minus_matched_random_od_oc,patient,label_quality,gon_label=GON- | quality_group=low,43,11,0.2558139534883721,-0.153383788189441,-0.1048671826720237,0.3785714417193804,-0.26659531758820726,-0.04231951623158699,not_supported,EfficientNetB0,sigma4_dil14,gaussian_noise,4.0,14,GON-,low
perturbation_sensitivity,od_oc_proxy_minus_matched_random_od_oc,od_oc_proxy_minus_matched_random_od_oc,patient,label_quality,gon_label=GON- | quality_group=medium,55,15,0.2727272727272727,-0.12415969842957272,-0.09035365469753737,0.37027907357052225,-0.21793863703310937,-0.03028853401839804,not_supported,EfficientNetB0,sigma4_dil14,gaussian_noise,4.0,14,GON-,medium
perturbation_sensitivity,od_oc_proxy_minus_matched_random_od_oc,od_oc_proxy_minus_matched_random_od_oc,patient,label_quality,gon_label=GON+ | quality_group=high,91,74,0.8131868131868132,0.24732141487585677,0.22182810306549072,0.360681484345217,0.1696584971967796,0.31973324958875665,supported,EfficientNetB0,sigma4_dil14,mean_fill,4.0,14,GON+,high
perturbation_sensitivity,od_oc_proxy_minus_matched_random_od_oc,od_oc_proxy_minus_matched_random_od_oc,patient,label_quality,gon_label=GON+ | quality_group=low,116,65,0.5603448275862069,0.11099126616536616,0.03516625473275779,0.3631770004640004,0.046132741141365834,0.17625232459642484,supported,EfficientNetB0,sigma4_dil14,mean_fill,4.0,14,GON+,low
perturbation_sensitivity,od_oc_proxy_minus_matched_random_od_oc,od_oc_proxy_minus_matched_random_od_oc,patient,label_quality,gon_label=GON+ | quality_group=medium,105,65,0.6190476190476191,0.1130271738929466,0.11087369546294212,0.3714116661918544,0.040517712566373355,0.18292059429819688,supported,EfficientNetB0,sigma4_dil14,mean_fill,4.0,14,GON+,medium
perturbation_sensitivity,od_oc_proxy_minus_matched_random_od_oc,od_oc_proxy_minus_matched_random_od_oc,patient,label_quality,gon_label=GON- | quality_group=high,48,30,0.625,0.08408648985763516,0.0320860522333533,0.34238227763847157,-0.007883423272726807,0.1823474680871262,directional_only,EfficientNetB0,sigma4_dil14,mean_fill,4.0,14,GON-,high
perturbation_sensitivity,od_oc_proxy_minus_matched_random_od_oc,od_oc_proxy_minus_matched_random_od_oc,patient,label_quality,gon_label=GON- | quality_group=low,43,23,0.5348837209302325,0.061547245937638995,0.0070937414420769,0.30578980958567353,-0.02881795753773087,0.1511993247880951,directional_only,EfficientNetB0,sigma4_dil14,mean_fill,4.0,14,GON-,low
perturbation_sensitivity,od_oc_proxy_minus_matched_random_od_oc,od_oc_proxy_minus_matched_random_od_oc,patient,label_quality,gon_label=GON- | quality_group=medium,55,23,0.41818181818181815,-0.006859477600793721,-0.00895554479211565,0.29730190331677353,-0.0824489198712649,0.07127140571866121,not_supported,EfficientNetB0,sigma4_dil14,mean_fill,4.0,14,GON-,medium
perturbation_sensitivity,od_oc_proxy_minus_matched_random_od_oc,od_oc_proxy_minus_matched_random_od_oc,patient,label_quality,gon_label=GON+ | quality_group=high,91,54,0.5934065934065934,0.1549930535493831,0.0361986461794004,0.36335838259165976,0.07985335016993876,0.22834684308098696,supported,EfficientNetB0,sigma4_dil7,blur,4.0,7,GON+,high
perturbation_sensitivity,od_oc_proxy_minus_matched_random_od_oc,od_oc_proxy_minus_matched_random_od_oc,patient,label_quality,gon_label=GON+ | quality_group=low,116,60,0.5172413793103449,0.05921840313711612,0.003111112668799876,0.32575278045859,0.0006727013641405317,0.11892349595708919,supported,EfficientNetB0,sigma4_dil7,blur,4.0,7,GON+,low
perturbation_sensitivity,od_oc_proxy_minus_matched_random_od_oc,od_oc_proxy_minus_matched_random_od_oc,patient,label_quality,gon_label=GON+ | quality_group=medium,105,48,0.45714285714285713,0.07594840478248936,-0.0016721207648516014,0.36173150033702417,0.008369767443737632,0.14409307400373572,supported,EfficientNetB0,sigma4_dil7,blur,4.0,7,GON+,medium
perturbation_sensitivity,od_oc_proxy_minus_matched_random_od_oc,od_oc_proxy_minus_matched_random_od_oc,patient,label_quality,gon_label=GON- | quality_group=high,48,16,0.3333333333333333,-0.002647723335541923,-0.012198898282981721,0.2573378322125898,-0.07091852380948264,0.06928121136164281,not_supported,EfficientNetB0,sigma4_dil7,blur,4.0,7,GON-,high
perturbation_sensitivity,od_oc_proxy_minus_matched_random_od_oc,od_oc_proxy_minus_matched_random_od_oc,patient,label_quality,gon_label=GON- | quality_group=low,43,10,0.23255813953488372,-0.09282739920227048,-0.040666822857019634,0.2189114428070905,-0.15789433057907865,-0.025210974457586268,not_supported,EfficientNetB0,sigma4_dil7,blur,4.0,7,GON-,low
perturbation_sensitivity,od_oc_proxy_minus_matched_random_od_oc,od_oc_proxy_minus_matched_random_od_oc,patient,label_quality,gon_label=GON- | quality_group=medium,55,17,0.3090909090909091,-0.11683152182341226,-0.0281322610098869,0.2887712973307631,-0.19002501294318797,-0.039729648003025114,not_supported,EfficientNetB0,sigma4_dil7,blur,4.0,7,GON-,medium
perturbation_sensitivity,od_oc_proxy_minus_matched_random_od_oc,od_oc_proxy_minus_matched_random_od_oc,patient,label_quality,gon_label=GON+ | quality_group=high,91,43,0.4725274725274725,0.007797791652918343,-0.006045121481292888,0.4066641516899309,-0.07992726749952851,0.09077378240486318,directional_only,EfficientNetB0,sigma4_dil7,gaussian_noise,4.0,7,GON+,high
perturbation_sensitivity,od_oc_proxy_minus_matched_random_od_oc,od_oc_proxy_minus_matched_random_od_oc,patient,label_quality,gon_label=GON+ | quality_group=low,116,56,0.4827586206896552,0.02570333713301445,-0.017113081992618927,0.4007767213001681,-0.04621099935121713,0.09843672483035552,directional_only,EfficientNetB0,sigma4_dil7,gaussian_noise,4.0,7,GON+,low
perturbation_sensitivity,od_oc_proxy_minus_matched_random_od_oc,od_oc_proxy_minus_matched_random_od_oc,patient,label_quality,gon_label=GON+ | quality_group=medium,105,43,0.4095238095238095,-0.03639863260360234,-0.046960886567831,0.42405952772001176,-0.1147634968878786,0.04159995045301094,not_supported,EfficientNetB0,sigma4_dil7,gaussian_noise,4.0,7,GON+,medium
perturbation_sensitivity,od_oc_proxy_minus_matched_random_od_oc,od_oc_proxy_minus_matched_random_od_oc,patient,label_quality,gon_label=GON- | quality_group=high,48,9,0.1875,-0.11807935085373757,-0.06796504557132721,0.2863516221309772,-0.1961556582761099,-0.03534956092453152,not_supported,EfficientNetB0,sigma4_dil7,gaussian_noise,4.0,7,GON-,high
perturbation_sensitivity,od_oc_proxy_minus_matched_random_od_oc,od_oc_proxy_minus_matched_random_od_oc,patient,label_quality,gon_label=GON- | quality_group=low,43,15,0.3488372093023256,-0.09163305991250316,-0.0526237487792969,0.3751926647530058,-0.19963703550212464,0.009966442787644457,not_supported,EfficientNetB0,sigma4_dil7,gaussian_noise,4.0,7,GON-,low
perturbation_sensitivity,od_oc_proxy_minus_matched_random_od_oc,od_oc_proxy_minus_matched_random_od_oc,patient,label_quality,gon_label=GON- | quality_group=medium,55,11,0.2,-0.17027332123235722,-0.08894558693282305,0.35419158106627385,-0.26056833501257043,-0.07078259306879334,not_supported,EfficientNetB0,sigma4_dil7,gaussian_noise,4.0,7,GON-,medium
perturbation_sensitivity,od_oc_proxy_minus_matched_random_od_oc,od_oc_proxy_minus_matched_random_od_oc,patient,label_quality,gon_label=GON+ | quality_group=high,91,80,0.8791208791208791,0.3269672808792765,0.32001734075518995,0.3360808885039714,0.25749254290191503,0.39874701075369395,supported,EfficientNetB0,sigma4_dil7,mean_fill,4.0,7,GON+,high
perturbation_sensitivity,od_oc_proxy_minus_matched_random_od_oc,od_oc_proxy_minus_matched_random_od_oc,patient,label_quality,gon_label=GON+ | quality_group=low,116,81,0.6982758620689655,0.1563717202257091,0.08695844919323764,0.3610386648261485,0.08981787898148474,0.22351654682254193,supported,EfficientNetB0,sigma4_dil7,mean_fill,4.0,7,GON+,low
perturbation_sensitivity,od_oc_proxy_minus_matched_random_od_oc,od_oc_proxy_minus_matched_random_od_oc,patient,label_quality,gon_label=GON+ | quality_group=medium,105,71,0.6761904761904762,0.18817576730560687,0.1249926052987575,0.3614798440806064,0.12078877692653345,0.25828029912081774,supported,EfficientNetB0,sigma4_dil7,mean_fill,4.0,7,GON+,medium
perturbation_sensitivity,od_oc_proxy_minus_matched_random_od_oc,od_oc_proxy_minus_matched_random_od_oc,patient,label_quality,gon_label=GON- | quality_group=high,48,27,0.5625,0.050881212458399654,0.020249261753633646,0.2984520416505252,-0.032082901833632105,0.13542546799441119,directional_only,EfficientNetB0,sigma4_dil7,mean_fill,4.0,7,GON-,high
perturbation_sensitivity,od_oc_proxy_minus_matched_random_od_oc,od_oc_proxy_minus_matched_random_od_oc,patient,label_quality,gon_label=GON- | quality_group=low,43,20,0.46511627906976744,0.035867116938260196,-0.0027778394287452,0.29429344621894027,-0.049802705166915304,0.12697325132532547,directional_only,EfficientNetB0,sigma4_dil7,mean_fill,4.0,7,GON-,low
perturbation_sensitivity,od_oc_proxy_minus_matched_random_od_oc,od_oc_proxy_minus_matched_random_od_oc,patient,label_quality,gon_label=GON- | quality_group=medium,55,27,0.4909090909090909,-0.02538012588469804,-2.589053565316135e-05,0.33599125593410273,-0.11871506713984407,0.0608436764023417,not_supported,EfficientNetB0,sigma4_dil7,mean_fill,4.0,7,GON-,medium
perturbation_sensitivity,od_oc_proxy_minus_matched_random_od_oc,od_oc_proxy_minus_matched_random_od_oc,patient,label_quality,gon_label=GON+ | quality_group=high,91,39,0.42857142857142855,-0.007925932061849668,-0.004213528853142601,0.3294327079693152,-0.07454648847179954,0.05733142001365745,not_supported,EfficientNetB0,sigma8_dil0,blur,8.0,0,GON+,high
perturbation_sensitivity,od_oc_proxy_minus_matched_random_od_oc,od_oc_proxy_minus_matched_random_od_oc,patient,label_quality,gon_label=GON+ | quality_group=low,116,61,0.5258620689655172,0.040891918786058995,0.00012266635894774922,0.35150990310387176,-0.02194586572239489,0.10717774220595357,directional_only,EfficientNetB0,sigma8_dil0,blur,8.0,0,GON+,low
perturbation_sensitivity,od_oc_proxy_minus_matched_random_od_oc,od_oc_proxy_minus_matched_random_od_oc,patient,label_quality,gon_label=GON+ | quality_group=medium,105,50,0.47619047619047616,-0.049362524110111154,-0.0009979652379245945,0.32905275945195295,-0.11216713482092043,0.016243338321454637,not_supported,EfficientNetB0,sigma8_dil0,blur,8.0,0,GON+,medium
perturbation_sensitivity,od_oc_proxy_minus_matched_random_od_oc,od_oc_proxy_minus_matched_random_od_oc,patient,label_quality,gon_label=GON- | quality_group=high,48,15,0.3125,-0.06434110911546166,-0.04392651541274971,0.29190347031032227,-0.14793619793231966,0.021406819894505633,not_supported,EfficientNetB0,sigma8_dil0,blur,8.0,0,GON-,high
perturbation_sensitivity,od_oc_proxy_minus_matched_random_od_oc,od_oc_proxy_minus_matched_random_od_oc,patient,label_quality,gon_label=GON- | quality_group=low,43,9,0.20930232558139536,-0.12302656540264542,-0.057014339050510905,0.20956148493698212,-0.18669451339926585,-0.06466203161054684,not_supported,EfficientNetB0,sigma8_dil0,blur,8.0,0,GON-,low
perturbation_sensitivity,od_oc_proxy_minus_matched_random_od_oc,od_oc_proxy_minus_matched_random_od_oc,patient,label_quality,gon_label=GON- | quality_group=medium,55,16,0.2909090909090909,-0.15205484059454719,-0.050724357366561945,0.2767461679243295,-0.22724614717973943,-0.08205048026141368,not_supported,EfficientNetB0,sigma8_dil0,blur,8.0,0,GON-,medium
perturbation_sensitivity,od_oc_proxy_minus_matched_random_od_oc,od_oc_proxy_minus_matched_random_od_oc,patient,label_quality,gon_label=GON+ | quality_group=high,91,39,0.42857142857142855,0.011022140930328167,-0.030799684109595594,0.37546024950610835,-0.06468919937096533,0.09012086505337527,directional_only,EfficientNetB0,sigma8_dil0,gaussian_noise,8.0,0,GON+,high
perturbation_sensitivity,od_oc_proxy_minus_matched_random_od_oc,od_oc_proxy_minus_matched_random_od_oc,patient,label_quality,gon_label=GON+ | quality_group=low,116,47,0.4051724137931034,0.0059243167654025675,-0.02308127585274635,0.38993759255110017,-0.06532913107356912,0.07527589923072245,directional_only,EfficientNetB0,sigma8_dil0,gaussian_noise,8.0,0,GON+,low
perturbation_sensitivity,od_oc_proxy_minus_matched_random_od_oc,od_oc_proxy_minus_matched_random_od_oc,patient,label_quality,gon_label=GON+ | quality_group=medium,105,39,0.37142857142857144,-0.08542932935059434,-0.0501112602651119,0.37885746604199017,-0.15582518435828244,-0.01385160543465989,not_supported,EfficientNetB0,sigma8_dil0,gaussian_noise,8.0,0,GON+,medium
perturbation_sensitivity,od_oc_proxy_minus_matched_random_od_oc,od_oc_proxy_minus_matched_random_od_oc,patient,label_quality,gon_label=GON- | quality_group=high,48,11,0.22916666666666666,-0.140745594539645,-0.06989306223113093,0.2350441044729827,-0.2080182156688331,-0.07749859633377358,not_supported,EfficientNetB0,sigma8_dil0,gaussian_noise,8.0,0,GON-,high
perturbation_sensitivity,od_oc_proxy_minus_matched_random_od_oc,od_oc_proxy_minus_matched_random_od_oc,patient,label_quality,gon_label=GON- | quality_group=low,43,13,0.3023255813953488,-0.08935252413865452,-0.0392205538228154,0.33928789453440494,-0.18400270832384036,0.011520035023285526,not_supported,EfficientNetB0,sigma8_dil0,gaussian_noise,8.0,0,GON-,low
perturbation_sensitivity,od_oc_proxy_minus_matched_random_od_oc,od_oc_proxy_minus_matched_random_od_oc,patient,label_quality,gon_label=GON- | quality_group=medium,55,12,0.21818181818181817,-0.15391426885738335,-0.06341449340106911,0.27029650658847154,-0.2279261482454819,-0.08630565339073283,not_supported,EfficientNetB0,sigma8_dil0,gaussian_noise,8.0,0,GON-,medium
perturbation_sensitivity,od_oc_proxy_minus_matched_random_od_oc,od_oc_proxy_minus_matched_random_od_oc,patient,label_quality,gon_label=GON+ | quality_group=high,91,65,0.7142857142857143,0.23401178685701138,0.14129651337862012,0.35031471302507333,0.15878786306542564,0.3080555792702587,supported,EfficientNetB0,sigma8_dil0,mean_fill,8.0,0,GON+,high
perturbation_sensitivity,od_oc_proxy_minus_matched_random_od_oc,od_oc_proxy_minus_matched_random_od_oc,patient,label_quality,gon_label=GON+ | quality_group=low,116,70,0.603448275862069,0.15379664120268366,0.008170750151416897,0.38805880807949455,0.08727540002323492,0.22538309411786775,supported,EfficientNetB0,sigma8_dil0,mean_fill,8.0,0,GON+,low
perturbation_sensitivity,od_oc_proxy_minus_matched_random_od_oc,od_oc_proxy_minus_matched_random_od_oc,patient,label_quality,gon_label=GON+ | quality_group=medium,105,60,0.5714285714285714,0.14177031258659073,0.054723595966061106,0.30874042796267054,0.08442998619185178,0.2039538348465741,supported,EfficientNetB0,sigma8_dil0,mean_fill,8.0,0,GON+,medium
perturbation_sensitivity,od_oc_proxy_minus_matched_random_od_oc,od_oc_proxy_minus_matched_random_od_oc,patient,label_quality,gon_label=GON- | quality_group=high,48,29,0.6041666666666666,0.04910282987933765,0.03921982366591695,0.27474608204797424,-0.03323193258216123,0.12254836113192348,directional_only,EfficientNetB0,sigma8_dil0,mean_fill,8.0,0,GON-,high
perturbation_sensitivity,od_oc_proxy_minus_matched_random_od_oc,od_oc_proxy_minus_matched_random_od_oc,patient,label_quality,gon_label=GON- | quality_group=low,43,22,0.5116279069767442,0.04790690684729719,1.1213582183700055e-05,0.28581816706318125,-0.033781587299792845,0.13374517361075425,directional_only,EfficientNetB0,sigma8_dil0,mean_fill,8.0,0,GON-,low
perturbation_sensitivity,od_oc_proxy_minus_matched_random_od_oc,od_oc_proxy_minus_matched_random_od_oc,patient,label_quality,gon_label=GON- | quality_group=medium,55,25,0.45454545454545453,0.04362386887752979,-3.530095557380264e-05,0.270903921028666,-0.02538398832946067,0.11518504873575654,directional_only,EfficientNetB0,sigma8_dil0,mean_fill,8.0,0,GON-,medium
perturbation_sensitivity,od_oc_proxy_minus_matched_random_od_oc,od_oc_proxy_minus_matched_random_od_oc,patient,label_quality,gon_label=GON+ | quality_group=high,91,44,0.4835164835164835,0.04294896576099055,-0.0062734039966016,0.42925515296677524,-0.044455257678809805,0.1280665553556968,directional_only,EfficientNetB0,sigma8_dil14,blur,8.0,14,GON+,high
perturbation_sensitivity,od_oc_proxy_minus_matched_random_od_oc,od_oc_proxy_minus_matched_random_od_oc,patient,label_quality,gon_label=GON+ | quality_group=low,116,58,0.5,0.035953126222579325,-0.001076278889797764,0.3496012020285418,-0.02726750346861568,0.0976441515382811,directional_only,EfficientNetB0,sigma8_dil14,blur,8.0,14,GON+,low
perturbation_sensitivity,od_oc_proxy_minus_matched_random_od_oc,od_oc_proxy_minus_matched_random_od_oc,patient,label_quality,gon_label=GON+ | quality_group=medium,105,40,0.38095238095238093,-0.02992006343286108,-0.0540515408065402,0.4460160531945841,-0.11774244776875271,0.052756482265575576,not_supported,EfficientNetB0,sigma8_dil14,blur,8.0,14,GON+,medium
perturbation_sensitivity,od_oc_proxy_minus_matched_random_od_oc,od_oc_proxy_minus_matched_random_od_oc,patient,label_quality,gon_label=GON- | quality_group=high,48,13,0.2708333333333333,-0.12773785763247814,-0.08639815170317885,0.3050030439517513,-0.2149176829931478,-0.041947905980084924,not_supported,EfficientNetB0,sigma8_dil14,blur,8.0,14,GON-,high
perturbation_sensitivity,od_oc_proxy_minus_matched_random_od_oc,od_oc_proxy_minus_matched_random_od_oc,patient,label_quality,gon_label=GON- | quality_group=low,43,12,0.27906976744186046,-0.17728224467582893,-0.14235316216136873,0.2837705628169738,-0.2610139649793904,-0.09732549794904738,not_supported,EfficientNetB0,sigma8_dil14,blur,8.0,14,GON-,low
perturbation_sensitivity,od_oc_proxy_minus_matched_random_od_oc,od_oc_proxy_minus_matched_random_od_oc,patient,label_quality,gon_label=GON- | quality_group=medium,55,9,0.16363636363636364,-0.2281182672161276,-0.17066796802487258,0.28097970489183055,-0.30279574430174383,-0.15608578065781684,not_supported,EfficientNetB0,sigma8_dil14,blur,8.0,14,GON-,medium
perturbation_sensitivity,od_oc_proxy_minus_matched_random_od_oc,od_oc_proxy_minus_matched_random_od_oc,patient,label_quality,gon_label=GON+ | quality_group=high,91,39,0.42857142857142855,-0.03049567087678482,-0.036380564173062624,0.4415661136438453,-0.1222277049727498,0.05910240461153617,not_supported,EfficientNetB0,sigma8_dil14,gaussian_noise,8.0,14,GON+,high
perturbation_sensitivity,od_oc_proxy_minus_matched_random_od_oc,od_oc_proxy_minus_matched_random_od_oc,patient,label_quality,gon_label=GON+ | quality_group=low,116,54,0.46551724137931033,0.0015036352055602215,-0.021079536993056508,0.33736468012903287,-0.056681494338322175,0.06237829777011516,directional_only,EfficientNetB0,sigma8_dil14,gaussian_noise,8.0,14,GON+,low
perturbation_sensitivity,od_oc_proxy_minus_matched_random_od_oc,od_oc_proxy_minus_matched_random_od_oc,patient,label_quality,gon_label=GON+ | quality_group=medium,105,41,0.3904761904761905,-0.0838463278310741,-0.03497907873243089,0.4044858040645699,-0.15972301901720537,-0.009354947720212302,not_supported,EfficientNetB0,sigma8_dil14,gaussian_noise,8.0,14,GON+,medium
perturbation_sensitivity,od_oc_proxy_minus_matched_random_od_oc,od_oc_proxy_minus_matched_random_od_oc,patient,label_quality,gon_label=GON- | quality_group=high,48,11,0.22916666666666666,-0.11689684856239407,-0.11257479237918129,0.3407858686188611,-0.21269091405842808,-0.023730868083366885,not_supported,EfficientNetB0,sigma8_dil14,gaussian_noise,8.0,14,GON-,high
perturbation_sensitivity,od_oc_proxy_minus_matched_random_od_oc,od_oc_proxy_minus_matched_random_od_oc,patient,label_quality,gon_label=GON- | quality_group=low,43,14,0.32558139534883723,-0.1136600204431283,-0.0909290853887796,0.36746283367155375,-0.2210773351162845,-0.0011777091582003832,not_supported,EfficientNetB0,sigma8_dil14,gaussian_noise,8.0,14,GON-,low
perturbation_sensitivity,od_oc_proxy_minus_matched_random_od_oc,od_oc_proxy_minus_matched_random_od_oc,patient,label_quality,gon_label=GON- | quality_group=medium,55,16,0.2909090909090909,-0.15930309705549714,-0.07993617590798983,0.3474081296195389,-0.25402465869174634,-0.0683876591363967,not_supported,EfficientNetB0,sigma8_dil14,gaussian_noise,8.0,14,GON-,medium
perturbation_sensitivity,od_oc_proxy_minus_matched_random_od_oc,od_oc_proxy_minus_matched_random_od_oc,patient,label_quality,gon_label=GON+ | quality_group=high,91,77,0.8461538461538461,0.27175520105798495,0.2165512723792559,0.3158197227540216,0.2052080355196112,0.3343547916969881,supported,EfficientNetB0,sigma8_dil14,mean_fill,8.0,14,GON+,high
perturbation_sensitivity,od_oc_proxy_minus_matched_random_od_oc,od_oc_proxy_minus_matched_random_od_oc,patient,label_quality,gon_label=GON+ | quality_group=low,116,66,0.5689655172413793,0.08672797355793564,0.036553650813630184,0.33367937193617436,0.0248499272372479,0.14489531561058716,supported,EfficientNetB0,sigma8_dil14,mean_fill,8.0,14,GON+,low
perturbation_sensitivity,od_oc_proxy_minus_matched_random_od_oc,od_oc_proxy_minus_matched_random_od_oc,patient,label_quality,gon_label=GON+ | quality_group=medium,105,62,0.5904761904761905,0.12465461035893453,0.05085354670882229,0.3466680156500981,0.05969950346638274,0.19335060262267678,supported,EfficientNetB0,sigma8_dil14,mean_fill,8.0,14,GON+,medium
perturbation_sensitivity,od_oc_proxy_minus_matched_random_od_oc,od_oc_proxy_minus_matched_random_od_oc,patient,label_quality,gon_label=GON- | quality_group=high,48,26,0.5416666666666666,0.030862186413167788,0.03630310920561897,0.2882770762883393,-0.049827008803999685,0.11623964284886545,directional_only,EfficientNetB0,sigma8_dil14,mean_fill,8.0,14,GON-,high
perturbation_sensitivity,od_oc_proxy_minus_matched_random_od_oc,od_oc_proxy_minus_matched_random_od_oc,patient,label_quality,gon_label=GON- | quality_group=low,43,22,0.5116279069767442,0.04845162010501236,0.0012649996206165002,0.31086005975633396,-0.04085341668004158,0.13956020173696573,directional_only,EfficientNetB0,sigma8_dil14,mean_fill,8.0,14,GON-,low
perturbation_sensitivity,od_oc_proxy_minus_matched_random_od_oc,od_oc_proxy_minus_matched_random_od_oc,patient,label_quality,gon_label=GON- | quality_group=medium,55,32,0.5818181818181818,0.007327934905344705,0.0157430842518807,0.2890639401202093,-0.06610878554249847,0.08310361458081024,directional_only,EfficientNetB0,sigma8_dil14,mean_fill,8.0,14,GON-,medium
perturbation_sensitivity,od_oc_proxy_minus_matched_random_od_oc,od_oc_proxy_minus_matched_random_od_oc,patient,label_quality,gon_label=GON+ | quality_group=high,91,43,0.4725274725274725,0.017584727617931575,-0.002656128506714567,0.4161048860607659,-0.07131375894921527,0.10424505410603262,directional_only,EfficientNetB0,sigma8_dil7,blur,8.0,7,GON+,high
perturbation_sensitivity,od_oc_proxy_minus_matched_random_od_oc,od_oc_proxy_minus_matched_random_od_oc,patient,label_quality,gon_label=GON+ | quality_group=low,116,55,0.47413793103448276,0.017315678601546185,-0.002761831771749657,0.36258665065194684,-0.050082683646652026,0.08318329550801958,directional_only,EfficientNetB0,sigma8_dil7,blur,8.0,7,GON+,low
perturbation_sensitivity,od_oc_proxy_minus_matched_random_od_oc,od_oc_proxy_minus_matched_random_od_oc,patient,label_quality,gon_label=GON+ | quality_group=medium,105,46,0.4380952380952381,-0.03220665974355203,-0.028854353200150496,0.3791498133107955,-0.10637142331504582,0.04006373241822491,not_supported,EfficientNetB0,sigma8_dil7,blur,8.0,7,GON+,medium
perturbation_sensitivity,od_oc_proxy_minus_matched_random_od_oc,od_oc_proxy_minus_matched_random_od_oc,patient,label_quality,gon_label=GON- | quality_group=high,48,13,0.2708333333333333,-0.11782554022183295,-0.058315912689408736,0.3131472460957235,-0.20921105819867306,-0.0346258205118538,not_supported,EfficientNetB0,sigma8_dil7,blur,8.0,7,GON-,high
perturbation_sensitivity,od_oc_proxy_minus_matched_random_od_oc,od_oc_proxy_minus_matched_random_od_oc,patient,label_quality,gon_label=GON- | quality_group=low,43,9,0.20930232558139536,-0.1430752189599668,-0.0705897212028503,0.2195545765514025,-0.20674375530354194,-0.07635547864357208,not_supported,EfficientNetB0,sigma8_dil7,blur,8.0,7,GON-,low
perturbation_sensitivity,od_oc_proxy_minus_matched_random_od_oc,od_oc_proxy_minus_matched_random_od_oc,patient,label_quality,gon_label=GON- | quality_group=medium,55,11,0.2,-0.18766439714972227,-0.0862555792555212,0.2906514017738859,-0.2622484162025236,-0.11242769739811177,not_supported,EfficientNetB0,sigma8_dil7,blur,8.0,7,GON-,medium
perturbation_sensitivity,od_oc_proxy_minus_matched_random_od_oc,od_oc_proxy_minus_matched_random_od_oc,patient,label_quality,gon_label=GON+ | quality_group=high,91,41,0.45054945054945056,-0.005692157834719906,-0.0331481695175171,0.3902129874585513,-0.08995978972753303,0.07623280391093322,not_supported,EfficientNetB0,sigma8_dil7,gaussian_noise,8.0,7,GON+,high
perturbation_sensitivity,od_oc_proxy_minus_matched_random_od_oc,od_oc_proxy_minus_matched_random_od_oc,patient,label_quality,gon_label=GON+ | quality_group=low,116,58,0.5,0.007071989619736626,-0.0012225508689880371,0.3987880071363163,-0.06495357026617468,0.07742698411247645,directional_only,EfficientNetB0,sigma8_dil7,gaussian_noise,8.0,7,GON+,low
perturbation_sensitivity,od_oc_proxy_minus_matched_random_od_oc,od_oc_proxy_minus_matched_random_od_oc,patient,label_quality,gon_label=GON+ | quality_group=medium,105,39,0.37142857142857144,-0.07129021602580961,-0.07767858728766439,0.41242076054233734,-0.14811897889856168,0.006032659925569189,not_supported,EfficientNetB0,sigma8_dil7,gaussian_noise,8.0,7,GON+,medium
perturbation_sensitivity,od_oc_proxy_minus_matched_random_od_oc,od_oc_proxy_minus_matched_random_od_oc,patient,label_quality,gon_label=GON- | quality_group=high,48,11,0.22916666666666666,-0.09999593763575454,-0.10529563692398367,0.2627516851302462,-0.17720213739310095,-0.029188159107520897,not_supported,EfficientNetB0,sigma8_dil7,gaussian_noise,8.0,7,GON-,high
perturbation_sensitivity,od_oc_proxy_minus_matched_random_od_oc,od_oc_proxy_minus_matched_random_od_oc,patient,label_quality,gon_label=GON- | quality_group=low,43,15,0.3488372093023256,-0.147652941378864,-0.10293386240664401,0.3867767410306787,-0.2651626182400952,-0.042781448046749326,not_supported,EfficientNetB0,sigma8_dil7,gaussian_noise,8.0,7,GON-,low
perturbation_sensitivity,od_oc_proxy_minus_matched_random_od_oc,od_oc_proxy_minus_matched_random_od_oc,patient,label_quality,gon_label=GON- | quality_group=medium,55,17,0.3090909090909091,-0.1484624568483723,-0.0391281195916235,0.32147785965171344,-0.23521612273596632,-0.07060190152374819,not_supported,EfficientNetB0,sigma8_dil7,gaussian_noise,8.0,7,GON-,medium
perturbation_sensitivity,od_oc_proxy_minus_matched_random_od_oc,od_oc_proxy_minus_matched_random_od_oc,patient,label_quality,gon_label=GON+ | quality_group=high,91,79,0.8681318681318682,0.3091709425448875,0.23352291539777073,0.33953004449031576,0.23737242154800506,0.3772532275903905,supported,EfficientNetB0,sigma8_dil7,mean_fill,8.0,7,GON+,high
perturbation_sensitivity,od_oc_proxy_minus_matched_random_od_oc,od_oc_proxy_minus_matched_random_od_oc,patient,label_quality,gon_label=GON+ | quality_group=low,116,78,0.6724137931034483,0.1277479388957662,0.07721839286386968,0.342018695869486,0.06727086921015496,0.18874402012981994,supported,EfficientNetB0,sigma8_dil7,mean_fill,8.0,7,GON+,low
perturbation_sensitivity,od_oc_proxy_minus_matched_random_od_oc,od_oc_proxy_minus_matched_random_od_oc,patient,label_quality,gon_label=GON+ | quality_group=medium,105,73,0.6952380952380952,0.18967412591086874,0.09026336483657363,0.3629742245550641,0.12191877272895885,0.26197775177403465,supported,EfficientNetB0,sigma8_dil7,mean_fill,8.0,7,GON+,medium
perturbation_sensitivity,od_oc_proxy_minus_matched_random_od_oc,od_oc_proxy_minus_matched_random_od_oc,patient,label_quality,gon_label=GON- | quality_group=high,48,27,0.5625,0.006218117415297521,0.0064810598414624465,0.32223760668027684,-0.08807619073136139,0.09397150478140041,directional_only,EfficientNetB0,sigma8_dil7,mean_fill,8.0,7,GON-,high
perturbation_sensitivity,od_oc_proxy_minus_matched_random_od_oc,od_oc_proxy_minus_matched_random_od_oc,patient,label_quality,gon_label=GON- | quality_group=low,43,25,0.5813953488372093,0.07232093374936582,0.011980772018432603,0.36261314475841966,-0.03724392246387894,0.1756410654881483,directional_only,EfficientNetB0,sigma8_dil7,mean_fill,8.0,7,GON-,low
perturbation_sensitivity,od_oc_proxy_minus_matched_random_od_oc,od_oc_proxy_minus_matched_random_od_oc,patient,label_quality,gon_label=GON- | quality_group=medium,55,29,0.5272727272727272,0.055958922727111504,0.0010169198115666522,0.2964864404883971,-0.021253629832225236,0.13540447558073263,directional_only,EfficientNetB0,sigma8_dil7,mean_fill,8.0,7,GON-,medium
